[{"__type__":"cc.Prefab","_name":"win_mc","data":{"__id__":1}},{"__type__":"cc.Node","_name":"win_mc","_children":[{"__id__":2},{"__id__":3},{"__id__":7},{"__id__":8},{"__id__":9}],"_prefab":{"__type__":"cc.PrefabInfo","root":{"__id__":1}},"_trs":{"__type__":"TypedArray","ctor":"Float64Array","array":[643,486.69,0,0,0,0,1,1,1,1]}},{"__type__":"cc.Node","_name":"win","_parent":{"__id__":1},"_components":[{"__type__":"e97baXNkTtEN5txJxjMsMQL","node":{"__id__":2},"_materials":[{"__uuid__":"ecpdLyjvZBwrvm+cedCcQy"}],"_spriteFrame":{"__uuid__":"c1kxMrdMxMtZuhjfkoG4OY"}}],"_prefab":{"__type__":"cc.PrefabInfo","root":{"__id__":1},"fileId":"81zM730v5NyLdn9/9XMsyn"},"_contentSize":{"__type__":"cc.Size","width":508,"height":231},"_trs":{"__type__":"TypedArray","ctor":"Float64Array","array":[-11.094,-59.633,0,0,0,0,1,1,1,1]}},{"__type__":"cc.Node","_name":"xxbj","_parent":{"__id__":1},"_children":[{"__id__":4},{"__id__":5},{"__id__":6}],"_prefab":{"__type__":"cc.PrefabInfo","root":{"__id__":1},"fileId":"20Y7YCZ5pCFrybg5NSEjv5"},"_trs":{"__type__":"TypedArray","ctor":"Float64Array","array":[0,0,0,0,0,0,1,1,1,1]}},{"__type__":"cc.Node","_name":"xingxing","_parent":{"__id__":3},"_components":[{"__type__":"e97baXNkTtEN5txJxjMsMQL","node":{"__id__":4},"_materials":[{"__uuid__":"ecpdLyjvZBwrvm+cedCcQy"}],"_spriteFrame":{"__uuid__":"8cExtBFT5FZaNmkMmekPqU"}}],"_prefab":{"__type__":"cc.PrefabInfo","root":{"__id__":1},"fileId":"a5whVp0WtH7aZaRHKkAxPQ"},"_color":{"__type__":"cc.Color"},"_contentSize":{"__type__":"cc.Size","width":60,"height":60},"_trs":{"__type__":"TypedArray","ctor":"Float64Array","array":[-158.343,72.609,0,0,0,0,1,1,1,1]}},{"__type__":"cc.Node","_name":"xingxing","_parent":{"__id__":3},"_components":[{"__type__":"e97baXNkTtEN5txJxjMsMQL","node":{"__id__":5},"_materials":[{"__uuid__":"ecpdLyjvZBwrvm+cedCcQy"}],"_spriteFrame":{"__uuid__":"8cExtBFT5FZaNmkMmekPqU"}}],"_prefab":{"__type__":"cc.PrefabInfo","root":{"__id__":1},"fileId":"4fI7jwZKhDyrrR3UeTFbLY"},"_color":{"__type__":"cc.Color"},"_contentSize":{"__type__":"cc.Size","width":60,"height":60},"_trs":{"__type__":"TypedArray","ctor":"Float64Array","array":[-11.094,92.916,0,0,0,0,1,1,1,1]}},{"__type__":"cc.Node","_name":"xingxing","_parent":{"__id__":3},"_components":[{"__type__":"e97baXNkTtEN5txJxjMsMQL","node":{"__id__":6},"_materials":[{"__uuid__":"ecpdLyjvZBwrvm+cedCcQy"}],"_spriteFrame":{"__uuid__":"8cExtBFT5FZaNmkMmekPqU"}}],"_prefab":{"__type__":"cc.PrefabInfo","root":{"__id__":1},"fileId":"f4vZfpN9FCG54iV/Gp0A7l"},"_color":{"__type__":"cc.Color"},"_contentSize":{"__type__":"cc.Size","width":60,"height":60},"_trs":{"__type__":"TypedArray","ctor":"Float64Array","array":[129.717,74.392,0,0,0,0,1,1,1,1]}},{"__type__":"cc.Node","_name":"xx1","_parent":{"__id__":1},"_components":[{"__type__":"e97baXNkTtEN5txJxjMsMQL","node":{"__id__":7},"_materials":[{"__uuid__":"ecpdLyjvZBwrvm+cedCcQy"}],"_spriteFrame":{"__uuid__":"8cExtBFT5FZaNmkMmekPqU"}}],"_prefab":{"__type__":"cc.PrefabInfo","root":{"__id__":1},"fileId":"0fGUe4IiZHvbfUiMkRJ/q/"},"_contentSize":{"__type__":"cc.Size","width":60,"height":60},"_trs":{"__type__":"TypedArray","ctor":"Float64Array","array":[-158.343,72.609,0,0,0,0,1,1,1,1]}},{"__type__":"cc.Node","_name":"xx2","_parent":{"__id__":1},"_components":[{"__type__":"e97baXNkTtEN5txJxjMsMQL","node":{"__id__":8},"_materials":[{"__uuid__":"ecpdLyjvZBwrvm+cedCcQy"}],"_spriteFrame":{"__uuid__":"8cExtBFT5FZaNmkMmekPqU"}}],"_prefab":{"__type__":"cc.PrefabInfo","root":{"__id__":1},"fileId":"d2LLPH40pLgqHP4zW5lVNN"},"_opacity":0,"_contentSize":{"__type__":"cc.Size","width":60,"height":60},"_trs":{"__type__":"TypedArray","ctor":"Float64Array","array":[-11.094,92.916,0,0,0,0,1,1,1,1]}},{"__type__":"cc.Node","_name":"xx3","_parent":{"__id__":1},"_components":[{"__type__":"e97baXNkTtEN5txJxjMsMQL","node":{"__id__":9},"_materials":[{"__uuid__":"ecpdLyjvZBwrvm+cedCcQy"}],"_spriteFrame":{"__uuid__":"8cExtBFT5FZaNmkMmekPqU"}}],"_prefab":{"__type__":"cc.PrefabInfo","root":{"__id__":1},"fileId":"8cs0xDNZBN8qqtgAmAvpyq"},"_opacity":0,"_contentSize":{"__type__":"cc.Size","width":60,"height":60},"_trs":{"__type__":"TypedArray","ctor":"Float64Array","array":[129.717,74.392,0,0,0,0,1,1,1,1]}}]