[{"__type__":"cc.Prefab","_name":"tiaotx","data":{"__id__":1}},{"__type__":"cc.Node","_name":"tiaotx","_children":[{"__id__":2}],"_prefab":{"__type__":"cc.PrefabInfo","root":{"__id__":1},"fileId":"fasK8slklB+oaZesCnqbMR"},"_trs":{"__type__":"TypedArray","ctor":"Float64Array","array":[0,0,0,0,0,0,1,1,1,1]}},{"__type__":"cc.Node","_name":"dh","_parent":{"__id__":1},"_components":[{"__type__":"e97baXNkTtEN5txJxjMsMQL","node":{"__id__":2},"_materials":[{"__uuid__":"ecpdLyjvZBwrvm+cedCcQy"}],"_spriteFrame":{"__uuid__":"da2/2aeeNMTJTeZ2ro82WT"}},{"__type__":"cc.Animation","node":{"__id__":2},"_defaultClip":{"__uuid__":"bfIJZW8JlI/J2BT94+fUh/"},"_clips":[{"__uuid__":"bfIJZW8JlI/J2BT94+fUh/"}],"playOnLoad":true}],"_prefab":{"__type__":"cc.PrefabInfo","root":{"__id__":1},"fileId":"c3trroHWpJWKz4VDm/4bi5"},"_contentSize":{"__type__":"cc.Size","width":40,"height":47},"_trs":{"__type__":"TypedArray","ctor":"Float64Array","array":[1,46.826,0,0,0,0,1,2,2,1]}}]