[{"__type__":"cc.Prefab","_name":"hp","data":{"__id__":1}},{"__type__":"cc.Node","_name":"hp","_children":[{"__id__":2},{"__id__":3},{"__id__":4},{"__id__":5}],"_prefab":{"__type__":"cc.PrefabInfo","root":{"__id__":1}},"_opacity":0,"_trs":{"__type__":"TypedArray","ctor":"Float64Array","array":[0,215.41,0,0,0,0,1,1,1,1]}},{"__type__":"cc.Node","_name":"xutiao3","_parent":{"__id__":1},"_components":[{"__type__":"e97baXNkTtEN5txJxjMsMQL","node":{"__id__":2},"_materials":[{"__uuid__":"ecpdLyjvZBwrvm+cedCcQy"}],"_spriteFrame":{"__uuid__":"4980w77DBFQpKLCL6qLygN"},"_sizeMode":0}],"_prefab":{"__type__":"cc.PrefabInfo","root":{"__id__":1},"fileId":"92PE8f2OxM5rZv5NibcVas"},"_contentSize":{"__type__":"cc.Size","width":80,"height":12},"_trs":{"__type__":"TypedArray","ctor":"Float64Array","array":[0,0,0,0,0,0,1,1.05,1.3999999999999997,1]}},{"__type__":"cc.Node","_name":"xutiao2","_parent":{"__id__":1},"_components":[{"__type__":"e97baXNkTtEN5txJxjMsMQL","node":{"__id__":3},"_materials":[{"__uuid__":"ecpdLyjvZBwrvm+cedCcQy"}],"_spriteFrame":{"__uuid__":"2bvuqUvDlIlapd1FcCe2YR"},"_sizeMode":0}],"_prefab":{"__type__":"cc.PrefabInfo","root":{"__id__":1},"fileId":"a1VljI9fJHwqPUaV3uiUqG"},"_contentSize":{"__type__":"cc.Size","width":80,"height":12},"_anchorPoint":{"__type__":"cc.Vec2","y":0.5},"_trs":{"__type__":"TypedArray","ctor":"Float64Array","array":[-40.061,0,0,0,0,0,1,1,1,1]}},{"__type__":"cc.Node","_name":"xutiao1","_parent":{"__id__":1},"_components":[{"__type__":"e97baXNkTtEN5txJxjMsMQL","node":{"__id__":4},"_materials":[{"__uuid__":"ecpdLyjvZBwrvm+cedCcQy"}],"_spriteFrame":{"__uuid__":"bak59ETIVDkZEeIMDohMdJ"},"_sizeMode":0}],"_prefab":{"__type__":"cc.PrefabInfo","root":{"__id__":1},"fileId":"c4kcoq9ApGxKM/6TWPaCuG"},"_contentSize":{"__type__":"cc.Size","width":80,"height":12},"_anchorPoint":{"__type__":"cc.Vec2","x":-1.6263032587282567e-19,"y":0.5},"_trs":{"__type__":"TypedArray","ctor":"Float64Array","array":[-40.061,0,0,0,0,0,1,1,1,1]}},{"__type__":"cc.Node","_name":"boss","_parent":{"__id__":1},"_components":[{"__type__":"e97baXNkTtEN5txJxjMsMQL","node":{"__id__":5},"_materials":[{"__uuid__":"ecpdLyjvZBwrvm+cedCcQy"}],"_spriteFrame":{"__uuid__":"52OBwaVlBNn4/j87QQbryl"}}],"_prefab":{"__type__":"cc.PrefabInfo","root":{"__id__":1},"fileId":"06N927CS1F458XE7TtTHye"},"_contentSize":{"__type__":"cc.Size","width":32,"height":35},"_trs":{"__type__":"TypedArray","ctor":"Float64Array","array":[-60.295,0.116,0,0,0,0,1,0.8,0.8,0.735]}}]