[{"__type__":"cc.Prefab","_name":"fk5","data":{"__id__":1}},{"__type__":"cc.Node","_name":"fk5","_children":[{"__id__":2}],"_prefab":{"__type__":"cc.PrefabInfo","root":{"__id__":1}},"_trs":{"__type__":"TypedArray","ctor":"Float64Array","array":[0,0,0,0,0,0,1,1,1,1]}},{"__type__":"cc.Node","_name":"cao1","_parent":{"__id__":1},"_components":[{"__type__":"e97baXNkTtEN5txJxjMsMQL","node":{"__id__":2},"_materials":[{"__uuid__":"ecpdLyjvZBwrvm+cedCcQy"}],"_spriteFrame":{"__uuid__":"43Zgj68klFHYBoVsf8ufFC"}}],"_prefab":{"__type__":"cc.PrefabInfo","root":{"__id__":1},"fileId":"971MMEIqtMxpia8lM42JN+"},"_contentSize":{"__type__":"cc.Size","width":51,"height":111},"_trs":{"__type__":"TypedArray","ctor":"Float64Array","array":[1.694,27.542,0,0,0,0,1,1,1,1]}}]