[{"__type__":"cc.Prefab","_name":"qigongbo","data":{"__id__":1}},{"__type__":"cc.Node","_name":"qigongbo","_components":[{"__type__":"e97baXNkTtEN5txJxjMsMQL","node":{"__id__":1},"_materials":[{"__uuid__":"ecpdLyjvZBwrvm+cedCcQy"}],"_srcBlendFactor":1,"_spriteFrame":{"__uuid__":"68EPSqBPBC9oYkJowV629/"}},{"__type__":"cc.BoxCollider","node":{"__id__":1},"tag":1,"_offset":{"__type__":"cc.Vec2","x":32},"_size":{"__type__":"cc.Size","width":112,"height":48.80000000000003}}],"_prefab":{"__type__":"cc.PrefabInfo","root":{"__id__":1}},"_contentSize":{"__type__":"cc.Size","width":175,"height":111},"_trs":{"__type__":"TypedArray","ctor":"Float64Array","array":[455.819,865.393,0,0,0,0,1,1,1,1]},"_groupIndex":6,"groupIndex":6}]