[1,["ecpdLyjvZBwrvm+cedCcQy","1a6ce1326","165c85a4a","day3+gwMlDvImsjb221+3y","c4f3t6GrdNYbP/sNXNR403","83gSvYgQtAgYATUWkl4reF","bcgH4ksYNPg7N/FW8hWITd","6eHhsROMtO4aYG/Nf7st89","dfC/hG+2hDnapm+FNHtNXv","d8OgvV/vJBMJ0nsaTmDsfl","aaWdBHVdZE4723xq+SxbtL","a2MjXRFdtLlYQ5ouAFv/+R","d9XBdwv6VGzYyWIwpMpFhs","89gz6MmOpMs6s0X1GA//cd","22HbuQT9BBF5Q1/YDkjx5Y","d5AUlBUdRD+KlWBWepTAie","39Mm9MU4lNDY1ho48ww7qC","d7TDrnDxFHxrrXtB8pKfqV","eam9XVpGVDzpN6/7vBPoAc","13izL3xiNJSZhVUfbE7toW"],["node","_spriteFrame","_textureSetter","root","data","_parent"],["cc.SpriteFrame",["cc.Node",["_name","_groupIndex","_active","_components","_prefab","_contentSize","_parent","_trs","_children"],0,9,4,5,1,7,2],["cc.Widget",["_alignFlags","_right","_left","_originalWidth","_originalHeight","_top","node"],-3,1],["cc.PrefabInfo",["fileId","root"],2,1],["cc.Sprite",["_sizeMode","node","_materials","_spriteFrame"],2,1,3,6],["cc.Prefab",["_name"],2],["cc.BlockInputEvents",["node"],3,1],["a91fbQ2nQlOFooCr1rw5B2z",["node","settingSprite"],3,1,3],["cc.Button",["_N$transition","node"],2,1]],[[3,0,1,2],[4,1,2,3,1],[4,0,1,2,3,2],[1,0,6,3,4,5,7,2],[8,0,1,2],[1,0,1,6,3,4,5,3],[1,0,1,6,3,4,5,7,3],[2,0,3,4,6,4],[1,0,6,8,3,4,5,2],[2,0,6,2],[6,0,1],[5,0,2],[1,0,1,8,3,4,5,7,3],[1,0,2,6,8,3,4,5,3],[1,0,3,4,5,7,2],[1,0,6,3,4,5,2],[2,0,2,1,6,4],[2,0,1,5,6,4],[7,0,1,1],[3,1,1]],[[[{"name":"settingbg4","rect":[1364,637,80,80],"offset":[0,0],"originalSize":[80,80],"capInsets":[0,0,0,0]}],[0],0,[0],[2],[1]],[[{"name":"settingtitle1","rect":[1133,1991,265,52],"offset":[0.5,-2],"originalSize":[300,90],"capInsets":[0,0,0,0]}],[0],0,[0],[2],[2]],[[[11,"node_setting"],[12,"node_Setting",1,[-5,-6,-7,-8,-9,-10,-11,-12],[[16,45,-180,-180,-2],[10,-3],[18,-4,[30,31,32,33]]],[19,-1],[5,1000,1136],[320,568,0,0,0,0,1,1,1,1]],[8,"node_bg",1,[-15,-16,-17,-18,-19,-20],[[2,0,-13,[12],13],[7,45,100,100,-14]],[0,"828W6te4NDaIr4QzHiDOUr",1],[5,1000,1136]],[13,"node_help",false,1,[-23],[[9,45,-21],[10,-22]],[0,"25pG8ROgZK3LiT31Cmf0Jh",1],[5,1000,1136]],[14,"close",[[1,-24,[26],27],[17,33,-30,-30,-25],[4,1,-26]],[0,"eejpUf5ItO5IecfsCn5N5W",1],[5,60,60],[275,390,0,0,0,0,1,1,1,1]],[15,"mapbg",2,[[2,0,-27,[0],1],[7,45,128,128,-28]],[0,"4fpVxk+01H6LTEE7TwuCIx",1],[5,1000,1136]],[3,"sky",2,[[1,-29,[2],3],[9,1,-30]],[0,"4aAS72o9lB0IhxGRp5IvHs",1],[5,800,700],[0,218,0,0,0,0,1,1,1,1]],[5,"maskbg",1,1,[[2,0,-31,[14],15],[7,45,128,128,-32]],[0,"066PcFskNAy7FEQyXbbQAO",1],[5,1000,1136]],[6,"node_audio",1,1,[[2,2,-33,[20],21],[4,1,-34]],[0,"d0w4TbFN1C2LO3/eHf9BS0",1],[5,80,80],[-160,0,0,0,0,0,1,1,1,1]],[5,"node_shock",1,1,[[2,2,-35,[22],23],[4,1,-36]],[0,"ef6L8shMlLb5JzHGaH/IC+",1],[5,80,80]],[6,"node_play",1,1,[[2,2,-37,[24],25],[4,1,-38]],[0,"08jqIbZXRAy56/V4KKmyFD",1],[5,80,80],[160,0,0,0,0,0,1,1,1,1]],[8,"panel",3,[4],[[1,-39,[28],29]],[0,"23KSvLS5NFCKC6rDZ49FQH",1],[5,550,780]],[3,"cloud2",2,[[1,-40,[4],5]],[0,"3b7gv2ImJAJr7Rz8FMEvvv",1],[5,800,240],[0,439.585,0,0,0,0,1,1.2,1.2,1]],[3,"cloud1",2,[[1,-41,[6],7]],[0,"0efFrkis1FLKWLFYRXE8d9",1],[5,800,240],[-51.817,451.534,0,0,0,0,1,1.2,1.2,1]],[3,"sea",2,[[1,-42,[8],9]],[0,"5cdTMCPCpP1LNky9PoUhbo",1],[5,800,300],[107.49,105.757,0,0,0,0,1,1.5,1.5,1]],[3,"island",2,[[1,-43,[10],11]],[0,"7dvBIMdLhAmprwWXe+ARMC",1],[5,800,300],[157.529,397.526,0,0,0,0,1,1.5,1.5,1]],[5,"settingbg1",1,1,[[1,-44,[16],17]],[0,"988jF9rFZEdZfpbs2wEifc",1],[5,483,280]],[6,"node_title",1,1,[[1,-45,[18],19]],[0,"b9Zt1QRVBHp6q7rR4otskI",1],[5,265,52],[0,210,0,0,0,0,1,1,1,1]]],0,[0,3,1,0,0,1,0,0,1,0,0,1,0,-1,2,0,-2,7,0,-3,16,0,-4,17,0,-5,8,0,-6,9,0,-7,10,0,-8,3,0,0,2,0,0,2,0,-1,5,0,-2,6,0,-3,12,0,-4,13,0,-5,14,0,-6,15,0,0,3,0,0,3,0,-1,11,0,0,4,0,0,4,0,0,4,0,0,5,0,0,5,0,0,6,0,0,6,0,0,7,0,0,7,0,0,8,0,0,8,0,0,9,0,0,9,0,0,10,0,0,10,0,0,11,0,0,12,0,0,13,0,0,14,0,0,15,0,0,16,0,0,17,0,4,1,4,5,11,45],[0,0,0,0,0,0,0,0,0,0,0,0,0,0,0,0,0,0,0,0,0,0,0,0,0,0,0,0,0,0,0,0,0,0],[-1,1,-1,1,-1,1,-1,1,-1,1,-1,1,-1,1,-1,1,-1,1,-1,1,-1,1,-1,1,-1,1,-1,1,-1,1,-1,-2,-3,-4],[0,5,0,6,0,7,0,8,0,9,0,10,0,11,0,12,0,13,0,14,0,3,0,4,0,15,0,16,0,17,18,3,19,4]],[[{"name":"settingbg1","rect":[776,1521,483,280],"offset":[0,0],"originalSize":[483,280],"rotated":1,"capInsets":[0,0,0,0]}],[0],0,[0],[2],[2]],[[{"name":"settingbg5","rect":[1318,999,80,80],"offset":[0,0],"originalSize":[80,80],"capInsets":[0,0,0,0]}],[0],0,[0],[2],[1]],[[{"name":"settingbg7","rect":[1318,1083,80,80],"offset":[0,0],"originalSize":[80,80],"capInsets":[0,0,0,0]}],[0],0,[0],[2],[1]],[[{"name":"leader","rect":[2,2,550,780],"offset":[0,0],"originalSize":[550,780],"capInsets":[0,0,0,0]}],[0],0,[0],[2],[1]],[[{"name":"settingbg3","rect":[1318,1167,80,80],"offset":[0,0],"originalSize":[80,80],"capInsets":[12,16,10,17]}],[0],0,[0],[2],[1]],[[{"name":"settingbg2","rect":[1318,1251,80,80],"offset":[0,0],"originalSize":[80,80],"capInsets":[0,0,0,0]}],[0],0,[0],[2],[1]]]]