[1,["ecpdLyjvZBwrvm+cedCcQy","1a6ce1326","2ezUKl/BpECaqZJdcE9sBp"],["node","_textureSetter","root","data","_spriteFrame"],[["cc.Node",["_name","_groupIndex","_components","_prefab","_contentSize","_children","_parent","_trs"],1,9,4,5,2,1,7],["cc.PrefabInfo",["fileId","root"],2,1],"cc.SpriteFrame",["cc.Prefab",["_name"],2],["cc.Sprite",["_type","_sizeMode","node","_materials","_spriteFrame"],1,1,3,6],["cc.Label",["_string","_fontSize","_lineHeight","_styleFlags","_N$horizontalAlign","_N$verticalAlign","node","_materials"],-3,1,3]],[[3,0,2],[0,0,1,5,2,3,4,3],[0,0,1,6,2,3,4,7,3],[4,0,1,2,3,4,3],[1,1,1],[1,0,1,2],[5,0,1,2,3,4,5,6,7,7]],[[[{"name":"remindbg","rect":[2,1490,360,80],"offset":[0,0],"originalSize":[360,80],"rotated":1,"capInsets":[60,0,60,0]}],[2],0,[0],[1],[1]],[[[0,"node_remind"],[1,"node_remind",1,[-3],[[3,1,0,-2,[1],2]],[4,-1],[5,460,80]],[2,"remindText",1,1,[[6,"Please try again later",56,56,1,1,1,-4,[0]]],[5,"fdGGE1KFpHrb87+faCO66x",1],[5,560.3,70.56],[0,0,0,0,0,0,1,0.5,0.5,1]]],0,[0,2,1,0,0,1,0,-1,2,0,0,2,0,3,1,4],[0,0,0],[-1,-1,4],[0,0,2]]]]