[1,["ecpdLyjvZBwrvm+cedCcQy","3f6pCa7HhDuKY7zywMAXg5","1a6ce1326","feb23jWwFN3oXCIAbuiYj7","d9XBdwv6VGzYyWIwpMpFhs","bfUalxSyZCBqL6iWhITCNM","bbd5Qf7jJENr/Tu5ehfRoz","eeH0+73vNGgbEM9ZTrk+Ws","bdGSw1tfdFzawtZKDSWFaY","5eWcEE+ZRFrIevYdTLa8LC","efKPgvmYZMvp2bnXjZN9l/","00tW8W1ZhCq6qrHt1n58dG","dfgAEpt4lHToNjGroW4mCO","277yfCNtlHr4PMhOkLC/oe","f3qL2hZFlJtLxvHXvj9iqv"],["node","_spriteFrame","_textureSetter","root","data","_N$file"],[["cc.Node",["_name","_groupIndex","_active","_components","_prefab","_contentSize","_trs","_parent","_children"],0,9,4,5,7,1,2],"cc.SpriteFrame",["cc.Widget",["_alignFlags","_left","_top","_right","_originalWidth","_originalHeight","node"],-3,1],["cc.PrefabInfo",["fileId","root"],2,1],["cc.Sprite",["_sizeMode","node","_materials","_spriteFrame"],2,1,3,6],["cc.Button",["_N$transition","node"],2,1],["cc.Prefab",["_name"],2],["cc.BlockInputEvents",["node"],3,1],["20951xmOoVFmZRgGTFceEbi",["node","moregameSprite"],3,1,3],["cc.Label",["_string","_fontSize","_lineHeight","_isSystemFontUsed","_N$horizontalAlign","_N$verticalAlign","node","_materials","_N$file"],-3,1,3,6]],[[3,0,1,2],[4,1,2,3,1],[0,0,7,3,4,5,6,2],[5,0,1,2],[0,0,1,7,3,4,5,6,3],[6,0,2],[0,0,1,8,3,4,5,6,3],[0,0,1,7,8,3,4,5,6,3],[0,0,7,8,3,4,5,6,2],[0,0,1,7,3,4,5,3],[0,0,2,7,3,4,5,6,3],[2,0,6,2],[2,0,1,2,6,4],[2,0,1,3,4,5,6,6],[7,0,1],[8,0,1,1],[3,1,1],[4,0,1,2,3,2],[5,1,1],[9,0,1,2,3,4,5,6,7,8,7]],[[[[5,"node_fail"],[6,"node_Result",1,[-5,-6,-7,-8,-9,-10],[[11,45,-2],[14,-3],[15,-4,[24,25,26,27]]],[16,-1],[5,640,1136],[320,568,0,0,0,0,1,1,1,1]],[7,"node_bg",1,1,[-12,-13,-14],[[1,-11,[14],15]],[0,"7btfWhHkxA1YT46T9TJLMp",1],[5,460,440],[0,138,0,0,0,0,1,1,1,1]],[8,"overbg20",2,[-16,-17,-18],[[1,-15,[10],11]],[0,"a2bxcsjAtPcI7r5kqHMcby",1],[5,284,228],[0,250,0,0,0,0,1,1,1,1]],[4,"node_home",1,1,[[1,-19,[20],21],[12,9,10,10,-20],[18,-21]],[0,"74vQv1KKBF5IqzCpLVlbaF",1],[5,70,70],[-275,523,0,0,0,0,1,1,1,1]],[9,"maskbg",1,1,[[17,0,-22,[0],1],[13,45,-180,-180,1000,128,-23]],[0,"87oF78+vlHb5tak90amQFR",1],[5,1000,1136]],[4,"node_goon",1,1,[[1,-24,[16],17],[3,1,-25]],[0,"2em/i17gFP/b1RlTz9U6h5",1],[5,275,96],[0,-180,0,0,0,0,1,1,1,1]],[2,"node_invite",1,[[1,-26,[18],19],[3,1,-27]],[0,"b9hdJZEr5OKawjiDyl3lhe",1],[5,275,96],[0,-300,0,0,0,0,1,1,1,1]],[10,"othergame",false,1,[[1,-28,[22],23],[3,1,-29]],[0,"f4xIOvLQ9JQ6CDTSARWVZv",1],[5,420,120],[0,-380,0,0,0,0,1,1,1,1]],[2,"overbg8",2,[[1,-30,[2],3]],[0,"5dHrFKrLpD57jPZ2oo1lqC",1],[5,274,47],[0,50,0,0,0,0,1,1,1,1]],[2,"overbg2",3,[[1,-31,[4],5]],[0,"a140Q2+CpOGZef2TbOGqbJ",1],[5,42,41],[-60,-57.835,0,0,0,0,1,1,1,1]],[2,"overbg2",3,[[1,-32,[6],7]],[0,"25yMLA7wpNiKzkbv9EJZ0b",1],[5,42,41],[0,-57.835,0,0,0,0,1,1,1,1]],[2,"overbg2",3,[[1,-33,[8],9]],[0,"8aCNa/PX1FNbseFw45XqLQ",1],[5,42,41],[60,-57.835,0,0,0,0,1,1,1,1]],[2,"text",2,[[19,"AE0",70,60,false,1,1,-34,[12],13]],[0,"camLpxFY1Ngp1BOP/7cJag",1],[5,132.34,60],[0,-50,0,0,0,0,1,1,1,1]]],0,[0,3,1,0,0,1,0,0,1,0,0,1,0,-1,5,0,-2,2,0,-3,6,0,-4,7,0,-5,4,0,-6,8,0,0,2,0,-1,9,0,-2,3,0,-3,13,0,0,3,0,-1,10,0,-2,11,0,-3,12,0,0,4,0,0,4,0,0,4,0,0,5,0,0,5,0,0,6,0,0,6,0,0,7,0,0,7,0,0,8,0,0,8,0,0,9,0,0,10,0,0,11,0,0,12,0,0,13,0,4,1,34],[0,0,0,0,0,0,0,0,0,0,0,0,0,0,0,0,0,0,0,0,0,0,0,0,0,0,0,0],[-1,1,-1,1,-1,1,-1,1,-1,1,-1,1,-1,5,-1,1,-1,1,-1,1,-1,1,-1,1,-1,-2,-3,-4],[0,4,0,5,0,1,0,1,0,1,0,6,0,7,0,8,0,9,0,10,0,11,0,3,3,12,13,14]],[[{"name":"overbg7","rect":[1764,499,275,96],"offset":[0,0],"originalSize":[275,96],"rotated":1,"capInsets":[0,0,0,0]}],[1],0,[0],[2],[2]],[[{"name":"overbg20","rect":[1450,938,284,228],"offset":[0,0],"originalSize":[284,228],"capInsets":[0,0,0,0]}],[1],0,[0],[2],[2]],[[{"name":"overbg8","rect":[1764,1596,274,47],"offset":[0,0],"originalSize":[274,47],"rotated":1,"capInsets":[0,0,0,0]}],[1],0,[0],[2],[2]]]]