[1,["57UF2NVnFLrr0ObPxqtPdw","52PIaZ/LNJaLjeM0J6Z2Tl"],["_textureSetter","spriteFrame"],["cc.SpriteFrame",["cc.BitmapFont",["_name","fontSize","_fntConfig"],0]],[[1,0,1,2,4]],[[[{"name":"numimage","rect":[3,3,333,98],"offset":[-11,26.5],"originalSize":[361,157],"capInsets":[0,0,0,0]}],[0],0,[0],[0],[0]],[[[0,"numimage",64,{"commonHeight":90,"fontSize":64,"atlasName":"numimage.png","fontDefDictionary":{"48":{"xOffset":0,"yOffset":21,"xAdvance":34,"rect":{"x":276,"y":2,"width":34,"height":50}},"49":{"xOffset":0,"yOffset":21,"xAdvance":34,"rect":{"x":312,"y":2,"width":34,"height":50}},"50":{"xOffset":0,"yOffset":21,"xAdvance":34,"rect":{"x":2,"y":54,"width":34,"height":50}},"51":{"xOffset":0,"yOffset":21,"xAdvance":34,"rect":{"x":38,"y":54,"width":34,"height":50}},"52":{"xOffset":0,"yOffset":21,"xAdvance":34,"rect":{"x":74,"y":54,"width":34,"height":50}},"53":{"xOffset":0,"yOffset":21,"xAdvance":34,"rect":{"x":110,"y":54,"width":34,"height":50}},"54":{"xOffset":0,"yOffset":21,"xAdvance":34,"rect":{"x":146,"y":54,"width":34,"height":50}},"55":{"xOffset":0,"yOffset":21,"xAdvance":34,"rect":{"x":182,"y":54,"width":34,"height":50}},"56":{"xOffset":0,"yOffset":21,"xAdvance":34,"rect":{"x":218,"y":54,"width":34,"height":50}},"57":{"xOffset":0,"yOffset":21,"xAdvance":34,"rect":{"x":254,"y":54,"width":34,"height":50}},"65":{"xOffset":0,"yOffset":21,"xAdvance":50,"rect":{"x":146,"y":2,"width":50,"height":50}},"66":{"xOffset":0,"yOffset":21,"xAdvance":142,"rect":{"x":2,"y":2,"width":142,"height":50}},"67":{"xOffset":0,"yOffset":21,"xAdvance":14,"rect":{"x":290,"y":54,"width":14,"height":50}},"68":{"xOffset":0,"yOffset":21,"xAdvance":37,"rect":{"x":198,"y":2,"width":37,"height":50}},"69":{"xOffset":0,"yOffset":21,"xAdvance":37,"rect":{"x":237,"y":2,"width":37,"height":50}}},"kerningDict":{"4259907":-1,"4325441":-1,"4456513":-2}}]],0,0,[0],[1],[1]]]]