[1,["165c85a4a"],["_textureSetter"],["cc.SpriteFrame"],0,[[[{"name":"othergame3","rect":[1610,221,420,120],"offset":[0,0],"originalSize":[420,120],"capInsets":[0,0,0,0]}],[0],0,[0],[0],[0]],[[{"name":"overbg2","rect":[1471,756,42,41],"offset":[0,0],"originalSize":[42,41],"capInsets":[0,0,0,0]}],[0],0,[0],[0],[0]],[[{"name":"shopbg1","rect":[1098,819,460,440],"offset":[0,0],"originalSize":[460,440],"capInsets":[0,0,0,0]}],[0],0,[0],[0],[0]],[[{"name":"othergame2","rect":[1610,345,420,120],"offset":[0,0],"originalSize":[420,120],"capInsets":[0,0,0,0]}],[0],0,[0],[0],[0]],[[{"name":"othergame4","rect":[1610,469,420,120],"offset":[0,0],"originalSize":[420,120],"capInsets":[0,0,0,0]}],[0],0,[0],[0],[0]],[[{"name":"othergame1","rect":[1610,593,420,120],"offset":[0,0],"originalSize":[420,120],"capInsets":[0,0,0,0]}],[0],0,[0],[0],[0]]]]