[1,["165c85a4a","ecpdLyjvZBwrvm+cedCcQy","e7Tol/lSZCBLDmBa5+ImfY"],["node","_textureSetter","root","data","_spriteFrame"],[["cc.Node",["_name","_groupIndex","_prefab","_contentSize","_parent","_components","_trs","_eulerAngles","_children"],1,4,5,1,9,7,5,2],["cc.PrefabInfo",["fileId","root"],2,1],"cc.SpriteFrame",["cc.Prefab",["_name"],2],["cc.RigidBody",["_type","node"],2,1],["cc.PhysicsBoxCollider",["_friction","node","_size"],2,1,5],["cc.Sprite",["node","_materials","_spriteFrame"],3,1,3,6]],[[1,0,1,2],[4,0,1,2],[5,0,1,2,2],[0,0,1,4,5,2,3,6,7,3],[3,0,2],[0,0,8,2,3,2],[0,0,4,5,2,3,6,7,2],[0,0,4,5,2,3,2],[1,1,1],[6,0,1,2,1]],[[[{"name":"map5","rect":[806,2,800,700],"offset":[0,0],"originalSize":[800,700],"capInsets":[0,0,0,0]}],[2],0,[0],[1],[0]],[[[4,"map5"],[5,"map5",[-2,-3,-4,-5,-6,-7],[8,-1],[5,800,700]],[6,"node_road",1,[[1,0,-8],[2,1,-9,[5,900,25]]],[0,"00AKFcjVxPuLQq84+4uwKK",1],[5,900,25],[-37.647,-148,0,0,0,0.10452846326765347,0.9945218953682733,1,1,1],[1,0,0,12]],[3,"node_road",7,1,[[1,0,-10],[2,1,-11,[5,900,25]]],[0,"e0Mn+M/tBI+qM70zIBVErz",1],[5,900,25],[-37.647,-68,0,0,0,0.10452846326765347,0.9945218953682733,1,1,1],[1,0,0,12]],[3,"node_road",8,1,[[1,0,-12],[2,1,-13,[5,900,25]]],[0,"bfbjhwV0VPpLtYh7yd3r2E",1],[5,900,25],[-37.647,12,0,0,0,0.10452846326765347,0.9945218953682733,1,1,1],[1,0,0,12]],[3,"node_road",9,1,[[1,0,-14],[2,1,-15,[5,900,25]]],[0,"f94MHzfnlDO7gfFIJ9NDtD",1],[5,900,25],[-37.647,92,0,0,0,0.10452846326765347,0.9945218953682733,1,1,1],[1,0,0,12]],[3,"node_road",10,1,[[1,0,-16],[2,1,-17,[5,900,25]]],[0,"5emO2dvAFKXqtri4Q1K/oc",1],[5,900,25],[-37.647,172,0,0,0,0.10452846326765347,0.9945218953682733,1,1,1],[1,0,0,12]],[7,"map5",1,[[9,-18,[0],1]],[0,"87Bs1+faxA/7cfChiWjRs2",1],[5,800,700]]],0,[0,2,1,0,-1,7,0,-2,2,0,-3,3,0,-4,4,0,-5,5,0,-6,6,0,0,2,0,0,2,0,0,3,0,0,3,0,0,4,0,0,4,0,0,5,0,0,5,0,0,6,0,0,6,0,0,7,0,3,1,18],[0,0],[-1,4],[1,2]]]]