{"file":"gameall1.png","frames":{
"tong2_png":{"x":689,"y":170,"w":250,"h":232,"offX":0,"offY":0,"sourceW":250,"sourceH":232},
"knife_png":{"x":941,"y":164,"w":51,"h":238,"offX":4,"offY":1,"sourceW":60,"sourceH":240},
"blade4_png":{"x":407,"y":683,"w":100,"h":21,"offX":0,"offY":23,"sourceW":100,"sourceH":60},
"blade2_png":{"x":979,"y":59,"w":37,"h":51,"offX":32,"offY":5,"sourceW":100,"sourceH":60},
"blade3_png":{"x":491,"y":930,"w":83,"h":48,"offX":10,"offY":4,"sourceW":100,"sourceH":60},
"blade1_png":{"x":163,"y":941,"w":89,"h":43,"offX":4,"offY":8,"sourceW":100,"sourceH":60},
"mapbg_png":{"x":345,"y":1,"w":60,"h":1020,"offX":0,"offY":0,"sourceW":60,"sourceH":1020},
"tong3_png":{"x":407,"y":170,"w":280,"h":209,"offX":0,"offY":42,"sourceW":280,"sourceH":320},
"tong1_png":{"x":1,"y":1,"w":280,"h":318,"offX":0,"offY":2,"sourceW":280,"sourceH":320},
"line2_png":{"x":1,"y":941,"w":160,"h":24,"offX":0,"offY":0,"sourceW":160,"sourceH":24},
"line1_png":{"x":491,"y":1006,"w":400,"h":6,"offX":0,"offY":0,"sourceW":400,"sourceH":6},
"overstar2_png":{"x":647,"y":810,"w":107,"h":103,"offX":11,"offY":10,"sourceW":130,"sourceH":130},
"overstar1_png":{"x":756,"y":810,"w":107,"h":103,"offX":11,"offY":10,"sourceW":130,"sourceH":130},
"overbtn1_png":{"x":685,"y":404,"w":276,"h":100,"offX":0,"offY":0,"sourceW":276,"sourceH":100},
"overbtn3_png":{"x":407,"y":381,"w":276,"h":100,"offX":0,"offY":0,"sourceW":276,"sourceH":100},
"overbtn2_png":{"x":407,"y":483,"w":276,"h":100,"offX":0,"offY":0,"sourceW":276,"sourceH":100},
"overtitle_png":{"x":1,"y":638,"w":257,"h":77,"offX":0,"offY":1,"sourceW":257,"sourceH":78},
"texiaowater9_png":{"x":963,"y":656,"w":40,"h":40,"offX":0,"offY":0,"sourceW":40,"sourceH":40},
"texiaowater8_png":{"x":963,"y":614,"w":40,"h":40,"offX":0,"offY":0,"sourceW":40,"sourceH":40},
"texiaowater15_png":{"x":963,"y":572,"w":40,"h":40,"offX":0,"offY":0,"sourceW":40,"sourceH":40},
"texiaowater14_png":{"x":961,"y":530,"w":40,"h":40,"offX":0,"offY":0,"sourceW":40,"sourceH":40},
"texiaowater10_png":{"x":220,"y":489,"w":40,"h":40,"offX":0,"offY":0,"sourceW":40,"sourceH":40},
"texiaowater11_png":{"x":963,"y":488,"w":40,"h":40,"offX":0,"offY":0,"sourceW":40,"sourceH":40},
"texiaocolor1_png":{"x":245,"y":751,"w":32,"h":29,"offX":0,"offY":2,"sourceW":32,"sourceH":32},
"texiaocolor3_png":{"x":245,"y":717,"w":32,"h":32,"offX":0,"offY":0,"sourceW":32,"sourceH":32},
"texiaowater13_png":{"x":220,"y":447,"w":40,"h":40,"offX":0,"offY":0,"sourceW":40,"sourceH":40},
"texiaowater12_png":{"x":963,"y":446,"w":40,"h":40,"offX":0,"offY":0,"sourceW":40,"sourceH":40},
"texiaocolor2_png":{"x":245,"y":782,"w":32,"h":29,"offX":0,"offY":1,"sourceW":32,"sourceH":32},
"texiaowater3_png":{"x":220,"y":405,"w":40,"h":40,"offX":0,"offY":0,"sourceW":40,"sourceH":40},
"texiaowater2_png":{"x":963,"y":404,"w":40,"h":40,"offX":0,"offY":0,"sourceW":40,"sourceH":40},
"texiaowater1_png":{"x":220,"y":363,"w":40,"h":40,"offX":0,"offY":0,"sourceW":40,"sourceH":40},
"texiaowater5_png":{"x":220,"y":321,"w":40,"h":40,"offX":0,"offY":0,"sourceW":40,"sourceH":40},
"texiaowater4_png":{"x":979,"y":112,"w":40,"h":40,"offX":0,"offY":0,"sourceW":40,"sourceH":40},
"texiaowater6_png":{"x":209,"y":839,"w":40,"h":40,"offX":0,"offY":0,"sourceW":40,"sourceH":40},
"texiaowater7_png":{"x":965,"y":836,"w":40,"h":40,"offX":0,"offY":0,"sourceW":40,"sourceH":40},
"interbg_png":{"x":889,"y":706,"w":128,"h":128,"offX":0,"offY":0,"sourceW":128,"sourceH":128},
"shopbtn5_png":{"x":407,"y":585,"w":276,"h":96,"offX":0,"offY":0,"sourceW":276,"sourceH":96},
"herounlock_png":{"x":407,"y":810,"w":120,"h":116,"offX":0,"offY":0,"sourceW":120,"sourceH":116},
"shopbtn4_png":{"x":1,"y":540,"w":276,"h":96,"offX":0,"offY":0,"sourceW":276,"sourceH":96},
"shopbtn1_png":{"x":407,"y":928,"w":82,"h":86,"offX":1,"offY":0,"sourceW":84,"sourceH":86},
"shopbtn3_png":{"x":685,"y":608,"w":276,"h":96,"offX":0,"offY":0,"sourceW":276,"sourceH":96},
"shopbtn2_png":{"x":776,"y":1,"w":182,"h":96,"offX":0,"offY":0,"sourceW":182,"sourceH":96},
"shopbg_png":{"x":283,"y":1,"w":60,"h":1020,"offX":0,"offY":0,"sourceW":60,"sourceH":1020},
"shoppage1_png":{"x":960,"y":59,"w":16,"h":16,"offX":0,"offY":0,"sourceW":16,"sourceH":16},
"shoppage2_png":{"x":960,"y":77,"w":16,"h":16,"offX":0,"offY":0,"sourceW":16,"sourceH":16},
"herobg_png":{"x":123,"y":717,"w":120,"h":120,"offX":0,"offY":0,"sourceW":120,"sourceH":120},
"shoptitle2_png":{"x":407,"y":706,"w":480,"h":50,"offX":0,"offY":0,"sourceW":480,"sourceH":50},
"shoptitle1_png":{"x":407,"y":758,"w":480,"h":50,"offX":0,"offY":0,"sourceW":480,"sourceH":50},
"shopselect_png":{"x":1,"y":717,"w":120,"h":120,"offX":0,"offY":0,"sourceW":120,"sourceH":120},
"shoplight_png":{"x":1,"y":321,"w":217,"h":217,"offX":6,"offY":8,"sourceW":230,"sourceH":230},
"title_png":{"x":407,"y":1,"w":367,"h":167,"offX":8,"offY":37,"sourceW":380,"sourceH":240},
"titleview1_png":{"x":776,"y":99,"w":201,"h":63,"offX":1,"offY":1,"sourceW":202,"sourceH":64},
"gameview_png":{"x":756,"y":915,"w":84,"h":89,"offX":3,"offY":0,"sourceW":90,"sourceH":90},
"tips1_png":{"x":529,"y":810,"w":116,"h":118,"offX":3,"offY":0,"sourceW":120,"sourceH":120},
"tips2_png":{"x":865,"y":836,"w":98,"h":109,"offX":0,"offY":0,"sourceW":98,"sourceH":109},
"titlebtn3_png":{"x":1,"y":839,"w":102,"h":100,"offX":0,"offY":0,"sourceW":102,"sourceH":100},
"titlebtn2_png":{"x":105,"y":839,"w":102,"h":100,"offX":0,"offY":0,"sourceW":102,"sourceH":100},
"titlebtn1_png":{"x":685,"y":506,"w":274,"h":100,"offX":0,"offY":0,"sourceW":274,"sourceH":100},
"gameretry_png":{"x":647,"y":915,"w":107,"h":82,"offX":0,"offY":4,"sourceW":107,"sourceH":90},
"titletips_png":{"x":960,"y":1,"w":56,"h":56,"offX":0,"offY":0,"sourceW":56,"sourceH":56}}}