{"file":"gameall2.png","frames":{
"moregame1_png":{"x":1,"y":463,"w":140,"h":180,"offX":0,"offY":0,"sourceW":140,"sourceH":180},
"moregame2_png":{"x":611,"y":384,"w":140,"h":180,"offX":0,"offY":0,"sourceW":140,"sourceH":180},
"moregame3_png":{"x":845,"y":302,"w":140,"h":180,"offX":0,"offY":0,"sourceW":140,"sourceH":180},
"rankme_png":{"x":483,"y":302,"w":360,"h":80,"offX":0,"offY":0,"sourceW":360,"sourceH":80},
"rankshare_png":{"x":143,"y":471,"w":263,"h":90,"offX":0,"offY":0,"sourceW":263,"sourceH":90},
"rankbtn2_png":{"x":1,"y":302,"w":480,"h":72,"offX":0,"offY":0,"sourceW":480,"sourceH":72},
"rankbtn3_png":{"x":895,"y":95,"w":120,"h":120,"offX":0,"offY":0,"sourceW":120,"sourceH":120},
"rankview1_png":{"x":921,"y":763,"w":44,"h":44,"offX":0,"offY":0,"sourceW":44,"sourceH":44},
"rankmark_png":{"x":389,"y":259,"w":18,"h":18,"offX":0,"offY":0,"sourceW":18,"sourceH":18},
"rankstar_png":{"x":753,"y":450,"w":30,"h":30,"offX":0,"offY":0,"sourceW":30,"sourceH":30},
"rankview3_png":{"x":966,"y":717,"w":44,"h":44,"offX":0,"offY":0,"sourceW":44,"sourceH":44},
"rankbtn1_png":{"x":413,"y":228,"w":480,"h":72,"offX":0,"offY":0,"sourceW":480,"sourceH":72},
"rankview2_png":{"x":967,"y":763,"w":44,"h":44,"offX":0,"offY":0,"sourceW":44,"sourceH":44},
"rankbg_png":{"x":413,"y":148,"w":480,"h":78,"offX":0,"offY":0,"sourceW":480,"sourceH":78},
"foodtexiao13_png":{"x":369,"y":757,"w":182,"h":98,"offX":0,"offY":0,"sourceW":182,"sourceH":98},
"foodtexiao8_png":{"x":185,"y":757,"w":182,"h":98,"offX":0,"offY":0,"sourceW":182,"sourceH":98},
"foodtexiao9_png":{"x":143,"y":563,"w":210,"h":92,"offX":0,"offY":0,"sourceW":210,"sourceH":92},
"foodtexiao12_png":{"x":306,"y":384,"w":303,"h":85,"offX":0,"offY":0,"sourceW":303,"sourceH":85},
"foodtexiao10_png":{"x":1,"y":376,"w":303,"h":85,"offX":0,"offY":0,"sourceW":303,"sourceH":85},
"foodtexiao11_png":{"x":369,"y":657,"w":182,"h":98,"offX":0,"offY":0,"sourceW":182,"sourceH":98},
"foodtexiao15_png":{"x":567,"y":576,"w":210,"h":92,"offX":0,"offY":0,"sourceW":210,"sourceH":92},
"foodtexiao14_png":{"x":1,"y":657,"w":182,"h":98,"offX":0,"offY":0,"sourceW":182,"sourceH":98},
"foodtexiao1_png":{"x":1,"y":757,"w":182,"h":98,"offX":0,"offY":0,"sourceW":182,"sourceH":98},
"foodtexiao2_png":{"x":737,"y":670,"w":182,"h":98,"offX":0,"offY":0,"sourceW":182,"sourceH":98},
"foodtexiao3_png":{"x":355,"y":563,"w":210,"h":92,"offX":0,"offY":0,"sourceW":210,"sourceH":92},
"foodtexiao7_png":{"x":185,"y":657,"w":182,"h":98,"offX":0,"offY":0,"sourceW":182,"sourceH":98},
"foodtexiao6_png":{"x":805,"y":1,"w":210,"h":92,"offX":0,"offY":0,"sourceW":210,"sourceH":92},
"foodtexiao4_png":{"x":779,"y":576,"w":210,"h":92,"offX":0,"offY":0,"sourceW":210,"sourceH":92},
"foodtexiao5_png":{"x":553,"y":670,"w":182,"h":98,"offX":0,"offY":0,"sourceW":182,"sourceH":98},
"slotitem6_png":{"x":505,"y":471,"w":53,"h":53,"offX":4,"offY":3,"sourceW":60,"sourceH":60},
"slottitle_png":{"x":1,"y":259,"w":344,"h":31,"offX":3,"offY":5,"sourceW":350,"sourceH":40},
"slotitem5_png":{"x":853,"y":95,"w":39,"h":40,"offX":10,"offY":9,"sourceW":60,"sourceH":60},
"slotitem4_png":{"x":966,"y":670,"w":46,"h":45,"offX":6,"offY":7,"sourceW":60,"sourceH":60},
"slotitem0_png":{"x":805,"y":95,"w":46,"h":46,"offX":7,"offY":7,"sourceW":60,"sourceH":60},
"slotadd1_png":{"x":1,"y":1,"w":410,"h":256,"offX":0,"offY":0,"sourceW":410,"sourceH":256},
"slotitem1_png":{"x":944,"y":259,"w":38,"h":38,"offX":10,"offY":10,"sourceW":60,"sourceH":60},
"slotitem3_png":{"x":895,"y":259,"w":47,"h":33,"offX":6,"offY":14,"sourceW":60,"sourceH":60},
"slotadd2_png":{"x":753,"y":484,"w":240,"h":90,"offX":0,"offY":0,"sourceW":240,"sourceH":90},
"slotadd3_png":{"x":450,"y":471,"w":53,"h":53,"offX":0,"offY":0,"sourceW":53,"sourceH":53},
"slotitem2_png":{"x":347,"y":259,"w":40,"h":39,"offX":7,"offY":11,"sourceW":60,"sourceH":60},
"slotview_png":{"x":413,"y":1,"w":390,"h":145,"offX":35,"offY":7,"sourceW":430,"sourceH":152},
"slotbtn1_png":{"x":987,"y":259,"w":36,"h":78,"offX":0,"offY":0,"sourceW":36,"sourceH":78},
"slotbtn2_png":{"x":987,"y":339,"w":36,"h":60,"offX":0,"offY":0,"sourceW":36,"sourceH":60},
"slotbtn3_png":{"x":895,"y":217,"w":120,"h":40,"offX":0,"offY":0,"sourceW":120,"sourceH":40},
"slotcover_png":{"x":408,"y":471,"w":40,"h":80,"offX":0,"offY":0,"sourceW":40,"sourceH":80},
"slotbg_png":{"x":753,"y":384,"w":64,"h":64,"offX":0,"offY":0,"sourceW":64,"sourceH":64},
"slotcoin1_png":{"x":991,"y":576,"w":29,"h":49,"offX":16,"offY":8,"sourceW":60,"sourceH":60},
"slotcoin2_png":{"x":987,"y":401,"w":29,"h":49,"offX":16,"offY":8,"sourceW":60,"sourceH":60},
"slotcoin3_png":{"x":921,"y":670,"w":43,"h":49,"offX":9,"offY":8,"sourceW":60,"sourceH":60},
"slotcoin4_png":{"x":560,"y":471,"w":43,"h":56,"offX":7,"offY":1,"sourceW":60,"sourceH":60}}}