{"file":"gameall3.png","frames":{
"map17-1_png":{"x":466,"y":1332,"w":120,"h":171,"offX":0,"offY":13,"sourceW":140,"sourceH":188},
"map18_png":{"x":1,"y":1653,"w":240,"h":140,"offX":0,"offY":0,"sourceW":240,"sourceH":140},
"map15-1_png":{"x":688,"y":1,"w":325,"h":326,"offX":12,"offY":44,"sourceW":381,"sourceH":381},
"map19_png":{"x":809,"y":1713,"w":140,"h":140,"offX":0,"offY":0,"sourceW":140,"sourceH":140},
"map21_png":{"x":589,"y":1315,"w":240,"h":240,"offX":0,"offY":0,"sourceW":240,"sourceH":240},
"map9_png":{"x":654,"y":377,"w":32,"h":180,"offX":6,"offY":0,"sourceW":44,"sourceH":180},
"map8_png":{"x":83,"y":1830,"w":78,"h":81,"offX":10,"offY":10,"sourceW":100,"sourceH":100},
"map20_png":{"x":243,"y":1614,"w":180,"h":180,"offX":0,"offY":0,"sourceW":180,"sourceH":180},
"map11-1_png":{"x":654,"y":559,"w":32,"h":100,"offX":0,"offY":19,"sourceW":32,"sourceH":128},
"map9-1_png":{"x":270,"y":1830,"w":32,"h":170,"offX":6,"offY":10,"sourceW":44,"sourceH":180},
"map13-1_png":{"x":497,"y":663,"w":83,"h":83,"offX":5,"offY":35,"sourceW":101,"sourceH":128},
"map22_png":{"x":383,"y":1823,"w":280,"h":32,"offX":0,"offY":0,"sourceW":280,"sourceH":32},
"map23_png":{"x":1,"y":1796,"w":380,"h":32,"offX":0,"offY":0,"sourceW":380,"sourceH":32},
"map14-1_png":{"x":917,"y":329,"w":103,"h":103,"offX":0,"offY":27,"sourceW":113,"sourceH":140},
"map16-1_png":{"x":901,"y":1541,"w":120,"h":170,"offX":10,"offY":10,"sourceW":140,"sourceH":188},
"map12-1_png":{"x":886,"y":1855,"w":32,"h":130,"offX":0,"offY":10,"sourceW":32,"sourceH":140},
"map8-1_png":{"x":449,"y":1857,"w":71,"h":71,"offX":10,"offY":20,"sourceW":100,"sourceH":100},
"map10-1_png":{"x":236,"y":1830,"w":32,"h":170,"offX":1,"offY":6,"sourceW":44,"sourceH":180},
"map6-1_png":{"x":582,"y":663,"w":80,"h":80,"offX":7,"offY":15,"sourceW":100,"sourceH":100},
"map2-1_png":{"x":969,"y":720,"w":50,"h":50,"offX":3,"offY":24,"sourceW":80,"sourceH":80},
"map18-1_png":{"x":425,"y":1689,"w":240,"h":132,"offX":0,"offY":8,"sourceW":240,"sourceH":140},
"map12_png":{"x":259,"y":1176,"w":32,"h":140,"offX":0,"offY":0,"sourceW":32,"sourceH":140},
"map6_png":{"x":917,"y":536,"w":86,"h":90,"offX":7,"offY":6,"sourceW":100,"sourceH":101},
"map7_png":{"x":163,"y":1830,"w":71,"h":82,"offX":15,"offY":9,"sourceW":100,"sourceH":100},
"map13_png":{"x":917,"y":434,"w":95,"h":100,"offX":5,"offY":18,"sourceW":100,"sourceH":128},
"map7-1_png":{"x":376,"y":1857,"w":71,"h":71,"offX":15,"offY":20,"sourceW":100,"sourceH":100},
"map11_png":{"x":588,"y":1857,"w":32,"h":110,"offX":0,"offY":9,"sourceW":32,"sourceH":128},
"map5-1_png":{"x":1,"y":1830,"w":80,"h":80,"offX":10,"offY":15,"sourceW":100,"sourceH":100},
"map5_png":{"x":917,"y":628,"w":80,"h":90,"offX":10,"offY":5,"sourceW":100,"sourceH":100},
"map4_png":{"x":304,"y":1830,"w":70,"h":74,"offX":4,"offY":3,"sourceW":80,"sourceH":80},
"map10_png":{"x":951,"y":1713,"w":42,"h":172,"offX":1,"offY":4,"sourceW":44,"sourceH":180},
"map14_png":{"x":383,"y":663,"w":112,"h":119,"offX":0,"offY":11,"sourceW":112,"sourceH":140},
"map1_png":{"x":917,"y":720,"w":50,"h":60,"offX":15,"offY":10,"sourceW":80,"sourceH":80},
"map1-1_png":{"x":323,"y":935,"w":50,"h":50,"offX":15,"offY":20,"sourceW":80,"sourceH":80},
"map15_png":{"x":1,"y":1,"w":357,"h":357,"offX":12,"offY":13,"sourceW":381,"sourceH":381},
"map17_png":{"x":667,"y":1689,"w":140,"h":180,"offX":0,"offY":4,"sourceW":140,"sourceH":188},
"map3_png":{"x":522,"y":1857,"w":64,"h":74,"offX":8,"offY":5,"sourceW":80,"sourceH":80},
"map2_png":{"x":809,"y":1855,"w":75,"h":69,"offX":3,"offY":5,"sourceW":80,"sourceH":80},
"map16_png":{"x":891,"y":1073,"w":120,"h":180,"offX":10,"offY":0,"sourceW":140,"sourceH":188},
"hero15_png":{"x":688,"y":329,"w":227,"h":456,"offX":2,"offY":2,"sourceW":230,"sourceH":460},
"hero14_png":{"x":383,"y":787,"w":348,"h":257,"offX":2,"offY":1,"sourceW":351,"sourceH":260},
"hero10_png":{"x":323,"y":1046,"w":264,"h":284,"offX":2,"offY":1,"sourceW":268,"sourceH":287},
"hero11_png":{"x":1,"y":935,"w":320,"h":239,"offX":0,"offY":0,"sourceW":320,"sourceH":240},
"hero13_png":{"x":466,"y":1557,"w":433,"h":130,"offX":5,"offY":1,"sourceW":440,"sourceH":133},
"hero9_png":{"x":360,"y":1,"w":326,"h":374,"offX":3,"offY":1,"sourceW":330,"sourceH":380},
"hero8_png":{"x":589,"y":1073,"w":300,"h":240,"offX":0,"offY":0,"sourceW":301,"sourceH":240},
"hero12_png":{"x":1,"y":694,"w":380,"h":239,"offX":0,"offY":1,"sourceW":380,"sourceH":240},
"hero5_png":{"x":1,"y":1176,"w":256,"h":253,"offX":2,"offY":0,"sourceW":259,"sourceH":253},
"hero4_png":{"x":733,"y":787,"w":264,"h":284,"offX":2,"offY":1,"sourceW":268,"sourceH":286},
"hero6_png":{"x":831,"y":1315,"w":187,"h":224,"offX":0,"offY":0,"sourceW":188,"sourceH":224},
"hero7_png":{"x":259,"y":1332,"w":205,"h":280,"offX":2,"offY":0,"sourceW":208,"sourceH":280},
"hero3_png":{"x":351,"y":377,"w":301,"h":284,"offX":0,"offY":0,"sourceW":301,"sourceH":284},
"hero2_png":{"x":1,"y":360,"w":348,"h":332,"offX":2,"offY":4,"sourceW":350,"sourceH":340},
"hero1_png":{"x":1,"y":1431,"w":240,"h":220,"offX":0,"offY":0,"sourceW":243,"sourceH":221}}}