{"file":"play.png","frames":{
"ball_1_01":{"x":813,"y":1790,"w":49,"h":49,"offX":0,"offY":1,"sourceW":50,"sourceH":50},
"ball_1_02":{"x":1302,"y":1817,"w":48,"h":48,"offX":1,"offY":1,"sourceW":50,"sourceH":50},
"ball_1_03":{"x":1190,"y":1904,"w":48,"h":48,"offX":1,"offY":1,"sourceW":50,"sourceH":50},
"ball_1_04":{"x":1190,"y":1956,"w":48,"h":48,"offX":1,"offY":1,"sourceW":50,"sourceH":50},
"ball_1_05":{"x":1126,"y":1907,"w":48,"h":48,"offX":1,"offY":1,"sourceW":50,"sourceH":50},
"ball_1_06":{"x":1126,"y":1959,"w":48,"h":48,"offX":2,"offY":1,"sourceW":50,"sourceH":50},
"ball_1_07":{"x":1022,"y":1919,"w":48,"h":48,"offX":1,"offY":1,"sourceW":50,"sourceH":50},
"ball_1_08":{"x":918,"y":1924,"w":48,"h":48,"offX":1,"offY":1,"sourceW":50,"sourceH":50},
"ball_1_09":{"x":1250,"y":1799,"w":48,"h":48,"offX":1,"offY":1,"sourceW":50,"sourceH":50},
"ball_1_10":{"x":1302,"y":1765,"w":48,"h":48,"offX":1,"offY":1,"sourceW":50,"sourceH":50},
"ball_1_11":{"x":1476,"y":1707,"w":48,"h":49,"offX":1,"offY":0,"sourceW":50,"sourceH":50},
"ball_1_12":{"x":1190,"y":1852,"w":48,"h":48,"offX":2,"offY":1,"sourceW":50,"sourceH":50},
"ball_1_13":{"x":1476,"y":1760,"w":48,"h":49,"offX":1,"offY":0,"sourceW":50,"sourceH":50},
"ball_1_14":{"x":927,"y":1765,"w":49,"h":49,"offX":1,"offY":0,"sourceW":50,"sourceH":50},
"ball_1_15":{"x":980,"y":1765,"w":49,"h":49,"offX":0,"offY":0,"sourceW":50,"sourceH":50},
"ball_1_16":{"x":1198,"y":1799,"w":48,"h":49,"offX":1,"offY":0,"sourceW":50,"sourceH":50},
"ball_1_17":{"x":741,"y":1931,"w":48,"h":49,"offX":1,"offY":0,"sourceW":50,"sourceH":50},
"ball_1_18":{"x":970,"y":1819,"w":48,"h":49,"offX":2,"offY":0,"sourceW":50,"sourceH":50},
"ball_1_19":{"x":865,"y":1925,"w":48,"h":48,"offX":1,"offY":1,"sourceW":50,"sourceH":50},
"ball_1_20":{"x":793,"y":1950,"w":48,"h":48,"offX":1,"offY":1,"sourceW":50,"sourceH":50},
"ball_1_21":{"x":1022,"y":1867,"w":48,"h":48,"offX":1,"offY":1,"sourceW":50,"sourceH":50},
"ball_1_22":{"x":918,"y":1872,"w":48,"h":48,"offX":1,"offY":1,"sourceW":50,"sourceH":50},
"ball_1_23":{"x":970,"y":1872,"w":48,"h":48,"offX":1,"offY":1,"sourceW":50,"sourceH":50},
"ball_1_24":{"x":1074,"y":1867,"w":48,"h":48,"offX":2,"offY":1,"sourceW":50,"sourceH":50},
"ball_1_25":{"x":1811,"y":1442,"w":49,"h":48,"offX":0,"offY":1,"sourceW":50,"sourceH":50},
"ball_1_26":{"x":1086,"y":1761,"w":48,"h":49,"offX":1,"offY":1,"sourceW":50,"sourceH":50},
"ball_1_27":{"x":1198,"y":1746,"w":48,"h":49,"offX":1,"offY":1,"sourceW":50,"sourceH":50},
"ball_1_28":{"x":1250,"y":1746,"w":48,"h":49,"offX":1,"offY":1,"sourceW":50,"sourceH":50},
"ball_1_29":{"x":1372,"y":1708,"w":48,"h":49,"offX":1,"offY":1,"sourceW":50,"sourceH":50},
"ball_1_30":{"x":1424,"y":1708,"w":48,"h":49,"offX":1,"offY":1,"sourceW":50,"sourceH":50},
"ball_1_31":{"x":1033,"y":1761,"w":49,"h":49,"offX":0,"offY":1,"sourceW":50,"sourceH":50},
"ball_1_32":{"x":1033,"y":1814,"w":49,"h":49,"offX":1,"offY":1,"sourceW":50,"sourceH":50},
"ball_1_33":{"x":424,"y":1984,"w":49,"h":49,"offX":0,"offY":1,"sourceW":50,"sourceH":50},
"ball_1_34":{"x":1086,"y":1814,"w":48,"h":49,"offX":1,"offY":1,"sourceW":50,"sourceH":50},
"ball_1_35":{"x":1138,"y":1801,"w":48,"h":49,"offX":1,"offY":1,"sourceW":50,"sourceH":50},
"ball_1_36":{"x":1138,"y":1854,"w":48,"h":49,"offX":1,"offY":1,"sourceW":50,"sourceH":50},
"ball_1_37":{"x":741,"y":1984,"w":48,"h":48,"offX":1,"offY":2,"sourceW":50,"sourceH":50},
"ball_1_38":{"x":813,"y":1896,"w":48,"h":50,"offX":1,"offY":0,"sourceW":50,"sourceH":50},
"ball_1_39":{"x":866,"y":1819,"w":48,"h":49,"offX":1,"offY":1,"sourceW":50,"sourceH":50},
"ball_1_40":{"x":866,"y":1872,"w":48,"h":49,"offX":1,"offY":1,"sourceW":50,"sourceH":50},
"ball_1_41":{"x":970,"y":1924,"w":47,"h":48,"offX":1,"offY":2,"sourceW":50,"sourceH":50},
"ball_1_42":{"x":918,"y":1819,"w":48,"h":49,"offX":2,"offY":1,"sourceW":50,"sourceH":50},
"ball_1_43":{"x":592,"y":1981,"w":49,"h":50,"offX":0,"offY":0,"sourceW":50,"sourceH":50},
"ball_1_44":{"x":318,"y":1984,"w":49,"h":50,"offX":1,"offY":0,"sourceW":50,"sourceH":50},
"ball_1_45":{"x":371,"y":1984,"w":49,"h":50,"offX":1,"offY":0,"sourceW":50,"sourceH":50},
"ball_1_46":{"x":486,"y":1964,"w":49,"h":50,"offX":1,"offY":0,"sourceW":50,"sourceH":50},
"ball_1_47":{"x":539,"y":1964,"w":49,"h":50,"offX":1,"offY":0,"sourceW":50,"sourceH":50},
"ball_1_48":{"x":813,"y":1843,"w":49,"h":49,"offX":1,"offY":0,"sourceW":50,"sourceH":50},
"ball_yinying":{"x":445,"y":771,"w":57,"h":46,"offX":1,"offY":12,"sourceW":58,"sourceH":58},
"cxks":{"x":1147,"y":1413,"w":206,"h":55,"offX":2,"offY":0,"sourceW":209,"sourceH":55},
"diamond_head":{"x":1017,"y":1596,"w":85,"h":83,"offX":0,"offY":0,"sourceW":85,"sourceH":83},
"fud_anniu1":{"x":624,"y":1296,"w":284,"h":104,"offX":0,"offY":0,"sourceW":284,"sourceH":104},
"fud_anniu2":{"x":1995,"y":423,"w":50,"h":58,"offX":0,"offY":0,"sourceW":50,"sourceH":58},
"fud_anniu3":{"x":1861,"y":925,"w":161,"h":69,"offX":0,"offY":0,"sourceW":161,"sourceH":69},
"fud_backg1":{"x":402,"y":1829,"w":80,"h":80,"offX":0,"offY":0,"sourceW":80,"sourceH":80},
"fud_backg2":{"x":1338,"y":1140,"w":126,"h":126,"offX":0,"offY":0,"sourceW":126,"sourceH":126},
"fud_backg3":{"x":427,"y":1649,"w":90,"h":104,"offX":0,"offY":0,"sourceW":90,"sourceH":104},
"fud_backg4":{"x":1081,"y":1969,"w":40,"h":40,"offX":0,"offY":0,"sourceW":40,"sourceH":40},
"fud_bt1":{"x":1529,"y":120,"w":356,"h":123,"offX":0,"offY":0,"sourceW":356,"sourceH":123},
"fud_bt2":{"x":1162,"y":476,"w":356,"h":123,"offX":0,"offY":0,"sourceW":356,"sourceH":123},
"fud_close1":{"x":1981,"y":1108,"w":64,"h":67,"offX":0,"offY":0,"sourceW":64,"sourceH":67},
"fud_close2":{"x":1343,"y":1571,"w":70,"h":70,"offX":0,"offY":0,"sourceW":70,"sourceH":70},
"fud_fud1":{"x":624,"y":823,"w":358,"h":372,"offX":0,"offY":0,"sourceW":358,"sourceH":372},
"fud_fuq1":{"x":1468,"y":1140,"w":94,"h":121,"offX":0,"offY":0,"sourceW":94,"sourceH":121},
"fud_fuq2":{"x":1205,"y":2,"w":320,"h":304,"offX":0,"offY":0,"sourceW":320,"sourceH":304},
"fud_jp0":{"x":274,"y":1780,"w":88,"h":65,"offX":10,"offY":0,"sourceW":110,"sourceH":65},
"fud_jp1":{"x":1567,"y":1452,"w":110,"h":65,"offX":0,"offY":0,"sourceW":110,"sourceH":65},
"fud_jp2":{"x":1147,"y":1472,"w":110,"h":65,"offX":0,"offY":0,"sourceW":110,"sourceH":65},
"fud_jp3":{"x":1017,"y":1527,"w":110,"h":65,"offX":0,"offY":0,"sourceW":110,"sourceH":65},
"fud_jp4":{"x":180,"y":1770,"w":90,"h":84,"offX":0,"offY":0,"sourceW":90,"sourceH":84},
"fud_jp5":{"x":548,"y":1424,"w":69,"h":84,"offX":0,"offY":0,"sourceW":69,"sourceH":84},
"fud_jp6":{"x":1095,"y":1307,"w":73,"h":84,"offX":0,"offY":0,"sourceW":73,"sourceH":84},
"fud_jp7":{"x":1489,"y":1521,"w":77,"h":64,"offX":17,"offY":1,"sourceW":110,"sourceH":65},
"fud_jp8":{"x":2008,"y":840,"w":38,"h":42,"offX":35,"offY":0,"sourceW":110,"sourceH":65},
"hull":{"x":1143,"y":1746,"w":51,"h":51,"offX":0,"offY":0,"sourceW":51,"sourceH":51},
"hyjl":{"x":1745,"y":1049,"w":202,"h":55,"offX":2,"offY":0,"sourceW":209,"sourceH":55},
"icon_heidong":{"x":1563,"y":858,"w":31,"h":35,"offX":0,"offY":0,"sourceW":31,"sourceH":35},
"icon_zhadan":{"x":366,"y":1780,"w":30,"h":35,"offX":0,"offY":0,"sourceW":30,"sourceH":35},
"ji":{"x":1616,"y":1066,"w":125,"h":132,"offX":0,"offY":0,"sourceW":125,"sourceH":132},
"ji_biyan":{"x":1714,"y":1627,"w":45,"h":32,"offX":0,"offY":0,"sourceW":45,"sourceH":32},
"ji_dianzi":{"x":1848,"y":427,"w":143,"h":145,"offX":0,"offY":0,"sourceW":143,"sourceH":145},
"ji_pao":{"x":216,"y":1975,"w":44,"h":69,"offX":0,"offY":0,"sourceW":44,"sourceH":69},
"ji_zhengyan":{"x":1714,"y":1591,"w":45,"h":32,"offX":0,"offY":0,"sourceW":45,"sourceH":32},
"jxyx":{"x":1357,"y":1413,"w":206,"h":55,"offX":1,"offY":0,"sourceW":209,"sourceH":55},
"lingquzuans":{"x":431,"y":1424,"w":113,"h":133,"offX":0,"offY":1,"sourceW":115,"sourceH":134},
"LOGO-1":{"x":836,"y":2,"w":365,"h":351,"offX":0,"offY":0,"sourceW":365,"sourceH":351},
"lxjl":{"x":1824,"y":786,"w":198,"h":50,"offX":6,"offY":3,"sourceW":209,"sourceH":55},
"map_out":{"x":680,"y":1544,"w":82,"h":82,"offX":0,"offY":0,"sourceW":82,"sourceH":82},
"mffh":{"x":267,"y":1858,"w":104,"h":55,"offX":4,"offY":0,"sourceW":209,"sourceH":55},
"mfhd":{"x":504,"y":1816,"w":113,"h":36,"offX":2,"offY":1,"sourceW":115,"sourceH":39},
"mrqiandao":{"x":313,"y":1424,"w":114,"h":134,"offX":0,"offY":0,"sourceW":115,"sourceH":134},
"qsgwz_icon_04":{"x":2017,"y":1213,"w":26,"h":28,"offX":0,"offY":0,"sourceW":26,"sourceH":28},
"spbz":{"x":1777,"y":1161,"w":200,"h":49,"offX":2,"offY":4,"sourceW":209,"sourceH":55},
"tixian":{"x":521,"y":1699,"w":112,"h":61,"offX":0,"offY":0,"sourceW":112,"sourceH":61},
"tzhy":{"x":1566,"y":1202,"w":207,"h":54,"offX":0,"offY":1,"sourceW":209,"sourceH":55},
"xinyunbaoxiang":{"x":313,"y":1562,"w":110,"h":119,"offX":1,"offY":15,"sourceW":115,"sourceH":134},
"zlyf":{"x":1777,"y":1108,"w":200,"h":49,"offX":0,"offY":15,"sourceW":200,"sourceH":68},
"zmj_buttom_01":{"x":581,"y":1544,"w":95,"h":103,"offX":0,"offY":0,"sourceW":95,"sourceH":103},
"zmj_buttom_02":{"x":1205,"y":310,"w":338,"h":162,"offX":0,"offY":0,"sourceW":338,"sourceH":162},
"zmj_buttom_03":{"x":768,"y":1523,"w":112,"h":118,"offX":0,"offY":0,"sourceW":112,"sourceH":118},
"zmj_buttom_04":{"x":1675,"y":931,"w":182,"h":79,"offX":0,"offY":0,"sourceW":182,"sourceH":79},
"zmj_buttom_05":{"x":1822,"y":842,"w":182,"h":79,"offX":0,"offY":0,"sourceW":182,"sourceH":79},
"zmj_buttom_06":{"x":1131,"y":1541,"w":77,"h":74,"offX":0,"offY":0,"sourceW":77,"sourceH":74},
"zmj_buttom_07":{"x":402,"y":1757,"w":98,"h":68,"offX":0,"offY":0,"sourceW":98,"sourceH":68},
"zmj_buttom_08":{"x":602,"y":1891,"w":52,"h":50,"offX":0,"offY":0,"sourceW":52,"sourceH":50},
"zmj_buttom_09":{"x":871,"y":1765,"w":52,"h":50,"offX":0,"offY":0,"sourceW":52,"sourceH":50},
"zmj_buttom_10":{"x":757,"y":1790,"w":52,"h":50,"offX":0,"offY":0,"sourceW":52,"sourceH":50},
"zmj_buttom_11":{"x":757,"y":1844,"w":52,"h":50,"offX":0,"offY":0,"sourceW":52,"sourceH":50},
"zmj_buttom_12":{"x":2,"y":1770,"w":85,"h":91,"offX":0,"offY":0,"sourceW":85,"sourceH":91},
"zmj_buttom_13":{"x":313,"y":1685,"w":85,"h":91,"offX":0,"offY":0,"sourceW":85,"sourceH":91},
"zmj_buttom_14":{"x":180,"y":1858,"w":83,"h":76,"offX":0,"offY":0,"sourceW":83,"sourceH":76},
"zmj_buttom_16":{"x":1162,"y":603,"w":129,"h":68,"offX":0,"offY":0,"sourceW":129,"sourceH":68},
"zmj_buttom_17":{"x":1905,"y":576,"w":129,"h":68,"offX":0,"offY":0,"sourceW":129,"sourceH":68},
"zmj_buttom_18":{"x":884,"y":1523,"w":129,"h":68,"offX":0,"offY":0,"sourceW":129,"sourceH":68},
"zmj_buttom_19":{"x":1559,"y":1639,"w":58,"h":53,"offX":0,"offY":0,"sourceW":58,"sourceH":53},
"zmj_buttom_20":{"x":91,"y":1770,"w":85,"h":91,"offX":0,"offY":0,"sourceW":85,"sourceH":91},
"zmj_font_01":{"x":875,"y":1645,"w":136,"h":49,"offX":0,"offY":0,"sourceW":136,"sourceH":49},
"zmj_font_02":{"x":1681,"y":1452,"w":126,"h":38,"offX":0,"offY":0,"sourceW":126,"sourceH":38},
"zmj_font_03":{"x":2,"y":1865,"w":156,"h":38,"offX":0,"offY":0,"sourceW":156,"sourceH":38},
"zmj_font_04":{"x":1357,"y":1505,"w":128,"h":39,"offX":0,"offY":0,"sourceW":128,"sourceH":39},
"zmj_font_05":{"x":884,"y":1595,"w":129,"h":39,"offX":0,"offY":0,"sourceW":129,"sourceH":39},
"zmj_font_06":{"x":1015,"y":1722,"w":124,"h":35,"offX":0,"offY":0,"sourceW":124,"sourceH":35},
"zmj_font_07":{"x":1015,"y":1683,"w":125,"h":35,"offX":0,"offY":0,"sourceW":125,"sourceH":35},
"zmj_font_08":{"x":2,"y":1950,"w":113,"h":30,"offX":0,"offY":0,"sourceW":121,"sourceH":30},
"zmj_font_09":{"x":1938,"y":370,"w":90,"h":49,"offX":0,"offY":0,"sourceW":90,"sourceH":49},
"zmj_font_10":{"x":1402,"y":1804,"w":54,"h":34,"offX":0,"offY":0,"sourceW":54,"sourceH":34},
"zmj_font_11":{"x":1758,"y":1494,"w":77,"h":34,"offX":0,"offY":0,"sourceW":77,"sourceH":34},
"zmj_font_12":{"x":267,"y":1947,"w":106,"h":33,"offX":0,"offY":0,"sourceW":106,"sourceH":33},
"zmj_font_13":{"x":1546,"y":1605,"w":105,"h":30,"offX":0,"offY":0,"sourceW":105,"sourceH":30},
"zmj_font_14":{"x":844,"y":1698,"w":128,"h":30,"offX":0,"offY":0,"sourceW":128,"sourceH":30},
"zmj_font_15":{"x":621,"y":1841,"w":88,"h":46,"offX":0,"offY":0,"sourceW":88,"sourceH":46},
"zmj_font_16":{"x":1700,"y":1555,"w":84,"h":32,"offX":0,"offY":0,"sourceW":84,"sourceH":32},
"zmj_font_17":{"x":1403,"y":1377,"w":84,"h":32,"offX":0,"offY":0,"sourceW":84,"sourceH":32},
"zmj_font_18":{"x":486,"y":1928,"w":112,"h":32,"offX":0,"offY":0,"sourceW":112,"sourceH":32},
"zmj_font_19":{"x":1417,"y":1630,"w":125,"h":37,"offX":0,"offY":0,"sourceW":125,"sourceH":37},
"zmj_font_2":{"x":67,"y":2017,"w":46,"h":26,"offX":0,"offY":0,"sourceW":46,"sourceH":26},
"zmj_font_20":{"x":1508,"y":1265,"w":46,"h":26,"offX":0,"offY":0,"sourceW":46,"sourceH":26},
"zmj_font_21":{"x":118,"y":2016,"w":94,"h":27,"offX":0,"offY":0,"sourceW":94,"sourceH":27},
"zmj_font_22":{"x":1567,"y":1401,"w":182,"h":47,"offX":0,"offY":0,"sourceW":182,"sourceH":47},
"zmj_font_23":{"x":1570,"y":1521,"w":126,"h":38,"offX":0,"offY":0,"sourceW":126,"sourceH":38},
"zmj_font_24":{"x":1416,"y":1761,"w":55,"h":32,"offX":0,"offY":0,"sourceW":55,"sourceH":32},
"zmj_font_25":{"x":602,"y":1945,"w":78,"h":32,"offX":0,"offY":0,"sourceW":78,"sourceH":32},
"zmj_font_26":{"x":1528,"y":1707,"w":55,"h":32,"offX":0,"offY":0,"sourceW":55,"sourceH":32},
"zmj_font_27":{"x":1376,"y":1066,"w":236,"h":70,"offX":0,"offY":0,"sourceW":236,"sourceH":70},
"zmj_font_279":{"x":1777,"y":1214,"w":236,"h":34,"offX":0,"offY":1,"sourceW":236,"sourceH":35},
"zmj_font_28":{"x":377,"y":1947,"w":105,"h":33,"offX":0,"offY":0,"sourceW":105,"sourceH":33},
"zmj_font_29":{"x":1604,"y":749,"w":216,"h":89,"offX":0,"offY":0,"sourceW":216,"sourceH":89},
"zmj_font_299":{"x":1261,"y":1472,"w":190,"h":29,"offX":14,"offY":0,"sourceW":216,"sourceH":29},
"zmj_font_30":{"x":1914,"y":1252,"w":124,"h":38,"offX":0,"offY":0,"sourceW":124,"sourceH":38},
"zmj_font_31":{"x":1508,"y":1348,"w":176,"h":49,"offX":0,"offY":0,"sourceW":176,"sourceH":49},
"zmj_font_32":{"x":1570,"y":1563,"w":124,"h":38,"offX":0,"offY":0,"sourceW":124,"sourceH":38},
"zmj_font_33":{"x":682,"y":1691,"w":158,"h":43,"offX":0,"offY":0,"sourceW":158,"sourceH":43},
"zmj_font_34":{"x":781,"y":1738,"w":86,"h":48,"offX":0,"offY":0,"sourceW":86,"sourceH":48},
"zmj_font_35":{"x":486,"y":1856,"w":112,"h":32,"offX":0,"offY":0,"sourceW":112,"sourceH":32},
"zmj_font_36":{"x":486,"y":1892,"w":112,"h":32,"offX":0,"offY":0,"sourceW":112,"sourceH":32},
"zmj_font_37":{"x":1417,"y":1671,"w":138,"h":32,"offX":0,"offY":0,"sourceW":138,"sourceH":32},
"zmj_font_38":{"x":504,"y":1764,"w":87,"h":48,"offX":0,"offY":0,"sourceW":87,"sourceH":48},
"zmj_font_39":{"x":845,"y":1977,"w":61,"h":34,"offX":0,"offY":0,"sourceW":61,"sourceH":34},
"zmj_font_40":{"x":1824,"y":749,"w":59,"h":32,"offX":0,"offY":0,"sourceW":59,"sourceH":32},
"zmj_font_41":{"x":1566,"y":1260,"w":344,"h":31,"offX":0,"offY":0,"sourceW":344,"sourceH":31},
"zmj_font_42":{"x":1354,"y":1765,"w":58,"h":35,"offX":0,"offY":0,"sourceW":58,"sourceH":35},
"zmj_font_43":{"x":1547,"y":427,"w":285,"h":37,"offX":0,"offY":0,"sourceW":285,"sourceH":37},
"zmj_font_44":{"x":682,"y":1651,"w":189,"h":36,"offX":0,"offY":0,"sourceW":189,"sourceH":36},
"zmj_font_45":{"x":843,"y":2015,"w":62,"h":29,"offX":0,"offY":0,"sourceW":62,"sourceH":29},
"zmj_font_46":{"x":2,"y":2017,"w":61,"h":29,"offX":0,"offY":0,"sourceW":61,"sourceH":29},
"zmj_font_47":{"x":1981,"y":1179,"w":61,"h":30,"offX":0,"offY":0,"sourceW":61,"sourceH":30},
"zmj_font_48":{"x":1862,"y":1346,"w":126,"h":38,"offX":0,"offY":0,"sourceW":126,"sourceH":38},
"zmj_font_49":{"x":119,"y":1975,"w":93,"h":37,"offX":0,"offY":0,"sourceW":93,"sourceH":37},
"zmj_font_50":{"x":1529,"y":2,"w":424,"h":114,"offX":0,"offY":0,"sourceW":424,"sourceH":115},
"zmj_font_51":{"x":986,"y":1019,"w":386,"h":112,"offX":0,"offY":0,"sourceW":386,"sourceH":112},
"zmj_font_52":{"x":1417,"y":1548,"w":58,"h":36,"offX":0,"offY":0,"sourceW":58,"sourceH":36},
"zmj_font_53":{"x":712,"y":1898,"w":80,"h":29,"offX":0,"offY":0,"sourceW":80,"sourceH":29},
"zmj_font_54":{"x":404,"y":1913,"w":62,"h":29,"offX":0,"offY":0,"sourceW":62,"sourceH":29},
"zmj_font_55":{"x":267,"y":1917,"w":133,"h":26,"offX":0,"offY":0,"sourceW":133,"sourceH":26},
"zmj_font_56":{"x":1753,"y":1400,"w":126,"h":38,"offX":0,"offY":0,"sourceW":126,"sourceH":38},
"zmj_font_57":{"x":1417,"y":1589,"w":125,"h":37,"offX":0,"offY":0,"sourceW":125,"sourceH":37},
"zmj_font_58":{"x":1547,"y":247,"w":371,"h":88,"offX":0,"offY":0,"sourceW":371,"sourceH":88},
"zmj_font_59":{"x":637,"y":1738,"w":140,"h":30,"offX":0,"offY":0,"sourceW":140,"sourceH":30},
"zmj_font_60":{"x":1508,"y":1295,"w":178,"h":49,"offX":0,"offY":0,"sourceW":178,"sourceH":49},
"zmj_font_61":{"x":1288,"y":1613,"w":49,"h":22,"offX":0,"offY":0,"sourceW":49,"sourceH":22},
"zmj_font_62":{"x":477,"y":2018,"w":53,"h":22,"offX":0,"offY":0,"sourceW":53,"sourceH":22},
"zmj_font_63":{"x":534,"y":2018,"w":53,"h":22,"offX":0,"offY":0,"sourceW":53,"sourceH":22},
"zmj_font_64":{"x":909,"y":2023,"w":53,"h":22,"offX":0,"offY":0,"sourceW":53,"sourceH":22},
"zmj_font_65":{"x":1338,"y":1270,"w":53,"h":22,"offX":0,"offY":0,"sourceW":53,"sourceH":22},
"zmj_font_66":{"x":1231,"y":1613,"w":53,"h":22,"offX":0,"offY":0,"sourceW":53,"sourceH":22},
"zmj_font_67":{"x":1681,"y":1704,"w":52,"h":22,"offX":0,"offY":0,"sourceW":52,"sourceH":22},
"zmj_font_68":{"x":1212,"y":1571,"w":127,"h":38,"offX":0,"offY":0,"sourceW":127,"sourceH":38},
"zmj_font_69":{"x":1690,"y":1295,"w":179,"h":47,"offX":0,"offY":0,"sourceW":179,"sourceH":47},
"zmj_font_70":{"x":1550,"y":582,"w":351,"h":86,"offX":0,"offY":0,"sourceW":351,"sourceH":86},
"zmj_font_71":{"x":1873,"y":1295,"w":126,"h":38,"offX":0,"offY":0,"sourceW":126,"sourceH":38},
"zmj_font_72":{"x":645,"y":2011,"w":79,"h":28,"offX":0,"offY":0,"sourceW":79,"sourceH":28},
"zmj_font_73":{"x":1260,"y":1712,"w":53,"h":28,"offX":0,"offY":0,"sourceW":53,"sourceH":28},
"zmj_font_74":{"x":548,"y":1512,"w":52,"h":27,"offX":0,"offY":0,"sourceW":52,"sourceH":27},
"zmj_font_75":{"x":1995,"y":542,"w":51,"h":28,"offX":0,"offY":0,"sourceW":51,"sourceH":28},
"zmj_font_76":{"x":2,"y":1907,"w":152,"h":39,"offX":0,"offY":0,"sourceW":152,"sourceH":39},
"zmj_font_77":{"x":1675,"y":1014,"w":370,"h":31,"offX":0,"offY":0,"sourceW":370,"sourceH":31},
"zmj_font_78":{"x":1604,"y":842,"w":214,"h":85,"offX":0,"offY":0,"sourceW":214,"sourceH":85},
"zmj_font_79":{"x":1376,"y":977,"w":295,"h":85,"offX":0,"offY":0,"sourceW":295,"sourceH":85},
"zmj_font_80":{"x":1547,"y":339,"w":387,"h":84,"offX":0,"offY":0,"sourceW":387,"sourceH":85},
"zmj_font_92":{"x":521,"y":1651,"w":157,"h":44,"offX":0,"offY":0,"sourceW":157,"sourceH":44},
"zmj_font_93":{"x":1681,"y":1667,"w":53,"h":33,"offX":0,"offY":0,"sourceW":53,"sourceH":33},
"zmj_font_94":{"x":1297,"y":977,"w":72,"h":36,"offX":0,"offY":0,"sourceW":72,"sourceH":36},
"zmj_font_97":{"x":2,"y":1984,"w":112,"h":29,"offX":1,"offY":0,"sourceW":117,"sourceH":29},
"zmj_font_98":{"x":871,"y":1732,"w":114,"h":29,"offX":1,"offY":0,"sourceW":117,"sourceH":29},
"zmj_font_99":{"x":158,"y":1938,"w":105,"h":33,"offX":0,"offY":0,"sourceW":105,"sourceH":33},
"zmj_frame_01":{"x":1690,"y":1346,"w":168,"h":50,"offX":0,"offY":0,"sourceW":168,"sourceH":50},
"zmj_frame_02":{"x":2,"y":2,"w":519,"h":502,"offX":0,"offY":0,"sourceW":519,"sourceH":502},
"zmj_frame_03":{"x":658,"y":1891,"w":50,"h":50,"offX":0,"offY":0,"sourceW":50,"sourceH":50},
"zmj_frame_04":{"x":525,"y":2,"w":307,"h":817,"offX":0,"offY":0,"sourceW":307,"sourceH":817},
"zmj_frame_05":{"x":624,"y":1199,"w":321,"h":93,"offX":0,"offY":0,"sourceW":321,"sourceH":93},
"zmj_frame_06":{"x":1261,"y":1505,"w":92,"h":62,"offX":0,"offY":0,"sourceW":92,"sourceH":62},
"zmj_frame_07":{"x":976,"y":1698,"w":20,"h":20,"offX":0,"offY":0,"sourceW":20,"sourceH":20},
"zmj_frame_08":{"x":912,"y":1307,"w":179,"h":77,"offX":0,"offY":0,"sourceW":179,"sourceH":77},
"zmj_frame_09":{"x":119,"y":1950,"w":20,"h":20,"offX":0,"offY":0,"sourceW":20,"sourceH":20},
"zmj_frame_10":{"x":427,"y":1562,"w":150,"h":83,"offX":0,"offY":0,"sourceW":150,"sourceH":83},
"zmj_frame_11":{"x":1563,"y":931,"w":89,"h":41,"offX":0,"offY":0,"sourceW":89,"sourceH":41},
"zmj_frame_12":{"x":1026,"y":1404,"w":117,"h":119,"offX":0,"offY":0,"sourceW":117,"sourceH":119},
"zmj_frame_13":{"x":1297,"y":858,"w":262,"h":115,"offX":0,"offY":0,"sourceW":262,"sourceH":115},
"zmj_frame_14":{"x":1522,"y":582,"w":24,"h":15,"offX":0,"offY":0,"sourceW":24,"sourceH":15},
"zmj_frame_15":{"x":836,"y":688,"w":131,"h":129,"offX":0,"offY":0,"sourceW":131,"sourceH":129},
"zmj_frame_16":{"x":1318,"y":1645,"w":56,"h":59,"offX":0,"offY":0,"sourceW":56,"sourceH":59},
"zmj_frame_17":{"x":645,"y":1981,"w":20,"h":20,"offX":0,"offY":0,"sourceW":20,"sourceH":20},
"zmj_frame_18":{"x":1297,"y":603,"w":249,"h":145,"offX":0,"offY":0,"sourceW":249,"sourceH":145},
"zmj_frame_19":{"x":768,"y":1404,"w":123,"h":115,"offX":0,"offY":0,"sourceW":123,"sourceH":115},
"zmj_frame_20":{"x":1455,"y":1472,"w":30,"h":27,"offX":0,"offY":0,"sourceW":30,"sourceH":27},
"zmj_frame_21":{"x":2,"y":508,"w":307,"h":727,"offX":0,"offY":0,"sourceW":307,"sourceH":727},
"zmj_frame_22":{"x":986,"y":688,"w":307,"h":327,"offX":0,"offY":0,"sourceW":307,"sourceH":327},
"zmj_frame_23":{"x":1745,"y":1108,"w":28,"h":83,"offX":0,"offY":0,"sourceW":28,"sourceH":83},
"zmj_frame_24":{"x":1489,"y":1472,"w":57,"h":44,"offX":0,"offY":0,"sourceW":57,"sourceH":44},
"zmj_frame_25":{"x":313,"y":823,"w":307,"h":597,"offX":0,"offY":0,"sourceW":307,"sourceH":597},
"zmj_frame_26":{"x":2,"y":1239,"w":307,"h":527,"offX":0,"offY":0,"sourceW":307,"sourceH":527},
"zmj_frame_27":{"x":313,"y":697,"w":128,"h":113,"offX":0,"offY":0,"sourceW":128,"sourceH":113},
"zmj_frame_28":{"x":1922,"y":120,"w":124,"h":124,"offX":0,"offY":0,"sourceW":124,"sourceH":124},
"zmj_frame_29":{"x":1172,"y":1297,"w":227,"h":112,"offX":0,"offY":0,"sourceW":227,"sourceH":112},
"zmj_frame_30":{"x":836,"y":357,"w":322,"h":327,"offX":2,"offY":1,"sourceW":372,"sourceH":328},
"zmj_frame_31":{"x":895,"y":1404,"w":127,"h":111,"offX":0,"offY":0,"sourceW":127,"sourceH":111},
"zmj_frame_32":{"x":1550,"y":672,"w":345,"h":73,"offX":0,"offY":0,"sourceW":345,"sourceH":73},
"zmj_frame_33":{"x":1655,"y":1605,"w":55,"h":58,"offX":0,"offY":0,"sourceW":55,"sourceH":58},
"zmj_frame_34":{"x":1021,"y":1971,"w":56,"h":40,"offX":0,"offY":0,"sourceW":56,"sourceH":40},
"zmj_frame_35":{"x":1522,"y":476,"w":322,"h":102,"offX":0,"offY":0,"sourceW":322,"sourceH":102},
"zmj_frame_36":{"x":1297,"y":752,"w":303,"h":102,"offX":0,"offY":0,"sourceW":303,"sourceH":102},
"zmj_frame_37":{"x":1951,"y":1049,"w":87,"h":55,"offX":0,"offY":0,"sourceW":87,"sourceH":55},
"zmj_icon_01":{"x":917,"y":1976,"w":52,"h":43,"offX":0,"offY":0,"sourceW":52,"sourceH":43},
"zmj_icon_02":{"x":688,"y":1772,"w":65,"h":58,"offX":0,"offY":0,"sourceW":65,"sourceH":58},
"zmj_icon_03":{"x":1621,"y":1667,"w":56,"h":51,"offX":0,"offY":0,"sourceW":56,"sourceH":51},
"zmj_icon_04":{"x":1700,"y":1494,"w":54,"h":57,"offX":0,"offY":0,"sourceW":54,"sourceH":57},
"zmj_icon_05":{"x":684,"y":1945,"w":53,"h":47,"offX":0,"offY":0,"sourceW":53,"sourceH":47},
"zmj_icon_06":{"x":1621,"y":1639,"w":22,"h":22,"offX":0,"offY":0,"sourceW":22,"sourceH":22},
"zmj_icon_07":{"x":1202,"y":1679,"w":54,"h":63,"offX":0,"offY":0,"sourceW":54,"sourceH":63},
"zmj_icon_08":{"x":1260,"y":1645,"w":54,"h":63,"offX":0,"offY":0,"sourceW":54,"sourceH":63},
"zmj_icon_09":{"x":1144,"y":1679,"w":54,"h":63,"offX":0,"offY":0,"sourceW":54,"sourceH":63},
"zmj_icon_11":{"x":1995,"y":485,"w":50,"h":53,"offX":0,"offY":0,"sourceW":50,"sourceH":53},
"zmj_icon_12":{"x":973,"y":1976,"w":44,"h":46,"offX":0,"offY":0,"sourceW":44,"sourceH":46},
"zmj_icon_13":{"x":1074,"y":1919,"w":47,"h":46,"offX":0,"offY":0,"sourceW":47,"sourceH":46},
"zmj_icon_14":{"x":1566,"y":1140,"w":45,"h":47,"offX":0,"offY":0,"sourceW":45,"sourceH":47},
"zmj_icon_15":{"x":1957,"y":2,"w":86,"h":99,"offX":0,"offY":0,"sourceW":86,"sourceH":99},
"zmj_icon_16":{"x":624,"y":1404,"w":140,"h":136,"offX":0,"offY":0,"sourceW":140,"sourceH":136},
"zmj_icon_17":{"x":713,"y":1834,"w":40,"h":49,"offX":0,"offY":0,"sourceW":40,"sourceH":49},
"zmj_icon_18":{"x":986,"y":1135,"w":182,"h":168,"offX":0,"offY":0,"sourceW":182,"sourceH":168},
"zmj_icon_19":{"x":313,"y":508,"w":195,"h":185,"offX":0,"offY":0,"sourceW":195,"sourceH":185},
"zmj_icon_20":{"x":264,"y":1984,"w":50,"h":49,"offX":0,"offY":0,"sourceW":50,"sourceH":49},
"zmj_icon_21":{"x":1354,"y":1804,"w":44,"h":42,"offX":0,"offY":0,"sourceW":44,"sourceH":42},
"zmj_icon_22":{"x":1242,"y":1852,"w":44,"h":42,"offX":0,"offY":0,"sourceW":44,"sourceH":42},
"zmj_icon_23":{"x":1378,"y":1645,"w":34,"h":38,"offX":0,"offY":0,"sourceW":34,"sourceH":38},
"zmj_icon_24":{"x":1938,"y":248,"w":103,"h":118,"offX":0,"offY":0,"sourceW":103,"sourceH":118},
"zmj_icon_25":{"x":1172,"y":1135,"w":162,"h":158,"offX":0,"offY":0,"sourceW":162,"sourceH":158},
"zmj_icon_26":{"x":1403,"y":1270,"w":101,"h":103,"offX":0,"offY":0,"sourceW":101,"sourceH":103},
"zmj_icon_27":{"x":1131,"y":1619,"w":96,"h":56,"offX":0,"offY":0,"sourceW":96,"sourceH":56},
"zmj_icon_28":{"x":621,"y":1772,"w":63,"h":65,"offX":0,"offY":0,"sourceW":63,"sourceH":65},
"zmj_icon_29":{"x":1899,"y":672,"w":131,"h":110,"offX":0,"offY":0,"sourceW":131,"sourceH":110},
"zmj_icon_30":{"x":2008,"y":886,"w":35,"h":35,"offX":0,"offY":0,"sourceW":35,"sourceH":35},
"zmj_icon_31":{"x":637,"y":1699,"w":31,"h":35,"offX":0,"offY":0,"sourceW":31,"sourceH":35},
"zmj_icon_33":{"x":1231,"y":1639,"w":24,"h":30,"offX":0,"offY":0,"sourceW":24,"sourceH":30},
"zmj_icon_34":{"x":445,"y":697,"w":72,"h":70,"offX":0,"offY":0,"sourceW":72,"sourceH":70},
"zmj_icon_35":{"x":366,"y":1819,"w":26,"h":27,"offX":0,"offY":0,"sourceW":26,"sourceH":27},
"zmj_icon_36":{"x":793,"y":2002,"w":46,"h":42,"offX":0,"offY":0,"sourceW":46,"sourceH":42},
"zmj_icon_37":{"x":158,"y":1907,"w":17,"h":19,"offX":0,"offY":0,"sourceW":17,"sourceH":19},
"zmj_icon_88":{"x":1318,"y":1708,"w":50,"h":53,"offX":0,"offY":0,"sourceW":50,"sourceH":53}}}