[1,0,0,[["cc.JsonAsset",["_name","json"],1]],[[0,0,1,3]],[[0,"flag",{"file":"flagicon.png","frames":{"flag9_png":{"x":63,"y":373,"w":60,"h":60,"offX":0,"offY":0,"sourceW":60,"sourceH":60},"flag35_png":{"x":1,"y":373,"w":60,"h":60,"offX":0,"offY":0,"sourceW":60,"sourceH":60},"flag21_png":{"x":435,"y":311,"w":60,"h":60,"offX":0,"offY":0,"sourceW":60,"sourceH":60},"flag20_png":{"x":373,"y":311,"w":60,"h":60,"offX":0,"offY":0,"sourceW":60,"sourceH":60},"flag34_png":{"x":311,"y":311,"w":60,"h":60,"offX":0,"offY":0,"sourceW":60,"sourceH":60},"flag8_png":{"x":249,"y":311,"w":60,"h":60,"offX":0,"offY":0,"sourceW":60,"sourceH":60},"flag22_png":{"x":187,"y":311,"w":60,"h":60,"offX":0,"offY":0,"sourceW":60,"sourceH":60},"flag36_png":{"x":125,"y":311,"w":60,"h":60,"offX":0,"offY":0,"sourceW":60,"sourceH":60},"flag37_png":{"x":63,"y":311,"w":60,"h":60,"offX":0,"offY":0,"sourceW":60,"sourceH":60},"flag23_png":{"x":1,"y":311,"w":60,"h":60,"offX":0,"offY":0,"sourceW":60,"sourceH":60},"flag27_png":{"x":435,"y":249,"w":60,"h":60,"offX":0,"offY":0,"sourceW":60,"sourceH":60},"flag33_png":{"x":373,"y":249,"w":60,"h":60,"offX":0,"offY":0,"sourceW":60,"sourceH":60},"flag32_png":{"x":311,"y":249,"w":60,"h":60,"offX":0,"offY":0,"sourceW":60,"sourceH":60},"flag26_png":{"x":249,"y":249,"w":60,"h":60,"offX":0,"offY":0,"sourceW":60,"sourceH":60},"flag18_png":{"x":187,"y":249,"w":60,"h":60,"offX":0,"offY":0,"sourceW":60,"sourceH":60},"flag30_png":{"x":125,"y":249,"w":60,"h":60,"offX":0,"offY":0,"sourceW":60,"sourceH":60},"flag24_png":{"x":63,"y":249,"w":60,"h":60,"offX":0,"offY":0,"sourceW":60,"sourceH":60},"flag25_png":{"x":1,"y":249,"w":60,"h":60,"offX":0,"offY":0,"sourceW":60,"sourceH":60},"flag31_png":{"x":435,"y":187,"w":60,"h":60,"offX":0,"offY":0,"sourceW":60,"sourceH":60},"flag19_png":{"x":373,"y":187,"w":60,"h":60,"offX":0,"offY":0,"sourceW":60,"sourceH":60},"flag42_png":{"x":311,"y":187,"w":60,"h":60,"offX":0,"offY":0,"sourceW":60,"sourceH":60},"flag43_png":{"x":249,"y":187,"w":60,"h":60,"offX":0,"offY":0,"sourceW":60,"sourceH":60},"flag41_png":{"x":187,"y":187,"w":60,"h":60,"offX":0,"offY":0,"sourceW":60,"sourceH":60},"flag40_png":{"x":125,"y":187,"w":60,"h":60,"offX":0,"offY":0,"sourceW":60,"sourceH":60},"flag44_png":{"x":63,"y":187,"w":60,"h":60,"offX":0,"offY":0,"sourceW":60,"sourceH":60},"flag50_png":{"x":1,"y":187,"w":60,"h":60,"offX":0,"offY":0,"sourceW":60,"sourceH":60},"flag45_png":{"x":435,"y":125,"w":60,"h":60,"offX":0,"offY":0,"sourceW":60,"sourceH":60},"flag47_png":{"x":373,"y":125,"w":60,"h":60,"offX":0,"offY":0,"sourceW":60,"sourceH":60},"flag46_png":{"x":311,"y":125,"w":60,"h":60,"offX":0,"offY":0,"sourceW":60,"sourceH":60},"flag48_png":{"x":249,"y":125,"w":60,"h":60,"offX":0,"offY":0,"sourceW":60,"sourceH":60},"flag49_png":{"x":187,"y":125,"w":60,"h":60,"offX":0,"offY":0,"sourceW":60,"sourceH":60},"flag14_png":{"x":125,"y":125,"w":60,"h":60,"offX":0,"offY":0,"sourceW":60,"sourceH":60},"flag28_png":{"x":63,"y":125,"w":60,"h":60,"offX":0,"offY":0,"sourceW":60,"sourceH":60},"flag29_png":{"x":1,"y":125,"w":60,"h":60,"offX":0,"offY":0,"sourceW":60,"sourceH":60},"flag15_png":{"x":435,"y":63,"w":60,"h":60,"offX":0,"offY":0,"sourceW":60,"sourceH":60},"flag1_png":{"x":373,"y":63,"w":60,"h":60,"offX":0,"offY":0,"sourceW":60,"sourceH":60},"flag3_png":{"x":311,"y":63,"w":60,"h":60,"offX":0,"offY":0,"sourceW":60,"sourceH":60},"flag17_png":{"x":249,"y":63,"w":60,"h":60,"offX":0,"offY":0,"sourceW":60,"sourceH":60},"flag16_png":{"x":187,"y":63,"w":60,"h":60,"offX":0,"offY":0,"sourceW":60,"sourceH":60},"flag2_png":{"x":125,"y":63,"w":60,"h":60,"offX":0,"offY":0,"sourceW":60,"sourceH":60},"flag6_png":{"x":63,"y":63,"w":60,"h":60,"offX":0,"offY":0,"sourceW":60,"sourceH":60},"flag12_png":{"x":1,"y":63,"w":60,"h":60,"offX":0,"offY":0,"sourceW":60,"sourceH":60},"flag13_png":{"x":435,"y":1,"w":60,"h":60,"offX":0,"offY":0,"sourceW":60,"sourceH":60},"flag7_png":{"x":373,"y":1,"w":60,"h":60,"offX":0,"offY":0,"sourceW":60,"sourceH":60},"flag5_png":{"x":311,"y":1,"w":60,"h":60,"offX":0,"offY":0,"sourceW":60,"sourceH":60},"flag39_png":{"x":249,"y":1,"w":60,"h":60,"offX":0,"offY":0,"sourceW":60,"sourceH":60},"flag11_png":{"x":187,"y":1,"w":60,"h":60,"offX":0,"offY":0,"sourceW":60,"sourceH":60},"flag10_png":{"x":125,"y":1,"w":60,"h":60,"offX":0,"offY":0,"sourceW":60,"sourceH":60},"flag38_png":{"x":63,"y":1,"w":60,"h":60,"offX":0,"offY":0,"sourceW":60,"sourceH":60},"flag4_png":{"x":1,"y":1,"w":60,"h":60,"offX":0,"offY":0,"sourceW":60,"sourceH":60}}}]],0,0,[],[],[]]