{"__type__":"cc.AnimationClip","_name":"baozha","_duration":0.65,"sample":20,"curveData":{"comps":{"cc.BoxCollider":{"offset":[{"frame":0,"value":{"__type__":"cc.Vec2","x":3,"y":1}},{"frame":0.05,"value":{"__type__":"cc.Vec2","x":3,"y":99999}}]},"cc.Sprite":{"spriteFrame":[{"frame":0,"value":{"__uuid__":"1e3zvD31BFe7jfG6+s4wNm"}},{"frame":0.05,"value":{"__uuid__":"811HHrEqRN67Npo6Fq6b1y"}},{"frame":0.1,"value":{"__uuid__":"21CNeAgOxEXr6nlSrjYgrL"}},{"frame":0.15,"value":{"__uuid__":"4ca9mnWWtJ8YFKA98G1Gsy"}},{"frame":0.2,"value":{"__uuid__":"03bEKKO29I4YwWgT1EDYHe"}},{"frame":0.25,"value":{"__uuid__":"aaXLKOwipHnrmmuog0s21W"}},{"frame":0.3,"value":{"__uuid__":"49OezxwIpBJqvY8dHSYBCV"}},{"frame":0.35,"value":{"__uuid__":"1b/2QDiytLjp7HXmpbRAsC"}},{"frame":0.4,"value":{"__uuid__":"38rh6i3IZAiaoBKq2sCmih"}},{"frame":0.45,"value":{"__uuid__":"80Z5UkuhNEQ5NfXvj5Xv20"}},{"frame":0.5,"value":{"__uuid__":"15uxVk0jtHdq808dt1KXXC"}},{"frame":0.55,"value":{"__uuid__":"61s2Nhce9B745ek8iCEjSz"}},{"frame":0.6,"value":{"__uuid__":"4eHP5sGThI7pKZ7BGSZnUQ"}}]}}}}