[
  {
    "__type__": "cc.SpriteFrame",
    "content": {
      "name": "empty1356",
      "texture": "88tn/jEb1IUJjk+yo6qwK0",
      "rect": [
        0,
        0,
        2,
        2
      ],
      "offset": [
        0,
        0
      ],
      "originalSize": [
        2,
        2
      ],
      "capInsets": [
        0,
        0,
        0,
        0
      ]
    }
  },
  {
    "__type__": "cc.SpriteFrame",
    "content": {
      "name": "video",
      "texture": "bber9idBlF9Idt0PLrzGlc",
      "rect": [
        967,
        58,
        55,
        42
      ],
      "offset": [
        0,
        0
      ],
      "originalSize": [
        55,
        42
      ],
      "capInsets": [
        0,
        0,
        0,
        0
      ]
    }
  },
  {
    "__type__": "cc.SpriteFrame",
    "content": {
      "name": "title_bg12431",
      "texture": "5bxp7tmShCy4DGByAX+U3u",
      "rect": [
        0,
        0,
        274,
        104
      ],
      "offset": [
        0,
        0
      ],
      "originalSize": [
        274,
        104
      ],
      "capInsets": [
        40,
        0,
        40,
        0
      ]
    }
  },
  {
    "__type__": "cc.SpriteFrame",
    "content": {
      "name": "assassinLeg1",
      "texture": "bber9idBlF9Idt0PLrzGlc",
      "rect": [
        48,
        1931,
        108,
        44
      ],
      "offset": [
        0,
        0
      ],
      "originalSize": [
        110,
        46
      ],
      "rotated": 1,
      "capInsets": [
        0,
        0,
        0,
        0
      ]
    }
  },
  {
    "__type__": "cc.SpriteFrame",
    "content": {
      "name": "assassin1",
      "texture": "bber9idBlF9Idt0PLrzGlc",
      "rect": [
        519,
        742,
        249,
        183
      ],
      "offset": [
        0,
        0
      ],
      "originalSize": [
        249,
        183
      ],
      "capInsets": [
        0,
        0,
        0,
        0
      ]
    }
  },
  {
    "__type__": "cc.SpriteFrame",
    "content": {
      "name": "test_bg",
      "texture": "bber9idBlF9Idt0PLrzGlc",
      "rect": [
        399,
        1537,
        60,
        60
      ],
      "offset": [
        0,
        0
      ],
      "originalSize": [
        60,
        60
      ],
      "capInsets": [
        10,
        10,
        10,
        10
      ]
    }
  },
  [
    {
      "__type__": "cc.Prefab",
      "_name": "SkinTestUI",
      "data": {
        "__id__": 1
      }
    },
    {
      "__type__": "cc.Node",
      "_name": "SkinTestUI",
      "_children": [
        {
          "__id__": 2
        },
        {
          "__id__": 3
        },
        {
          "__id__": 4
        },
        {
          "__id__": 5
        },
        {
          "__id__": 26
        },
        {
          "__id__": 28
        },
        {
          "__id__": 29
        },
        {
          "__id__": 30
        },
        {
          "__id__": 31
        },
        {
          "__id__": 32
        }
      ],
      "_level": 1,
      "_components": [
        {
          "__type__": "cc.BlockInputEvents",
          "node": {
            "__id__": 1
          }
        },
        {
          "__type__": "444c91iFX1B4KVssnPdgf8U",
          "node": {
            "__id__": 1
          },
          "sortOrder": 2,
          "collect": {
            "__id__": 31
          }
        }
      ],
      "_prefab": {
        "__type__": "cc.PrefabInfo",
        "root": {
          "__id__": 1
        },
        "asset": {
          "__uuid__": "89ffmN2rtD/YKdx8hWqAnq"
        },
        "fileId": "8fNAtt5b5AYKaGrb7nA5Up"
      },
      "_contentSize": {
        "__type__": "cc.Size",
        "width": 750,
        "height": 1334
      },
      "groupIndex": 1
    },
    {
      "__type__": "cc.Node",
      "_name": "Back",
      "_parent": {
        "__id__": 1
      },
      "_level": 2,
      "_components": [
        {
          "__type__": "cc.Sprite",
          "node": {
            "__id__": 2
          },
          "_materials": [
            {
              "__uuid__": "ecpdLyjvZBwrvm+cedCcQy"
            }
          ],
          "_spriteFrame": {
            "__uuid__": "20MsNZ+lVL5IUu6DD9FWlF"
          },
          "_sizeMode": 0,
          "_isTrimmedMode": false
        },
        {
          "__type__": "cc.Widget",
          "node": {
            "__id__": 2
          },
          "alignMode": 0,
          "_alignFlags": 45,
          "_top": -173,
          "_bottom": -173,
          "_originalWidth": 720,
          "_originalHeight": 1280
        }
      ],
      "_prefab": {
        "__type__": "cc.PrefabInfo",
        "root": {
          "__id__": 1
        },
        "asset": {
          "__uuid__": "89ffmN2rtD/YKdx8hWqAnq"
        },
        "fileId": "3eOJVLcRZGyafVK/lwy+Ui"
      },
      "_opacity": 128,
      "_color": {
        "__type__": "cc.Color"
      },
      "_contentSize": {
        "__type__": "cc.Size",
        "width": 750,
        "height": 1680
      },
      "groupIndex": 1
    },
    {
      "__type__": "cc.Node",
      "_name": "Panel",
      "_parent": {
        "__id__": 1
      },
      "_level": 2,
      "_components": [
        {
          "__type__": "cc.Sprite",
          "node": {
            "__id__": 3
          },
          "_materials": [
            {
              "__uuid__": "ecpdLyjvZBwrvm+cedCcQy"
            }
          ],
          "_spriteFrame": {
            "__uuid__": "20MsNZ+lVL5IUu6DD9FWlF"
          },
          "_sizeMode": 0,
          "_isTrimmedMode": false
        }
      ],
      "_prefab": {
        "__type__": "cc.PrefabInfo",
        "root": {
          "__id__": 1
        },
        "asset": {
          "__uuid__": "89ffmN2rtD/YKdx8hWqAnq"
        },
        "fileId": "cf9fTxmPBPJaYUH0ROswiL"
      },
      "_color": {
        "__type__": "cc.Color",
        "r": 139,
        "g": 125,
        "b": 95
      },
      "_contentSize": {
        "__type__": "cc.Size",
        "width": 580,
        "height": 540
      },
      "_position": {
        "__type__": "cc.Vec3",
        "y": -22
      },
      "groupIndex": 1
    },
    {
      "__type__": "cc.Node",
      "_name": "Titleback",
      "_parent": {
        "__id__": 1
      },
      "_level": 2,
      "_components": [
        {
          "__type__": "cc.Sprite",
          "node": {
            "__id__": 4
          },
          "_materials": [
            {
              "__uuid__": "ecpdLyjvZBwrvm+cedCcQy"
            }
          ],
          "_spriteFrame": {
            "__uuid__": "2do2oEwatKMb9NAmWr/gFQ"
          },
          "_type": 1,
          "_sizeMode": 0,
          "_isTrimmedMode": false
        }
      ],
      "_prefab": {
        "__type__": "cc.PrefabInfo",
        "root": {
          "__id__": 1
        },
        "asset": {
          "__uuid__": "89ffmN2rtD/YKdx8hWqAnq"
        },
        "fileId": "1dx8DqavVNH6txrlb2SQx4"
      },
      "_contentSize": {
        "__type__": "cc.Size",
        "width": 640,
        "height": 104
      },
      "_position": {
        "__type__": "cc.Vec3",
        "y": 282
      },
      "groupIndex": 1
    },
    {
      "__type__": "cc.Node",
      "_name": "Menu",
      "_parent": {
        "__id__": 1
      },
      "_children": [
        {
          "__id__": 6
        },
        {
          "__id__": 17
        }
      ],
      "_level": 2,
      "_prefab": {
        "__type__": "cc.PrefabInfo",
        "root": {
          "__id__": 1
        },
        "asset": {
          "__uuid__": "89ffmN2rtD/YKdx8hWqAnq"
        },
        "fileId": "beXxgswT5ChbTwH5gqteZK"
      },
      "_contentSize": {
        "__type__": "cc.Size",
        "width": 580,
        "height": 240
      },
      "_position": {
        "__type__": "cc.Vec3",
        "y": 59
      },
      "groupIndex": 1
    },
    {
      "__type__": "cc.Node",
      "_name": "Toggle1",
      "_parent": {
        "__id__": 5
      },
      "_children": [
        {
          "__id__": 7
        },
        {
          "__id__": 12
        },
        {
          "__id__": 13
        },
        {
          "__id__": 14
        }
      ],
      "_level": 3,
      "_components": [
        {
          "__type__": "cc.Sprite",
          "node": {
            "__id__": 6
          },
          "_materials": [
            {
              "__uuid__": "ecpdLyjvZBwrvm+cedCcQy"
            }
          ],
          "_spriteFrame": {
            "__uuid__": "74BiZ8bKFEjKSEXX53ozML"
          },
          "_type": 1,
          "_sizeMode": 0,
          "_isTrimmedMode": false
        }
      ],
      "_prefab": {
        "__type__": "cc.PrefabInfo",
        "root": {
          "__id__": 1
        },
        "asset": {
          "__uuid__": "89ffmN2rtD/YKdx8hWqAnq"
        },
        "fileId": "5fGRn+XzNAfp8f9sU92v9N"
      },
      "_color": {
        "__type__": "cc.Color",
        "r": 255,
        "g": 154,
        "b": 255
      },
      "_contentSize": {
        "__type__": "cc.Size",
        "width": 220,
        "height": 260
      },
      "_position": {
        "__type__": "cc.Vec3",
        "x": -130
      },
      "groupIndex": 1
    },
    {
      "__type__": "cc.Node",
      "_name": "Model",
      "_parent": {
        "__id__": 6
      },
      "_children": [
        {
          "__id__": 8
        },
        {
          "__id__": 11
        }
      ],
      "_level": 4,
      "_components": [
        {
          "__type__": "cc.Animation",
          "node": {
            "__id__": 7
          },
          "playOnLoad": true
        }
      ],
      "_prefab": {
        "__type__": "cc.PrefabInfo",
        "root": {
          "__id__": 1
        },
        "asset": {
          "__uuid__": "89ffmN2rtD/YKdx8hWqAnq"
        },
        "fileId": "faBgDjmLVK/YO9cB8L07+t"
      },
      "_contentSize": {
        "__type__": "cc.Size",
        "width": 289,
        "height": 224
      },
      "_position": {
        "__type__": "cc.Vec3",
        "y": 30
      },
      "_scale": {
        "__type__": "cc.Vec3",
        "x": 0.6,
        "y": 0.6,
        "z": 1
      }
    },
    {
      "__type__": "cc.Node",
      "_name": "Legs",
      "_parent": {
        "__id__": 7
      },
      "_children": [
        {
          "__id__": 9
        },
        {
          "__id__": 10
        }
      ],
      "_level": 3,
      "_prefab": {
        "__type__": "cc.PrefabInfo",
        "root": {
          "__id__": 1
        },
        "asset": {
          "__uuid__": "89ffmN2rtD/YKdx8hWqAnq"
        },
        "fileId": "80DaU/PshDapICSv0guEIq"
      },
      "_contentSize": {
        "__type__": "cc.Size",
        "width": 120,
        "height": 120
      },
      "_position": {
        "__type__": "cc.Vec3",
        "x": 34
      }
    },
    {
      "__type__": "cc.Node",
      "_name": "L",
      "_parent": {
        "__id__": 8
      },
      "_level": 3,
      "_components": [
        {
          "__type__": "cc.Sprite",
          "node": {
            "__id__": 9
          },
          "_materials": [
            {
              "__uuid__": "ecpdLyjvZBwrvm+cedCcQy"
            }
          ],
          "_spriteFrame": {
            "__uuid__": "4crRtg8KpNYa8UGnn3DmUj"
          },
          "_sizeMode": 2,
          "_isTrimmedMode": false
        }
      ],
      "_prefab": {
        "__type__": "cc.PrefabInfo",
        "root": {
          "__id__": 1
        },
        "asset": {
          "__uuid__": "89ffmN2rtD/YKdx8hWqAnq"
        },
        "fileId": "1b72Qju7FKG4VmRQAUOFaf"
      },
      "_contentSize": {
        "__type__": "cc.Size",
        "width": 122,
        "height": 64
      },
      "_anchorPoint": {
        "__type__": "cc.Vec2",
        "y": 0.5
      },
      "_position": {
        "__type__": "cc.Vec3",
        "x": -13,
        "y": 20
      },
      "_scale": {
        "__type__": "cc.Vec3",
        "y": 1,
        "z": 1
      }
    },
    {
      "__type__": "cc.Node",
      "_name": "R",
      "_parent": {
        "__id__": 8
      },
      "_level": 3,
      "_components": [
        {
          "__type__": "cc.Sprite",
          "node": {
            "__id__": 10
          },
          "_materials": [
            {
              "__uuid__": "ecpdLyjvZBwrvm+cedCcQy"
            }
          ],
          "_spriteFrame": {
            "__uuid__": "4crRtg8KpNYa8UGnn3DmUj"
          },
          "_sizeMode": 2,
          "_isTrimmedMode": false
        }
      ],
      "_prefab": {
        "__type__": "cc.PrefabInfo",
        "root": {
          "__id__": 1
        },
        "asset": {
          "__uuid__": "89ffmN2rtD/YKdx8hWqAnq"
        },
        "fileId": "7eONsWSL1CFZAiZcZzkJ/L"
      },
      "_contentSize": {
        "__type__": "cc.Size",
        "width": 122,
        "height": 64
      },
      "_anchorPoint": {
        "__type__": "cc.Vec2",
        "y": 0.5
      },
      "_position": {
        "__type__": "cc.Vec3",
        "x": -43,
        "y": -20
      },
      "_scale": {
        "__type__": "cc.Vec3",
        "y": 1,
        "z": 1
      }
    },
    {
      "__type__": "cc.Node",
      "_name": "Body",
      "_parent": {
        "__id__": 7
      },
      "_level": 3,
      "_components": [
        {
          "__type__": "cc.Sprite",
          "node": {
            "__id__": 11
          },
          "_materials": [
            {
              "__uuid__": "ecpdLyjvZBwrvm+cedCcQy"
            }
          ],
          "_spriteFrame": {
            "__uuid__": "682vOvGa5ExpcRNJHH1iIX"
          },
          "_sizeMode": 2
        }
      ],
      "_prefab": {
        "__type__": "cc.PrefabInfo",
        "root": {
          "__id__": 1
        },
        "asset": {
          "__uuid__": "89ffmN2rtD/YKdx8hWqAnq"
        },
        "fileId": "7dguNG4LlBTZnF24BlEh7Q"
      },
      "_contentSize": {
        "__type__": "cc.Size",
        "width": 289,
        "height": 224
      },
      "_position": {
        "__type__": "cc.Vec3",
        "x": 34
      }
    },
    {
      "__type__": "cc.Node",
      "_name": "Button",
      "_parent": {
        "__id__": 6
      },
      "_level": 4,
      "_components": [
        {
          "__type__": "cc.Sprite",
          "node": {
            "__id__": 12
          },
          "_materials": [
            {
              "__uuid__": "ecpdLyjvZBwrvm+cedCcQy"
            }
          ],
          "_spriteFrame": {
            "__uuid__": "feLDIQu+JN0J9KRNjfNIgB"
          },
          "_type": 1,
          "_sizeMode": 0,
          "_isTrimmedMode": false
        },
        {
          "__type__": "cc.Button",
          "node": {
            "__id__": 12
          },
          "zoomScale": 0.9,
          "clickEvents": [
            {
              "__type__": "cc.ClickEvent",
              "target": {
                "__id__": 1
              },
              "_componentId": "444c91iFX1B4KVssnPdgf8U",
              "handler": "freeTest"
            }
          ],
          "_N$transition": 3,
          "transition": 3,
          "_N$target": {
            "__id__": 12
          }
        }
      ],
      "_prefab": {
        "__type__": "cc.PrefabInfo",
        "root": {
          "__id__": 1
        },
        "asset": {
          "__uuid__": "89ffmN2rtD/YKdx8hWqAnq"
        },
        "fileId": "b2eoo9s91HILfgQ9Ov6XGv"
      },
      "_contentSize": {
        "__type__": "cc.Size",
        "width": 220,
        "height": 58
      },
      "_position": {
        "__type__": "cc.Vec3",
        "y": -100
      },
      "groupIndex": 1
    },
    {
      "__type__": "cc.Node",
      "_name": "Style1",
      "_parent": {
        "__id__": 6
      },
      "_level": 4,
      "_components": [
        {
          "__type__": "cc.Label",
          "node": {
            "__id__": 13
          },
          "_materials": [
            {
              "__uuid__": "ecpdLyjvZBwrvm+cedCcQy"
            }
          ],
          "_string": "Free",
          "_N$string": "Free",
          "_fontSize": 25,
          "_lineHeight": 25
        },
        {
          "__type__": "cc.LabelOutline",
          "node": {
            "__id__": 13
          },
          "_color": {
            "__type__": "cc.Color"
          },
          "_width": 2
        }
      ],
      "_prefab": {
        "__type__": "cc.PrefabInfo",
        "root": {
          "__id__": 1
        },
        "asset": {
          "__uuid__": "89ffmN2rtD/YKdx8hWqAnq"
        },
        "fileId": "e0hm+xFlVPn72aR7ffrBCb"
      },
      "_contentSize": {
        "__type__": "cc.Size",
        "width": 55.4,
        "height": 35.5
      },
      "_position": {
        "__type__": "cc.Vec3",
        "x": 7.94,
        "y": -99.243
      },
      "groupIndex": 1
    },
    {
      "__type__": "cc.Node",
      "_name": "Style2",
      "_parent": {
        "__id__": 6
      },
      "_children": [
        {
          "__id__": 15
        },
        {
          "__id__": 16
        }
      ],
      "_level": 4,
      "_prefab": {
        "__type__": "cc.PrefabInfo",
        "root": {
          "__id__": 1
        },
        "asset": {
          "__uuid__": "89ffmN2rtD/YKdx8hWqAnq"
        },
        "fileId": "d5z1Xfix9DXYaAS9F/gyPd"
      }
    },
    {
      "__type__": "cc.Node",
      "_name": "Video",
      "_parent": {
        "__id__": 14
      },
      "_level": 5,
      "_components": [
        {
          "__type__": "cc.Sprite",
          "node": {
            "__id__": 15
          },
          "_materials": [
            {
              "__uuid__": "ecpdLyjvZBwrvm+cedCcQy"
            }
          ],
          "_spriteFrame": {
            "__uuid__": "2chAoT/npGG5tcauaTPNEV"
          },
          "_sizeMode": 2,
          "_isTrimmedMode": false
        }
      ],
      "_prefab": {
        "__type__": "cc.PrefabInfo",
        "root": {
          "__id__": 1
        },
        "asset": {
          "__uuid__": "89ffmN2rtD/YKdx8hWqAnq"
        },
        "fileId": "dcPueD8uRE87Vn4xpZ49Jw"
      },
      "_contentSize": {
        "__type__": "cc.Size",
        "width": 55,
        "height": 42
      },
      "_position": {
        "__type__": "cc.Vec3",
        "x": -74.181,
        "y": -100
      },
      "_scale": {
        "__type__": "cc.Vec3",
        "x": 0.6,
        "y": 0.6,
        "z": 1
      },
      "groupIndex": 1
    },
    {
      "__type__": "cc.Node",
      "_name": "Text",
      "_parent": {
        "__id__": 14
      },
      "_level": 5,
      "_components": [
        {
          "__type__": "cc.Label",
          "node": {
            "__id__": 16
          },
          "_materials": [
            {
              "__uuid__": "ecpdLyjvZBwrvm+cedCcQy"
            }
          ],
          "_string": "Use",
          "_N$string": "Use",
          "_fontSize": 25,
          "_lineHeight": 25
        },
        {
          "__type__": "cc.LabelOutline",
          "node": {
            "__id__": 16
          },
          "_color": {
            "__type__": "cc.Color"
          },
          "_width": 2
        }
      ],
      "_prefab": {
        "__type__": "cc.PrefabInfo",
        "root": {
          "__id__": 1
        },
        "asset": {
          "__uuid__": "89ffmN2rtD/YKdx8hWqAnq"
        },
        "fileId": "52X1ZXU5lAh5pbquCSpT3J"
      },
      "_contentSize": {
        "__type__": "cc.Size",
        "width": 48.46,
        "height": 35.5
      },
      "_position": {
        "__type__": "cc.Vec3",
        "x": 18.708,
        "y": -97.355
      },
      "groupIndex": 1
    },
    {
      "__type__": "cc.Node",
      "_name": "Toggle2",
      "_parent": {
        "__id__": 5
      },
      "_children": [
        {
          "__id__": 18
        },
        {
          "__id__": 23
        },
        {
          "__id__": 24
        },
        {
          "__id__": 25
        }
      ],
      "_level": 3,
      "_components": [
        {
          "__type__": "cc.Sprite",
          "node": {
            "__id__": 17
          },
          "_materials": [
            {
              "__uuid__": "ecpdLyjvZBwrvm+cedCcQy"
            }
          ],
          "_spriteFrame": {
            "__uuid__": "74BiZ8bKFEjKSEXX53ozML"
          },
          "_type": 1,
          "_sizeMode": 0,
          "_isTrimmedMode": false
        }
      ],
      "_prefab": {
        "__type__": "cc.PrefabInfo",
        "root": {
          "__id__": 1
        },
        "asset": {
          "__uuid__": "89ffmN2rtD/YKdx8hWqAnq"
        },
        "fileId": "efjWgksX5KY6XfWuTHFBYt"
      },
      "_contentSize": {
        "__type__": "cc.Size",
        "width": 220,
        "height": 260
      },
      "_position": {
        "__type__": "cc.Vec3",
        "x": 130
      },
      "groupIndex": 1
    },
    {
      "__type__": "cc.Node",
      "_name": "Model",
      "_parent": {
        "__id__": 17
      },
      "_children": [
        {
          "__id__": 19
        },
        {
          "__id__": 22
        }
      ],
      "_level": 4,
      "_components": [
        {
          "__type__": "cc.Animation",
          "node": {
            "__id__": 18
          },
          "playOnLoad": true
        }
      ],
      "_prefab": {
        "__type__": "cc.PrefabInfo",
        "root": {
          "__id__": 1
        },
        "asset": {
          "__uuid__": "89ffmN2rtD/YKdx8hWqAnq"
        },
        "fileId": "7eWSHMh+JIZbwVudeqgF3U"
      },
      "_contentSize": {
        "__type__": "cc.Size",
        "width": 289,
        "height": 224
      },
      "_position": {
        "__type__": "cc.Vec3",
        "y": 30
      },
      "_scale": {
        "__type__": "cc.Vec3",
        "x": 0.6,
        "y": 0.6,
        "z": 1
      }
    },
    {
      "__type__": "cc.Node",
      "_name": "Legs",
      "_parent": {
        "__id__": 18
      },
      "_children": [
        {
          "__id__": 20
        },
        {
          "__id__": 21
        }
      ],
      "_level": 3,
      "_prefab": {
        "__type__": "cc.PrefabInfo",
        "root": {
          "__id__": 1
        },
        "asset": {
          "__uuid__": "89ffmN2rtD/YKdx8hWqAnq"
        },
        "fileId": "87WQwgZ0tCDIu/CnbyHuEt"
      },
      "_contentSize": {
        "__type__": "cc.Size",
        "width": 120,
        "height": 120
      },
      "_position": {
        "__type__": "cc.Vec3",
        "x": 34
      }
    },
    {
      "__type__": "cc.Node",
      "_name": "L",
      "_parent": {
        "__id__": 19
      },
      "_level": 3,
      "_components": [
        {
          "__type__": "cc.Sprite",
          "node": {
            "__id__": 20
          },
          "_materials": [
            {
              "__uuid__": "ecpdLyjvZBwrvm+cedCcQy"
            }
          ],
          "_spriteFrame": {
            "__uuid__": "4crRtg8KpNYa8UGnn3DmUj"
          },
          "_sizeMode": 2,
          "_isTrimmedMode": false
        }
      ],
      "_prefab": {
        "__type__": "cc.PrefabInfo",
        "root": {
          "__id__": 1
        },
        "asset": {
          "__uuid__": "89ffmN2rtD/YKdx8hWqAnq"
        },
        "fileId": "9c58nDAsVLhajJyVqQOuxI"
      },
      "_contentSize": {
        "__type__": "cc.Size",
        "width": 122,
        "height": 64
      },
      "_anchorPoint": {
        "__type__": "cc.Vec2",
        "y": 0.5
      },
      "_position": {
        "__type__": "cc.Vec3",
        "x": -13,
        "y": 20
      },
      "_scale": {
        "__type__": "cc.Vec3",
        "y": 1,
        "z": 1
      }
    },
    {
      "__type__": "cc.Node",
      "_name": "R",
      "_parent": {
        "__id__": 19
      },
      "_level": 3,
      "_components": [
        {
          "__type__": "cc.Sprite",
          "node": {
            "__id__": 21
          },
          "_materials": [
            {
              "__uuid__": "ecpdLyjvZBwrvm+cedCcQy"
            }
          ],
          "_spriteFrame": {
            "__uuid__": "4crRtg8KpNYa8UGnn3DmUj"
          },
          "_sizeMode": 2
        }
      ],
      "_prefab": {
        "__type__": "cc.PrefabInfo",
        "root": {
          "__id__": 1
        },
        "asset": {
          "__uuid__": "89ffmN2rtD/YKdx8hWqAnq"
        },
        "fileId": "4fmQm7FNZId5Jddobe811T"
      },
      "_contentSize": {
        "__type__": "cc.Size",
        "width": 122,
        "height": 64
      },
      "_anchorPoint": {
        "__type__": "cc.Vec2",
        "y": 0.5
      },
      "_position": {
        "__type__": "cc.Vec3",
        "x": -43,
        "y": -20
      },
      "_scale": {
        "__type__": "cc.Vec3",
        "y": 1,
        "z": 1
      }
    },
    {
      "__type__": "cc.Node",
      "_name": "Body",
      "_parent": {
        "__id__": 18
      },
      "_level": 3,
      "_components": [
        {
          "__type__": "cc.Sprite",
          "node": {
            "__id__": 22
          },
          "_materials": [
            {
              "__uuid__": "ecpdLyjvZBwrvm+cedCcQy"
            }
          ],
          "_spriteFrame": {
            "__uuid__": "682vOvGa5ExpcRNJHH1iIX"
          },
          "_sizeMode": 2
        }
      ],
      "_prefab": {
        "__type__": "cc.PrefabInfo",
        "root": {
          "__id__": 1
        },
        "asset": {
          "__uuid__": "89ffmN2rtD/YKdx8hWqAnq"
        },
        "fileId": "danPG9EhpJ8oYKHde0d1uI"
      },
      "_contentSize": {
        "__type__": "cc.Size",
        "width": 289,
        "height": 224
      },
      "_position": {
        "__type__": "cc.Vec3",
        "x": 34
      }
    },
    {
      "__type__": "cc.Node",
      "_name": "Button",
      "_parent": {
        "__id__": 17
      },
      "_level": 4,
      "_components": [
        {
          "__type__": "cc.Sprite",
          "node": {
            "__id__": 23
          },
          "_materials": [
            {
              "__uuid__": "ecpdLyjvZBwrvm+cedCcQy"
            }
          ],
          "_spriteFrame": {
            "__uuid__": "feLDIQu+JN0J9KRNjfNIgB"
          },
          "_type": 1,
          "_sizeMode": 0,
          "_isTrimmedMode": false
        },
        {
          "__type__": "cc.Button",
          "node": {
            "__id__": 23
          },
          "zoomScale": 0.9,
          "clickEvents": [
            {
              "__type__": "cc.ClickEvent",
              "target": {
                "__id__": 1
              },
              "_componentId": "444c91iFX1B4KVssnPdgf8U",
              "handler": "videoTest"
            }
          ],
          "_N$transition": 3,
          "transition": 3,
          "_N$target": {
            "__id__": 23
          }
        }
      ],
      "_prefab": {
        "__type__": "cc.PrefabInfo",
        "root": {
          "__id__": 1
        },
        "asset": {
          "__uuid__": "89ffmN2rtD/YKdx8hWqAnq"
        },
        "fileId": "b0C5opIutE67uepfm7VYd0"
      },
      "_contentSize": {
        "__type__": "cc.Size",
        "width": 220,
        "height": 58
      },
      "_position": {
        "__type__": "cc.Vec3",
        "y": -100
      },
      "groupIndex": 1
    },
    {
      "__type__": "cc.Node",
      "_name": "Video",
      "_parent": {
        "__id__": 17
      },
      "_level": 4,
      "_components": [
        {
          "__type__": "cc.Sprite",
          "node": {
            "__id__": 24
          },
          "_materials": [
            {
              "__uuid__": "ecpdLyjvZBwrvm+cedCcQy"
            }
          ],
          "_spriteFrame": {
            "__uuid__": "2chAoT/npGG5tcauaTPNEV"
          },
          "_sizeMode": 2,
          "_isTrimmedMode": false
        }
      ],
      "_prefab": {
        "__type__": "cc.PrefabInfo",
        "root": {
          "__id__": 1
        },
        "asset": {
          "__uuid__": "89ffmN2rtD/YKdx8hWqAnq"
        },
        "fileId": "c4kLpaxyFOmpITwQ8fPeMs"
      },
      "_contentSize": {
        "__type__": "cc.Size",
        "width": 55,
        "height": 42
      },
      "_position": {
        "__type__": "cc.Vec3",
        "x": -75.256,
        "y": -100
      },
      "_scale": {
        "__type__": "cc.Vec3",
        "x": 0.6,
        "y": 0.6,
        "z": 1
      },
      "groupIndex": 1
    },
    {
      "__type__": "cc.Node",
      "_name": "Text",
      "_parent": {
        "__id__": 17
      },
      "_level": 4,
      "_components": [
        {
          "__type__": "cc.Label",
          "node": {
            "__id__": 25
          },
          "_materials": [
            {
              "__uuid__": "ecpdLyjvZBwrvm+cedCcQy"
            }
          ],
          "_string": "Use",
          "_N$string": "Use",
          "_fontSize": 25,
          "_lineHeight": 25
        },
        {
          "__type__": "cc.LabelOutline",
          "node": {
            "__id__": 25
          },
          "_color": {
            "__type__": "cc.Color"
          },
          "_width": 2
        }
      ],
      "_prefab": {
        "__type__": "cc.PrefabInfo",
        "root": {
          "__id__": 1
        },
        "asset": {
          "__uuid__": "89ffmN2rtD/YKdx8hWqAnq"
        },
        "fileId": "41ChMZNaFG9ZOIMKWxmPQc"
      },
      "_contentSize": {
        "__type__": "cc.Size",
        "width": 48.46,
        "height": 35.5
      },
      "_position": {
        "__type__": "cc.Vec3",
        "x": 18.874,
        "y": -97.794
      },
      "groupIndex": 1
    },
    {
      "__type__": "cc.Node",
      "_name": "Video",
      "_parent": {
        "__id__": 1
      },
      "_children": [
        {
          "__id__": 27
        }
      ],
      "_level": 2,
      "_components": [
        {
          "__type__": "cc.Sprite",
          "node": {
            "__id__": 26
          },
          "_materials": [
            {
              "__uuid__": "ecpdLyjvZBwrvm+cedCcQy"
            }
          ],
          "_spriteFrame": {
            "__uuid__": "c5TYm+URZFK6rkqxOEv+NG"
          },
          "_sizeMode": 2,
          "_isTrimmedMode": false
        },
        {
          "__type__": "cc.Button",
          "node": {
            "__id__": 26
          },
          "zoomScale": 0.9,
          "clickEvents": [
            {
              "__type__": "cc.ClickEvent",
              "target": {
                "__id__": 1
              },
              "_componentId": "444c91iFX1B4KVssnPdgf8U",
              "handler": "randomTest"
            }
          ],
          "_N$transition": 3,
          "transition": 3,
          "_N$target": {
            "__id__": 26
          }
        }
      ],
      "_prefab": {
        "__type__": "cc.PrefabInfo",
        "root": {
          "__id__": 1
        },
        "asset": {
          "__uuid__": "89ffmN2rtD/YKdx8hWqAnq"
        },
        "fileId": "d0nlEfzrJJQ6YAvwRlxriz"
      },
      "_contentSize": {
        "__type__": "cc.Size",
        "width": 336,
        "height": 112
      },
      "_position": {
        "__type__": "cc.Vec3",
        "y": -193
      },
      "groupIndex": 1
    },
    {
      "__type__": "cc.Node",
      "_name": "Video",
      "_parent": {
        "__id__": 26
      },
      "_level": 3,
      "_components": [
        {
          "__type__": "cc.Sprite",
          "node": {
            "__id__": 27
          },
          "_materials": [
            {
              "__uuid__": "ecpdLyjvZBwrvm+cedCcQy"
            }
          ],
          "_spriteFrame": {
            "__uuid__": "2chAoT/npGG5tcauaTPNEV"
          },
          "_sizeMode": 2,
          "_isTrimmedMode": false
        }
      ],
      "_prefab": {
        "__type__": "cc.PrefabInfo",
        "root": {
          "__id__": 1
        },
        "asset": {
          "__uuid__": "89ffmN2rtD/YKdx8hWqAnq"
        },
        "fileId": "a5nBnc2pNDNZqaDOWOQTX6"
      },
      "_contentSize": {
        "__type__": "cc.Size",
        "width": 55,
        "height": 42
      },
      "_position": {
        "__type__": "cc.Vec3",
        "x": -99.086,
        "y": 2.161
      },
      "groupIndex": 1
    },
    {
      "__type__": "cc.Node",
      "_name": "VideoText",
      "_parent": {
        "__id__": 1
      },
      "_level": 2,
      "_components": [
        {
          "__type__": "cc.Label",
          "node": {
            "__id__": 28
          },
          "_materials": [
            {
              "__uuid__": "ecpdLyjvZBwrvm+cedCcQy"
            }
          ],
          "_string": "USE",
          "_N$string": "USE"
        },
        {
          "__type__": "cc.LabelOutline",
          "node": {
            "__id__": 28
          },
          "_color": {
            "__type__": "cc.Color"
          },
          "_width": 2
        }
      ],
      "_prefab": {
        "__type__": "cc.PrefabInfo",
        "root": {
          "__id__": 1
        },
        "asset": {
          "__uuid__": "89ffmN2rtD/YKdx8hWqAnq"
        },
        "fileId": "c3zU3byTZJf4QIzks3lH/N"
      },
      "_contentSize": {
        "__type__": "cc.Size",
        "width": 86.25,
        "height": 54.4
      },
      "_position": {
        "__type__": "cc.Vec3",
        "x": 9.109,
        "y": -193
      },
      "groupIndex": 1
    },
    {
      "__type__": "cc.Node",
      "_name": "VideoIcon",
      "_parent": {
        "__id__": 1
      },
      "_active": false,
      "_level": 2,
      "_components": [
        {
          "__type__": "cc.Sprite",
          "node": {
            "__id__": 29
          },
          "_materials": [
            {
              "__uuid__": "ecpdLyjvZBwrvm+cedCcQy"
            }
          ],
          "_spriteFrame": {
            "__uuid__": "2chAoT/npGG5tcauaTPNEV"
          },
          "_sizeMode": 2,
          "_isTrimmedMode": false
        }
      ],
      "_prefab": {
        "__type__": "cc.PrefabInfo",
        "root": {
          "__id__": 1
        },
        "asset": {
          "__uuid__": "89ffmN2rtD/YKdx8hWqAnq"
        },
        "fileId": "7e8waaTYVIdL7fzTZyAO9T"
      },
      "_contentSize": {
        "__type__": "cc.Size",
        "width": 55,
        "height": 42
      },
      "_position": {
        "__type__": "cc.Vec3",
        "x": -90,
        "y": -193
      },
      "groupIndex": 1
    },
    {
      "__type__": "cc.Node",
      "_name": "TitleText",
      "_parent": {
        "__id__": 1
      },
      "_level": 2,
      "_components": [
        {
          "__type__": "cc.Label",
          "node": {
            "__id__": 30
          },
          "_materials": [
            {
              "__uuid__": "ecpdLyjvZBwrvm+cedCcQy"
            }
          ],
          "_string": "SKIN",
          "_N$string": "SKIN",
          "_fontSize": 50,
          "_lineHeight": 50
        },
        {
          "__type__": "cc.LabelOutline",
          "node": {
            "__id__": 30
          },
          "_color": {
            "__type__": "cc.Color"
          },
          "_width": 2
        }
      ],
      "_prefab": {
        "__type__": "cc.PrefabInfo",
        "root": {
          "__id__": 1
        },
        "asset": {
          "__uuid__": "89ffmN2rtD/YKdx8hWqAnq"
        },
        "fileId": "63wxiIcLxNO5qVN7CoZ78+"
      },
      "_contentSize": {
        "__type__": "cc.Size",
        "width": 120.7,
        "height": 67
      },
      "_position": {
        "__type__": "cc.Vec3",
        "y": 287
      },
      "groupIndex": 1
    },
    {
      "__type__": "cc.Node",
      "_name": "Collect",
      "_parent": {
        "__id__": 1
      },
      "_level": 2,
      "_components": [
        {
          "__type__": "cc.Button",
          "node": {
            "__id__": 31
          },
          "zoomScale": 0.9,
          "clickEvents": [
            {
              "__type__": "cc.ClickEvent",
              "target": {
                "__id__": 1
              },
              "_componentId": "444c91iFX1B4KVssnPdgf8U",
              "handler": "close"
            }
          ],
          "_N$transition": 3,
          "transition": 3,
          "_N$target": {
            "__id__": 31
          }
        },
        {
          "__type__": "6cad48Uy8dPKICa0K2XihYY",
          "node": {
            "__id__": 31
          },
          "bannerType": 3,
          "obstructOffset": 0
        },
        {
          "__type__": "cc.Label",
          "node": {
            "__id__": 31
          },
          "_materials": [
            {
              "__uuid__": "ecpdLyjvZBwrvm+cedCcQy"
            }
          ],
          "_string": "CANCEL",
          "_N$string": "CANCEL"
        },
        {
          "__type__": "cc.LabelOutline",
          "node": {
            "__id__": 31
          },
          "_color": {
            "__type__": "cc.Color"
          },
          "_width": 2
        }
      ],
      "_prefab": {
        "__type__": "cc.PrefabInfo",
        "root": {
          "__id__": 1
        },
        "asset": {
          "__uuid__": "89ffmN2rtD/YKdx8hWqAnq"
        },
        "fileId": "bfDt00cKFIK6bCbDYaCNyc"
      },
      "_contentSize": {
        "__type__": "cc.Size",
        "width": 166.27,
        "height": 54.4
      },
      "_position": {
        "__type__": "cc.Vec3",
        "y": -339.974
      },
      "groupIndex": 1
    },
    {
      "__type__": "cc.Node",
      "_name": "TitleText",
      "_parent": {
        "__id__": 1
      },
      "_level": 2,
      "_components": [
        {
          "__type__": "cc.Label",
          "node": {
            "__id__": 32
          },
          "_materials": [
            {
              "__uuid__": "ecpdLyjvZBwrvm+cedCcQy"
            }
          ],
          "_fontSize": 45,
          "_lineHeight": 45
        },
        {
          "__type__": "cc.LabelOutline",
          "node": {
            "__id__": 32
          },
          "_color": {
            "__type__": "cc.Color"
          },
          "_width": 2
        }
      ],
      "_prefab": {
        "__type__": "cc.PrefabInfo",
        "root": {
          "__id__": 1
        },
        "asset": {
          "__uuid__": "89ffmN2rtD/YKdx8hWqAnq"
        },
        "fileId": "8c1y+zePBDHbcDbQz6WZ6I"
      },
      "_contentSize": {
        "__type__": "cc.Size",
        "width": 4,
        "height": 60.7
      },
      "_position": {
        "__type__": "cc.Vec3",
        "y": 412.177
      },
      "groupIndex": 1
    }
  ],
  {
    "__type__": "cc.SpriteFrame",
    "content": {
      "name": "button11239",
      "texture": "edyC3E/NRNl7ELWBM92Uv2",
      "rect": [
        0,
        0,
        336,
        112
      ],
      "offset": [
        0,
        0
      ],
      "originalSize": [
        336,
        112
      ],
      "capInsets": [
        20,
        20,
        20,
        20
      ]
    }
  },
  {
    "__type__": "cc.SpriteFrame",
    "content": {
      "name": "test_button",
      "texture": "bber9idBlF9Idt0PLrzGlc",
      "rect": [
        209,
        1438,
        64,
        58
      ],
      "offset": [
        0,
        0
      ],
      "originalSize": [
        64,
        58
      ],
      "rotated": 1,
      "capInsets": [
        12,
        12,
        12,
        12
      ]
    }
  }
]