[{"__type__":"cc.Prefab","_name":"heidong","data":{"__id__":1}},{"__type__":"cc.Node","_name":"heidong","_components":[{"__type__":"e97baXNkTtEN5txJxjMsMQL","node":{"__id__":1},"_materials":[{"__uuid__":"ecpdLyjvZBwrvm+cedCcQy"}],"_spriteFrame":{"__uuid__":"4cU7KLUZhLeZKRy2bduXvD"}}],"_prefab":{"__type__":"cc.PrefabInfo","root":{"__id__":1}},"_contentSize":{"__type__":"cc.Size","width":200,"height":200},"_trs":{"__type__":"TypedArray","ctor":"Float64Array","array":[553.844,324.692,0,0,0,0,1,1,1,1]}}]