[1,0,0,[["cc.JsonAsset",["_name","json"],1]],[[0,0,1,3]],[[0,"userinfo",[{"id":1,"nickName":"African","Country":8},{"id":2,"nickName":"Ophelia","Country":5},{"id":3,"nickName":"Sasquatch","Country":6},{"id":4,"nickName":"Magee","Country":7},{"id":5,"nickName":"Newman","Country":9},{"id":6,"nickName":"Dwight","Country":8},{"id":7,"nickName":"Lora","Country":8},{"id":8,"nickName":"Tina","Country":69},{"id":9,"nickName":"Johnny Silverhand","Country":5},{"id":10,"nickName":"Dewey","Country":50},{"id":11,"nickName":"Sam","Country":15},{"id":12,"nickName":"Coffey","Country":12},{"id":13,"nickName":"Pandora","Country":17},{"id":14,"nickName":"Clara","Country":26},{"id":15,"nickName":"Howard","Country":7},{"id":16,"nickName":"김창욱","Country":3},{"id":17,"nickName":"Arlene","Country":8},{"id":18,"nickName":"David","Country":75},{"id":19,"nickName":"Pullan","Country":36},{"id":20,"nickName":"Janice","Country":59},{"id":21,"nickName":"Morrison","Country":5},{"id":22,"nickName":"Dobbin","Country":10},{"id":23,"nickName":"Carnegie","Country":13},{"id":24,"nickName":"Cowper","Country":10},{"id":25,"nickName":"Maxwell","Country":6},{"id":26,"nickName":"Alina","Country":12},{"id":27,"nickName":"Alick","Country":48},{"id":28,"nickName":"Lili","Country":60},{"id":29,"nickName":"Collins","Country":5},{"id":30,"nickName":"Dorothea","Country":10},{"id":31,"nickName":"Stephanie","Country":94},{"id":32,"nickName":"Annie","Country":11},{"id":33,"nickName":"Carrie","Country":62},{"id":34,"nickName":"Dream Chaser","Country":48},{"id":35,"nickName":"Allen","Country":73},{"id":36,"nickName":"Qamar","Country":10},{"id":37,"nickName":"신영아","Country":3},{"id":38,"nickName":"Bartholomew","Country":9},{"id":39,"nickName":"Jackie","Country":72},{"id":40,"nickName":"Franklin","Country":2},{"id":41,"nickName":"Carroll","Country":10},{"id":42,"nickName":"Simona","Country":6},{"id":43,"nickName":"Mendy","Country":10},{"id":44,"nickName":"Augus","Country":10},{"id":45,"nickName":"Norton","Country":71},{"id":46,"nickName":"Hodgson","Country":30},{"id":47,"nickName":"Larkin","Country":70},{"id":48,"nickName":"풍재정","Country":3},{"id":49,"nickName":"Aloy","Country":37},{"id":50,"nickName":"Vincent","Country":6},{"id":51,"nickName":"Lucy","Country":63},{"id":52,"nickName":"もろしずく","Country":4},{"id":53,"nickName":"Dempsey","Country":16},{"id":54,"nickName":"지수향","Country":3},{"id":55,"nickName":"ぐんのりえ","Country":4},{"id":56,"nickName":"Anonym","Country":8},{"id":57,"nickName":"Stowe","Country":10},{"id":58,"nickName":"모형중","Country":3},{"id":59,"nickName":"곽꽃비","Country":3},{"id":60,"nickName":"Kelly","Country":39},{"id":61,"nickName":"knight","Country":9},{"id":62,"nickName":"Armstrong","Country":68},{"id":63,"nickName":"Oiseau","Country":5},{"id":64,"nickName":"Lizzie","Country":10},{"id":65,"nickName":"Anastasia","Country":9},{"id":66,"nickName":"Goldsmith","Country":84},{"id":67,"nickName":"전진실","Country":3},{"id":68,"nickName":"Linda","Country":8},{"id":69,"nickName":"Geordie","Country":64},{"id":70,"nickName":"Lisa","Country":10},{"id":71,"nickName":"Suzanne","Country":70},{"id":72,"nickName":"Apple","Country":48},{"id":73,"nickName":"Leona","Country":7},{"id":74,"nickName":"Morris","Country":40},{"id":75,"nickName":"Eden","Country":42},{"id":76,"nickName":"Hduer","Country":60},{"id":77,"nickName":"Morse","Country":6},{"id":78,"nickName":"Lincoln","Country":2},{"id":79,"nickName":"Jean","Country":8},{"id":80,"nickName":"Vincent","Country":10},{"id":81,"nickName":"Julius","Country":2},{"id":82,"nickName":"Cowper","Country":90},{"id":83,"nickName":"Flower","Country":95},{"id":84,"nickName":"Simon","Country":19},{"id":85,"nickName":"Incense","Country":9},{"id":86,"nickName":"Shania","Country":9},{"id":87,"nickName":"Aspire","Country":9},{"id":88,"nickName":"Patrick","Country":2},{"id":89,"nickName":"Belief","Country":10},{"id":90,"nickName":"Surname the love","Country":9},{"id":91,"nickName":"Sophia","Country":9},{"id":92,"nickName":"Samantha","Country":5},{"id":93,"nickName":"도미숙","Country":3},{"id":94,"nickName":"DANIYAL","Country":8},{"id":95,"nickName":"HAPPY","Country":2},{"id":96,"nickName":"Kitty","Country":30},{"id":97,"nickName":"Betsy","Country":96},{"id":98,"nickName":"호지훈","Country":3},{"id":99,"nickName":"Phil","Country":74},{"id":100,"nickName":"Andrew","Country":6},{"id":101,"nickName":"Ingram","Country":58},{"id":102,"nickName":"Dylan","Country":5},{"id":103,"nickName":"ALive","Country":62},{"id":104,"nickName":"Burton","Country":5},{"id":105,"nickName":"ARKIN TAX","Country":36},{"id":106,"nickName":"Rory","Country":6},{"id":107,"nickName":"みあさるい","Country":4},{"id":108,"nickName":"ANGEI","Country":25},{"id":109,"nickName":"Isabel","Country":9},{"id":110,"nickName":"Nydia","Country":17},{"id":111,"nickName":"Niljjl","Country":30},{"id":112,"nickName":"Mendy","Country":7},{"id":113,"nickName":"Cupid","Country":93},{"id":114,"nickName":"Jane Lau","Country":16},{"id":115,"nickName":"Queenie","Country":10},{"id":116,"nickName":"Bird","Country":80},{"id":117,"nickName":"Lisa","Country":88},{"id":118,"nickName":"erinat","Country":93},{"id":119,"nickName":"Chapman","Country":5},{"id":120,"nickName":"Avery","Country":10},{"id":121,"nickName":"Amina","Country":45},{"id":122,"nickName":"단시후","Country":3},{"id":123,"nickName":"Sad","Country":9},{"id":124,"nickName":"carl","Country":5},{"id":125,"nickName":"PATGUL","Country":46},{"id":126,"nickName":"Aries","Country":2},{"id":127,"nickName":"あらたるり","Country":4},{"id":128,"nickName":"Crazy","Country":87},{"id":129,"nickName":"TF","Country":8},{"id":130,"nickName":"TFBOYS","Country":2},{"id":131,"nickName":"Beard","Country":72},{"id":132,"nickName":"Woolf","Country":2},{"id":133,"nickName":"Helen","Country":74},{"id":134,"nickName":"Yonng","Country":10},{"id":135,"nickName":"Johnson","Country":8},{"id":136,"nickName":"Gerald","Country":6},{"id":137,"nickName":"marhaba","Country":5},{"id":138,"nickName":"Middleton","Country":9},{"id":139,"nickName":"Estrus","Country":34},{"id":140,"nickName":"Elton","Country":68},{"id":141,"nickName":"MIHRIBAN","Country":9},{"id":142,"nickName":"Sarah","Country":7},{"id":143,"nickName":"whisper","Country":10},{"id":144,"nickName":"roshan","Country":5},{"id":145,"nickName":"So Young","Country":100},{"id":146,"nickName":"sunshine","Country":2},{"id":147,"nickName":"탁경인","Country":3},{"id":148,"nickName":"shiny","Country":76},{"id":149,"nickName":"footstep","Country":6},{"id":150,"nickName":"Burgess","Country":7},{"id":151,"nickName":"Tyler","Country":9},{"id":152,"nickName":"Michell","Country":42},{"id":153,"nickName":"Sebastian","Country":18},{"id":154,"nickName":"Violet","Country":34},{"id":155,"nickName":"남승기","Country":3},{"id":156,"nickName":"Jessica","Country":44},{"id":157,"nickName":"ひきのうの","Country":4},{"id":158,"nickName":"Yvonne","Country":2},{"id":159,"nickName":"どじまきょうか","Country":4},{"id":160,"nickName":"Wendy","Country":8},{"id":161,"nickName":"くしだれみ","Country":4},{"id":162,"nickName":"Elroy","Country":91},{"id":163,"nickName":"Origami","Country":6},{"id":164,"nickName":"Patrick","Country":71},{"id":165,"nickName":"Winni","Country":2},{"id":166,"nickName":"Felvics","Country":2},{"id":167,"nickName":"Jennifer","Country":34},{"id":168,"nickName":"Smile","Country":23},{"id":169,"nickName":"Kama","Country":56},{"id":170,"nickName":"Lisa","Country":47},{"id":171,"nickName":"Camille","Country":66},{"id":172,"nickName":"Hadamy","Country":9},{"id":173,"nickName":"Heart","Country":6},{"id":174,"nickName":"Oswald","Country":97},{"id":175,"nickName":"Christ","Country":62},{"id":176,"nickName":"Brandon","Country":7},{"id":177,"nickName":"Jacky","Country":25},{"id":178,"nickName":"Hugo","Country":6},{"id":179,"nickName":"Sean","Country":26},{"id":180,"nickName":"Boyce","Country":75},{"id":181,"nickName":"あしなぬい","Country":4},{"id":182,"nickName":"Elaine","Country":25},{"id":183,"nickName":"Cherry","Country":84},{"id":184,"nickName":"Rosalind","Country":2},{"id":185,"nickName":"Cleveland","Country":2},{"id":186,"nickName":"Yehudi","Country":94},{"id":187,"nickName":"전수정","Country":3},{"id":188,"nickName":"Draymond","Country":6},{"id":189,"nickName":"Vian","Country":65},{"id":190,"nickName":"Jamie","Country":6},{"id":191,"nickName":"Milo","Country":64},{"id":192,"nickName":"Hermione","Country":97},{"id":193,"nickName":"Eric","Country":26},{"id":194,"nickName":"Marico","Country":2},{"id":195,"nickName":"Annabelle","Country":31},{"id":196,"nickName":"Vitaminc","Country":64},{"id":197,"nickName":"Brook","Country":42},{"id":198,"nickName":"사지환","Country":3},{"id":199,"nickName":"Venny","Country":5},{"id":200,"nickName":"Clown","Country":2},{"id":201,"nickName":"Norman","Country":7},{"id":202,"nickName":"Leopold","Country":8},{"id":203,"nickName":"Eric","Country":78},{"id":204,"nickName":"Marico","Country":71},{"id":205,"nickName":"Annabelle","Country":63},{"id":206,"nickName":"Brook","Country":34},{"id":207,"nickName":"Norman","Country":93},{"id":208,"nickName":"Leopold","Country":9},{"id":209,"nickName":"Adam","Country":18},{"id":210,"nickName":"Susanna","Country":7},{"id":211,"nickName":"Sabina","Country":10},{"id":212,"nickName":"Bart","Country":81},{"id":213,"nickName":"Pete","Country":92},{"id":214,"nickName":"Rita","Country":2},{"id":215,"nickName":"Queena","Country":52},{"id":216,"nickName":"Edmund","Country":2},{"id":217,"nickName":"장태민","Country":3},{"id":218,"nickName":"Doni","Country":37},{"id":219,"nickName":"Franklin","Country":11},{"id":220,"nickName":"Ralap","Country":14},{"id":221,"nickName":"Immortal Stars","Country":10},{"id":222,"nickName":"Aldrich","Country":73},{"id":223,"nickName":"Smile ","Country":8},{"id":224,"nickName":"Lassi","Country":2},{"id":225,"nickName":"Joseph","Country":66},{"id":226,"nickName":"Eternal","Country":10},{"id":227,"nickName":"Molly","Country":20},{"id":228,"nickName":"Griffith","Country":8},{"id":229,"nickName":"Kitty","Country":5},{"id":230,"nickName":"Natividad","Country":8},{"id":231,"nickName":"Arlen","Country":17},{"id":232,"nickName":"Crush","Country":9},{"id":233,"nickName":"Vera","Country":8},{"id":234,"nickName":"BlueSky","Country":10},{"id":235,"nickName":"Oliver","Country":35},{"id":236,"nickName":"Solely","Country":7},{"id":237,"nickName":"Austin","Country":19},{"id":238,"nickName":"Sunshine Child","Country":8},{"id":239,"nickName":"Lesley","Country":80},{"id":240,"nickName":"Duke","Country":56},{"id":241,"nickName":"Kerr","Country":95},{"id":242,"nickName":"Agatha","Country":9},{"id":243,"nickName":"Malcolm","Country":75},{"id":244,"nickName":"Lance","Country":2},{"id":245,"nickName":"あんじけい","Country":4},{"id":246,"nickName":"Merlin","Country":89},{"id":247,"nickName":"Kerwin","Country":9},{"id":248,"nickName":"Osborn","Country":9},{"id":249,"nickName":"Wilbur","Country":5},{"id":250,"nickName":"Moses","Country":35},{"id":251,"nickName":"Rock","Country":2},{"id":252,"nickName":"Howar","Country":28},{"id":253,"nickName":"Quinn","Country":5},{"id":254,"nickName":"Lynn","Country":52},{"id":255,"nickName":"Channing","Country":8},{"id":256,"nickName":"Jessica","Country":2},{"id":257,"nickName":"망절남진","Country":3},{"id":258,"nickName":"Belinda","Country":20},{"id":259,"nickName":"Darlene","Country":57},{"id":260,"nickName":"Dick","Country":32},{"id":261,"nickName":"Harrison","Country":6},{"id":262,"nickName":"Queena","Country":8},{"id":263,"nickName":"Lisa","Country":6},{"id":264,"nickName":"Basil","Country":7},{"id":265,"nickName":"Tobey","Country":10},{"id":266,"nickName":"Wordsworth","Country":6},{"id":267,"nickName":"Smiling","Country":36},{"id":268,"nickName":"해남길","Country":3},{"id":269,"nickName":"Malcolm","Country":6},{"id":270,"nickName":"Isidore","Country":9},{"id":271,"nickName":"Ward","Country":22},{"id":272,"nickName":"Mike","Country":14},{"id":273,"nickName":"Baird","Country":77},{"id":274,"nickName":"Troy","Country":2},{"id":275,"nickName":"Sebastiane","Country":70},{"id":276,"nickName":"Mag","Country":10},{"id":277,"nickName":"Babysbreath","Country":2},{"id":278,"nickName":"Lemon","Country":12},{"id":279,"nickName":"Cardiac","Country":7},{"id":280,"nickName":"Maud","Country":6},{"id":281,"nickName":"남궁세경","Country":3},{"id":282,"nickName":"Beverly","Country":48},{"id":283,"nickName":"Wei","Country":10},{"id":284,"nickName":"Werner","Country":9},{"id":285,"nickName":"Maxine","Country":52},{"id":286,"nickName":"Humphrey","Country":60},{"id":287,"nickName":"Bess","Country":66},{"id":288,"nickName":"Jay","Country":10},{"id":289,"nickName":"Borg","Country":28},{"id":290,"nickName":"Merlin","Country":8},{"id":291,"nickName":"Jenny","Country":5},{"id":292,"nickName":"Ingemar","Country":41},{"id":293,"nickName":"Julian","Country":88},{"id":294,"nickName":"Pag","Country":78},{"id":295,"nickName":"Modesty","Country":78},{"id":296,"nickName":"Montague","Country":83},{"id":297,"nickName":"Kyle","Country":6},{"id":298,"nickName":"Cliff","Country":9},{"id":299,"nickName":"Carol","Country":29},{"id":300,"nickName":"Eudora","Country":96}]]],0,0,[],[],[]]