[{"__type__":"cc.Prefab","_name":"shiyong_mc","data":{"__id__":1}},{"__type__":"cc.Node","_name":"shiyong_mc","_children":[{"__id__":2},{"__id__":3}],"_components":[{"__type__":"555bb4YHn5NoKM5Dmg2FLkQ","node":{"__id__":1}}],"_prefab":{"__type__":"cc.PrefabInfo","root":{"__id__":1},"asset":{"__uuid__":"07hAOjolFJe63tf0X+kbn/"}},"_trs":{"__type__":"TypedArray","ctor":"Float64Array","array":[0,0,0,0,0,0,1,1,1,1]}},{"__type__":"cc.Node","_name":"btn","_parent":{"__id__":1},"_components":[{"__type__":"e97baXNkTtEN5txJxjMsMQL","node":{"__id__":2},"_materials":[{"__uuid__":"ecpdLyjvZBwrvm+cedCcQy"}],"_spriteFrame":{"__uuid__":"f7y79NZn9Ny5V9r6BD3zm1"},"_sizeMode":0}],"_prefab":{"__type__":"cc.PrefabInfo","root":{"__id__":1},"asset":{"__uuid__":"07hAOjolFJe63tf0X+kbn/"},"fileId":"800aNhWR9IpZxLw5wTDs0K"},"_contentSize":{"__type__":"cc.Size","width":130,"height":50},"_trs":{"__type__":"TypedArray","ctor":"Float64Array","array":[-8.318,-62.656,0,0,0,0,1,1,1,1]}},{"__type__":"cc.Node","_name":"New Node","_parent":{"__id__":1},"_children":[{"__id__":4},{"__id__":5},{"__id__":6},{"__id__":7}],"_prefab":{"__type__":"cc.PrefabInfo","root":{"__id__":1},"asset":{"__uuid__":"07hAOjolFJe63tf0X+kbn/"},"fileId":"a8Vgl2MPRPWr6Jtuweo8um"},"_trs":{"__type__":"TypedArray","ctor":"Float64Array","array":[-218.779,0,0,0,0,0,1,1,1,1]}},{"__type__":"cc.Node","_name":"bj","_parent":{"__id__":3},"_components":[{"__type__":"e97baXNkTtEN5txJxjMsMQL","node":{"__id__":4},"_materials":[{"__uuid__":"ecpdLyjvZBwrvm+cedCcQy"}],"_spriteFrame":{"__uuid__":"f7y79NZn9Ny5V9r6BD3zm1"},"_sizeMode":0}],"_prefab":{"__type__":"cc.PrefabInfo","root":{"__id__":1},"asset":{"__uuid__":"07hAOjolFJe63tf0X+kbn/"},"fileId":"9e1H5pdQ9GR4l/AINNBtz+"},"_opacity":100,"_contentSize":{"__type__":"cc.Size","width":495,"height":275},"_trs":{"__type__":"TypedArray","ctor":"Float64Array","array":[210.765,37.471,0,0,0,0,1,1,1,1]}},{"__type__":"cc.Node","_name":"label","_parent":{"__id__":3},"_components":[{"__type__":"169900iLpFDSrelEizBDC4Z","node":{"__id__":5},"_materials":[{"__uuid__":"ecpdLyjvZBwrvm+cedCcQy"}],"_string":"试用皮肤","_N$string":"试用皮肤","_fontSize":25,"_N$horizontalAlign":1,"_N$verticalAlign":1}],"_prefab":{"__type__":"cc.PrefabInfo","root":{"__id__":1},"asset":{"__uuid__":"07hAOjolFJe63tf0X+kbn/"},"fileId":"91n7w6fsVKppHfBubIuYQ0"},"_contentSize":{"__type__":"cc.Size","width":100,"height":50.4},"_trs":{"__type__":"TypedArray","ctor":"Float64Array","array":[212.938,141.027,0,0,0,0,1,1,1,1]}},{"__type__":"cc.Node","_name":"label","_parent":{"__id__":3},"_components":[{"__type__":"169900iLpFDSrelEizBDC4Z","node":{"__id__":6},"_materials":[{"__uuid__":"ecpdLyjvZBwrvm+cedCcQy"}],"_string":"确认","_N$string":"确认","_fontSize":25,"_N$horizontalAlign":1,"_N$verticalAlign":1}],"_prefab":{"__type__":"cc.PrefabInfo","root":{"__id__":1},"asset":{"__uuid__":"07hAOjolFJe63tf0X+kbn/"},"fileId":"c1gVSgsDJJV6JEQpPm8Fhx"},"_contentSize":{"__type__":"cc.Size","width":50,"height":50.4},"_trs":{"__type__":"TypedArray","ctor":"Float64Array","array":[211.806,-61.324,0,0,0,0,1,1,1,1]}},{"__type__":"cc.Node","_name":"pf1","_parent":{"__id__":3},"_components":[{"__type__":"e97baXNkTtEN5txJxjMsMQL","node":{"__id__":7},"_materials":[{"__uuid__":"ecpdLyjvZBwrvm+cedCcQy"}],"_spriteFrame":{"__uuid__":"a1+kdGq/VF/Lwct1gWUWLP"}}],"_prefab":{"__type__":"cc.PrefabInfo","root":{"__id__":1},"asset":{"__uuid__":"07hAOjolFJe63tf0X+kbn/"},"fileId":"f3J+fxCYpApK+lglVyzGCM"},"_contentSize":{"__type__":"cc.Size","width":70,"height":130},"_trs":{"__type__":"TypedArray","ctor":"Float64Array","array":[212.613,41.581,0,0,0,0,1,1,1,1]}}]