[
  {
    "__type__": "cc.SpriteFrame",
    "content": {
      "name": "stone1",
      "texture": "bber9idBlF9Idt0PLrzGlc",
      "rect": [
        210,
        1387,
        49,
        57
      ],
      "offset": [
        0,
        0
      ],
      "originalSize": [
        49,
        57
      ],
      "rotated": 1,
      "capInsets": [
        0,
        0,
        0,
        0
      ]
    }
  },
  [
    {
      "__type__": "cc.Prefab",
      "_name": "Gem",
      "data": {
        "__id__": 1
      }
    },
    {
      "__type__": "cc.Node",
      "_name": "Gem",
      "_children": [
        {
          "__id__": 2
        },
        {
          "__id__": 3
        }
      ],
      "_level": 1,
      "_prefab": {
        "__type__": "cc.PrefabInfo",
        "root": {
          "__id__": 1
        },
        "asset": {
          "__uuid__": "32M4Sd0QhLSYwxSVWVYRXj"
        },
        "fileId": "11csKqj4ZAI7ELEhGxCnmL"
      },
      "_contentSize": {
        "__type__": "cc.Size",
        "width": 78,
        "height": 10
      },
      "_zIndex": 0
    },
    {
      "__type__": "cc.Node",
      "_name": "Trail",
      "_parent": {
        "__id__": 1
      },
      "_level": 2,
      "_components": [
        {
          "__type__": "cc.MotionStreak",
          "node": {
            "__id__": 2
          },
          "_fadeTime": 0.3,
          "_stroke": 24,
          "_color": {
            "__type__": "cc.Color",
            "r": 171,
            "g": 255,
            "b": 155
          },
          "_fastMode": true
        }
      ],
      "_prefab": {
        "__type__": "cc.PrefabInfo",
        "root": {
          "__id__": 1
        },
        "asset": {
          "__uuid__": "32M4Sd0QhLSYwxSVWVYRXj"
        },
        "fileId": "c1U0THwmVOb4PjxE+BOGco"
      },
      "_contentSize": {
        "__type__": "cc.Size",
        "width": 260,
        "height": 70
      },
      "_zIndex": 0
    },
    {
      "__type__": "cc.Node",
      "_name": "Model",
      "_parent": {
        "__id__": 1
      },
      "_level": 2,
      "_components": [
        {
          "__type__": "cc.Sprite",
          "node": {
            "__id__": 3
          },
          "_spriteFrame": {
            "__uuid__": "05be20M4lGtLdrqpGeD0Lb"
          },
          "_sizeMode": 2,
          "_isTrimmedMode": false
        }
      ],
      "_prefab": {
        "__type__": "cc.PrefabInfo",
        "root": {
          "__id__": 1
        },
        "asset": {
          "__uuid__": "32M4Sd0QhLSYwxSVWVYRXj"
        },
        "fileId": "ccoQX1e9FP5abwd+rfnjSQ"
      },
      "_contentSize": {
        "__type__": "cc.Size",
        "width": 49,
        "height": 57
      },
      "_zIndex": 0
    }
  ]
]