[{"__type__":"cc.Prefab","_name":"daxin1","data":{"__id__":1}},{"__type__":"cc.Node","_name":"daxin1","_children":[{"__id__":2}],"_prefab":{"__type__":"cc.PrefabInfo","root":{"__id__":1}},"_trs":{"__type__":"TypedArray","ctor":"Float64Array","array":[0,0,0,0,0,0,1,1.3,1.3,1]}},{"__type__":"cc.Node","_name":"dh","_parent":{"__id__":1},"_components":[{"__type__":"e97baXNkTtEN5txJxjMsMQL","node":{"__id__":2},"_materials":[{"__uuid__":"ecpdLyjvZBwrvm+cedCcQy"}],"_spriteFrame":{"__uuid__":"45aboBcgJLHrkffCmRD6+W"}},{"__type__":"cc.Animation","node":{"__id__":2},"_defaultClip":{"__uuid__":"fae0Rv0AZEia7Lx3RG+AgU"},"_clips":[{"__uuid__":"fae0Rv0AZEia7Lx3RG+AgU"}],"playOnLoad":true}],"_prefab":{"__type__":"cc.PrefabInfo","root":{"__id__":1},"fileId":"14Cd1g1hJKd7TRb4qK6PJd"},"_contentSize":{"__type__":"cc.Size","width":80,"height":86},"_trs":{"__type__":"TypedArray","ctor":"Float64Array","array":[0,0,0,0,0,0,1,1,1,1]}}]