[{"__type__":"cc.Prefab","_name":"jineng_mc","data":{"__id__":1}},{"__type__":"cc.Node","_name":"jineng_mc","_children":[{"__id__":2},{"__id__":3},{"__id__":4},{"__id__":5},{"__id__":6},{"__id__":7},{"__id__":8},{"__id__":9},{"__id__":10},{"__id__":11},{"__id__":12},{"__id__":13},{"__id__":14},{"__id__":16},{"__id__":17},{"__id__":18},{"__id__":19},{"__id__":20},{"__id__":22},{"__id__":23},{"__id__":24},{"__id__":25},{"__id__":26},{"__id__":28},{"__id__":29},{"__id__":30},{"__id__":31},{"__id__":32},{"__id__":34},{"__id__":36},{"__id__":38},{"__id__":40},{"__id__":42}],"_components":[{"__type__":"f734eQnYK5LnpjZQa8xbHUL","node":{"__id__":1}}],"_prefab":{"__type__":"cc.PrefabInfo","root":{"__id__":1},"asset":{"__uuid__":"081OSM+sNIGqn2jhRtEtOn"}},"_trs":{"__type__":"TypedArray","ctor":"Float64Array","array":[0,0,0,0,0,0,1,1,1,1]}},{"__type__":"cc.Node","_name":"bj","_parent":{"__id__":1},"_components":[{"__type__":"e97baXNkTtEN5txJxjMsMQL","node":{"__id__":2},"_materials":[{"__uuid__":"ecpdLyjvZBwrvm+cedCcQy"}],"_spriteFrame":{"__uuid__":"f7y79NZn9Ny5V9r6BD3zm1"},"_sizeMode":0}],"_prefab":{"__type__":"cc.PrefabInfo","root":{"__id__":1},"asset":{"__uuid__":"081OSM+sNIGqn2jhRtEtOn"},"fileId":"b4n5hexehLPoWJbtkBsf42"},"_opacity":50,"_contentSize":{"__type__":"cc.Size","width":779,"height":405},"_trs":{"__type__":"TypedArray","ctor":"Float64Array","array":[210.765,13.71,0,0,0,0,1,1,1,1]}},{"__type__":"cc.Node","_name":"bj","_parent":{"__id__":1},"_components":[{"__type__":"e97baXNkTtEN5txJxjMsMQL","node":{"__id__":3},"_materials":[{"__uuid__":"ecpdLyjvZBwrvm+cedCcQy"}],"_spriteFrame":{"__uuid__":"f7y79NZn9Ny5V9r6BD3zm1"},"_sizeMode":0}],"_prefab":{"__type__":"cc.PrefabInfo","root":{"__id__":1},"asset":{"__uuid__":"081OSM+sNIGqn2jhRtEtOn"},"fileId":"478GvnAGFEBJHEWC6FX9YO"},"_opacity":150,"_contentSize":{"__type__":"cc.Size","width":757,"height":60},"_trs":{"__type__":"TypedArray","ctor":"Float64Array","array":[212.492,171.7,0,0,0,0,1,1,1,1]}},{"__type__":"cc.Node","_name":"bj","_parent":{"__id__":1},"_components":[{"__type__":"e97baXNkTtEN5txJxjMsMQL","node":{"__id__":4},"_materials":[{"__uuid__":"ecpdLyjvZBwrvm+cedCcQy"}],"_spriteFrame":{"__uuid__":"f7y79NZn9Ny5V9r6BD3zm1"},"_sizeMode":0}],"_prefab":{"__type__":"cc.PrefabInfo","root":{"__id__":1},"asset":{"__uuid__":"081OSM+sNIGqn2jhRtEtOn"},"fileId":"51FYYoF39O3qOL5xN8iFgu"},"_contentSize":{"__type__":"cc.Size","width":269,"height":70},"_trs":{"__type__":"TypedArray","ctor":"Float64Array","array":[203.791,258.178,0,0,0,0,1,1,1,1]}},{"__type__":"cc.Node","_name":"label","_parent":{"__id__":1},"_components":[{"__type__":"169900iLpFDSrelEizBDC4Z","node":{"__id__":5},"_materials":[{"__uuid__":"ecpdLyjvZBwrvm+cedCcQy"}],"_string":"技能","_N$string":"技能","_fontSize":38,"_N$horizontalAlign":1,"_N$verticalAlign":1}],"_prefab":{"__type__":"cc.PrefabInfo","root":{"__id__":1},"asset":{"__uuid__":"081OSM+sNIGqn2jhRtEtOn"},"fileId":"ccYKqFmdtKQ5V4RfcqnDn7"},"_contentSize":{"__type__":"cc.Size","width":76,"height":50.4},"_trs":{"__type__":"TypedArray","ctor":"Float64Array","array":[202.651,260.847,0,0,0,0,1,1,1,1]}},{"__type__":"cc.Node","_name":"shan_btn","_parent":{"__id__":1},"_components":[{"__type__":"e97baXNkTtEN5txJxjMsMQL","node":{"__id__":6},"_materials":[{"__uuid__":"ecpdLyjvZBwrvm+cedCcQy"}],"_spriteFrame":{"__uuid__":"c9OF1JVbxH/b+t3ih7zfe0"}}],"_prefab":{"__type__":"cc.PrefabInfo","root":{"__id__":1},"asset":{"__uuid__":"081OSM+sNIGqn2jhRtEtOn"},"fileId":"19SztqRP1H+aFiKslqH5ZP"},"_contentSize":{"__type__":"cc.Size","width":82,"height":79},"_trs":{"__type__":"TypedArray","ctor":"Float64Array","array":[-132.40300000000002,171.668,0,0,0,0,1,0.7,0.7,1]}},{"__type__":"cc.Node","_name":"txtshan","_parent":{"__id__":1},"_components":[{"__type__":"169900iLpFDSrelEizBDC4Z","node":{"__id__":7},"_materials":[{"__uuid__":"ecpdLyjvZBwrvm+cedCcQy"}],"_string":"---","_N$string":"---","_fontSize":25,"_N$horizontalAlign":1,"_N$verticalAlign":1}],"_prefab":{"__type__":"cc.PrefabInfo","root":{"__id__":1},"asset":{"__uuid__":"081OSM+sNIGqn2jhRtEtOn"},"fileId":"c3lh23Qr9L8JKjFXqpYKj7"},"_contentSize":{"__type__":"cc.Size","width":24.98,"height":50.4},"_anchorPoint":{"__type__":"cc.Vec2","y":0.5},"_trs":{"__type__":"TypedArray","ctor":"Float64Array","array":[-88.201,170.252,0,0,0,0,1,1,1,1]}},{"__type__":"cc.Node","_name":"btnshan","_parent":{"__id__":1},"_components":[{"__type__":"e97baXNkTtEN5txJxjMsMQL","node":{"__id__":8},"_materials":[{"__uuid__":"ecpdLyjvZBwrvm+cedCcQy"}],"_spriteFrame":{"__uuid__":"f7y79NZn9Ny5V9r6BD3zm1"},"_sizeMode":0}],"_prefab":{"__type__":"cc.PrefabInfo","root":{"__id__":1},"asset":{"__uuid__":"081OSM+sNIGqn2jhRtEtOn"},"fileId":"b6KoSKqv1Mp7a/QGkh+0Cd"},"_contentSize":{"__type__":"cc.Size","width":120,"height":70},"_trs":{"__type__":"TypedArray","ctor":"Float64Array","array":[519.948,171.7,0,0,0,0,1,1,1,1]}},{"__type__":"cc.Node","_name":"label","_parent":{"__id__":1},"_components":[{"__type__":"169900iLpFDSrelEizBDC4Z","node":{"__id__":9},"_materials":[{"__uuid__":"ecpdLyjvZBwrvm+cedCcQy"}],"_string":"升级","_N$string":"升级","_fontSize":30,"_lineHeight":30,"_enableWrapText":false,"_N$horizontalAlign":1,"_N$verticalAlign":1,"_N$overflow":2}],"_prefab":{"__type__":"cc.PrefabInfo","root":{"__id__":1},"asset":{"__uuid__":"081OSM+sNIGqn2jhRtEtOn"},"fileId":"09eoDZyHpKzq0ZilLqWvAv"},"_color":{"__type__":"cc.Color","g":255,"b":51},"_contentSize":{"__type__":"cc.Size","width":110,"height":50.4},"_trs":{"__type__":"TypedArray","ctor":"Float64Array","array":[520.403,173.252,0,0,0,0,1,1,1,1]}},{"__type__":"cc.Node","_name":"bj","_parent":{"__id__":1},"_components":[{"__type__":"e97baXNkTtEN5txJxjMsMQL","node":{"__id__":10},"_materials":[{"__uuid__":"ecpdLyjvZBwrvm+cedCcQy"}],"_spriteFrame":{"__uuid__":"f7y79NZn9Ny5V9r6BD3zm1"},"_sizeMode":0}],"_prefab":{"__type__":"cc.PrefabInfo","root":{"__id__":1},"asset":{"__uuid__":"081OSM+sNIGqn2jhRtEtOn"},"fileId":"c8jnyInNBLh53A8Jle1xpZ"},"_opacity":150,"_contentSize":{"__type__":"cc.Size","width":757,"height":60},"_trs":{"__type__":"TypedArray","ctor":"Float64Array","array":[212.492,93.995,0,0,0,0,1,1,1,1]}},{"__type__":"cc.Node","_name":"btn1","_parent":{"__id__":1},"_components":[{"__type__":"e97baXNkTtEN5txJxjMsMQL","node":{"__id__":11},"_materials":[{"__uuid__":"ecpdLyjvZBwrvm+cedCcQy"}],"_spriteFrame":{"__uuid__":"f7y79NZn9Ny5V9r6BD3zm1"},"_sizeMode":0}],"_prefab":{"__type__":"cc.PrefabInfo","root":{"__id__":1},"asset":{"__uuid__":"081OSM+sNIGqn2jhRtEtOn"},"fileId":"6ceM1xmedAbo50w1smVnXq"},"_contentSize":{"__type__":"cc.Size","width":120,"height":70},"_trs":{"__type__":"TypedArray","ctor":"Float64Array","array":[519.948,93.995,0,0,0,0,1,1,1,1]}},{"__type__":"cc.Node","_name":"txt1","_parent":{"__id__":1},"_components":[{"__type__":"169900iLpFDSrelEizBDC4Z","node":{"__id__":12},"_materials":[{"__uuid__":"ecpdLyjvZBwrvm+cedCcQy"}],"_string":"---","_N$string":"---","_fontSize":25,"_N$horizontalAlign":1,"_N$verticalAlign":1}],"_prefab":{"__type__":"cc.PrefabInfo","root":{"__id__":1},"asset":{"__uuid__":"081OSM+sNIGqn2jhRtEtOn"},"fileId":"08/d9A3s5JjrgJNrynLvdc"},"_contentSize":{"__type__":"cc.Size","width":24.98,"height":50.4},"_anchorPoint":{"__type__":"cc.Vec2","y":0.5},"_trs":{"__type__":"TypedArray","ctor":"Float64Array","array":[-88.201,92.547,0,0,0,0,1,1,1,1]}},{"__type__":"cc.Node","_name":"label","_parent":{"__id__":1},"_components":[{"__type__":"169900iLpFDSrelEizBDC4Z","node":{"__id__":13},"_materials":[{"__uuid__":"ecpdLyjvZBwrvm+cedCcQy"}],"_string":"升级","_N$string":"升级","_fontSize":30,"_lineHeight":30,"_enableWrapText":false,"_N$horizontalAlign":1,"_N$verticalAlign":1,"_N$overflow":2}],"_prefab":{"__type__":"cc.PrefabInfo","root":{"__id__":1},"asset":{"__uuid__":"081OSM+sNIGqn2jhRtEtOn"},"fileId":"a59IoL4PdBKY3mSH5rA2/U"},"_color":{"__type__":"cc.Color","g":255,"b":51},"_contentSize":{"__type__":"cc.Size","width":110,"height":37.8},"_trs":{"__type__":"TypedArray","ctor":"Float64Array","array":[520.403,94.547,0,0,0,0,1,1,1,1]}},{"__type__":"cc.Node","_name":"btn1","_parent":{"__id__":1},"_children":[{"__id__":15}],"_components":[{"__type__":"e97baXNkTtEN5txJxjMsMQL","node":{"__id__":14},"_materials":[{"__uuid__":"ecpdLyjvZBwrvm+cedCcQy"}],"_spriteFrame":{"__uuid__":"82SKsGO2JFYIgcS1MMiBd6"}}],"_prefab":{"__type__":"cc.PrefabInfo","root":{"__id__":1},"asset":{"__uuid__":"081OSM+sNIGqn2jhRtEtOn"},"fileId":"baBC59AUJKKIyMOiupEs68"},"_contentSize":{"__type__":"cc.Size","width":105,"height":101},"_trs":{"__type__":"TypedArray","ctor":"Float64Array","array":[-131.44,94.451,0,0,0,0,1,0.55,0.55,1]}},{"__type__":"cc.Node","_name":"jntb4","_parent":{"__id__":14},"_components":[{"__type__":"e97baXNkTtEN5txJxjMsMQL","node":{"__id__":15},"_materials":[{"__uuid__":"ecpdLyjvZBwrvm+cedCcQy"}],"_spriteFrame":{"__uuid__":"60syS3b31Kq5Z2zYywe/he"}}],"_prefab":{"__type__":"cc.PrefabInfo","root":{"__id__":1},"asset":{"__uuid__":"081OSM+sNIGqn2jhRtEtOn"},"fileId":"3aXuKGQDVGVLnpaX7wnduv"},"_contentSize":{"__type__":"cc.Size","width":98,"height":98},"_trs":{"__type__":"TypedArray","ctor":"Float64Array","array":[-0.318,1.8,0,0,0,0,1,1,1,1]}},{"__type__":"cc.Node","_name":"bj","_parent":{"__id__":1},"_components":[{"__type__":"e97baXNkTtEN5txJxjMsMQL","node":{"__id__":16},"_materials":[{"__uuid__":"ecpdLyjvZBwrvm+cedCcQy"}],"_spriteFrame":{"__uuid__":"f7y79NZn9Ny5V9r6BD3zm1"},"_sizeMode":0}],"_prefab":{"__type__":"cc.PrefabInfo","root":{"__id__":1},"asset":{"__uuid__":"081OSM+sNIGqn2jhRtEtOn"},"fileId":"bfiRB4rW9JapyG5knrPCCo"},"_opacity":150,"_contentSize":{"__type__":"cc.Size","width":757,"height":60},"_trs":{"__type__":"TypedArray","ctor":"Float64Array","array":[212.492,15.486,0,0,0,0,1,1,1,1]}},{"__type__":"cc.Node","_name":"btn2","_parent":{"__id__":1},"_components":[{"__type__":"e97baXNkTtEN5txJxjMsMQL","node":{"__id__":17},"_materials":[{"__uuid__":"ecpdLyjvZBwrvm+cedCcQy"}],"_spriteFrame":{"__uuid__":"f7y79NZn9Ny5V9r6BD3zm1"},"_sizeMode":0}],"_prefab":{"__type__":"cc.PrefabInfo","root":{"__id__":1},"asset":{"__uuid__":"081OSM+sNIGqn2jhRtEtOn"},"fileId":"c6/uFTrC9GVJYm3jTLxdld"},"_contentSize":{"__type__":"cc.Size","width":120,"height":70},"_trs":{"__type__":"TypedArray","ctor":"Float64Array","array":[519.948,15.486,0,0,0,0,1,1,1,1]}},{"__type__":"cc.Node","_name":"txt2","_parent":{"__id__":1},"_components":[{"__type__":"169900iLpFDSrelEizBDC4Z","node":{"__id__":18},"_materials":[{"__uuid__":"ecpdLyjvZBwrvm+cedCcQy"}],"_string":"---","_N$string":"---","_fontSize":25,"_N$horizontalAlign":1,"_N$verticalAlign":1}],"_prefab":{"__type__":"cc.PrefabInfo","root":{"__id__":1},"asset":{"__uuid__":"081OSM+sNIGqn2jhRtEtOn"},"fileId":"5aEZIMZWJB8rjzkPTKWOCX"},"_contentSize":{"__type__":"cc.Size","width":24.98,"height":50.4},"_anchorPoint":{"__type__":"cc.Vec2","y":0.5},"_trs":{"__type__":"TypedArray","ctor":"Float64Array","array":[-88.201,14.038,0,0,0,0,1,1,1,1]}},{"__type__":"cc.Node","_name":"label","_parent":{"__id__":1},"_components":[{"__type__":"169900iLpFDSrelEizBDC4Z","node":{"__id__":19},"_materials":[{"__uuid__":"ecpdLyjvZBwrvm+cedCcQy"}],"_string":"升级","_N$string":"升级","_fontSize":30,"_lineHeight":30,"_enableWrapText":false,"_N$horizontalAlign":1,"_N$verticalAlign":1,"_N$overflow":2}],"_prefab":{"__type__":"cc.PrefabInfo","root":{"__id__":1},"asset":{"__uuid__":"081OSM+sNIGqn2jhRtEtOn"},"fileId":"dd6L5EYRdMIJ1jUxXlIXgj"},"_color":{"__type__":"cc.Color","g":255,"b":51},"_contentSize":{"__type__":"cc.Size","width":110,"height":50.4},"_trs":{"__type__":"TypedArray","ctor":"Float64Array","array":[520.403,15.038,0,0,0,0,1,1,1,1]}},{"__type__":"cc.Node","_name":"btn2","_parent":{"__id__":1},"_children":[{"__id__":21}],"_components":[{"__type__":"e97baXNkTtEN5txJxjMsMQL","node":{"__id__":20},"_materials":[{"__uuid__":"ecpdLyjvZBwrvm+cedCcQy"}],"_spriteFrame":{"__uuid__":"82SKsGO2JFYIgcS1MMiBd6"}}],"_prefab":{"__type__":"cc.PrefabInfo","root":{"__id__":1},"asset":{"__uuid__":"081OSM+sNIGqn2jhRtEtOn"},"fileId":"08KmZqKodL2ZiPzc8sy0tP"},"_contentSize":{"__type__":"cc.Size","width":105,"height":101},"_trs":{"__type__":"TypedArray","ctor":"Float64Array","array":[-130.87099999999998,15.411000000000001,0,0,0,0,1,0.55,0.55,1]}},{"__type__":"cc.Node","_name":"jntb3","_parent":{"__id__":20},"_components":[{"__type__":"e97baXNkTtEN5txJxjMsMQL","node":{"__id__":21},"_materials":[{"__uuid__":"ecpdLyjvZBwrvm+cedCcQy"}],"_spriteFrame":{"__uuid__":"0d/pL/bOdCkb0v2QCqujuj"}}],"_prefab":{"__type__":"cc.PrefabInfo","root":{"__id__":1},"asset":{"__uuid__":"081OSM+sNIGqn2jhRtEtOn"},"fileId":"62BdM/NftC1K9E860VaejO"},"_contentSize":{"__type__":"cc.Size","width":84,"height":81},"_trs":{"__type__":"TypedArray","ctor":"Float64Array","array":[-5.996,-0.381,0,0,0,0,1,1,1,1]}},{"__type__":"cc.Node","_name":"bj","_parent":{"__id__":1},"_components":[{"__type__":"e97baXNkTtEN5txJxjMsMQL","node":{"__id__":22},"_materials":[{"__uuid__":"ecpdLyjvZBwrvm+cedCcQy"}],"_spriteFrame":{"__uuid__":"f7y79NZn9Ny5V9r6BD3zm1"},"_sizeMode":0}],"_prefab":{"__type__":"cc.PrefabInfo","root":{"__id__":1},"asset":{"__uuid__":"081OSM+sNIGqn2jhRtEtOn"},"fileId":"22fIlN1HJEf4qJC7crVTFz"},"_opacity":150,"_contentSize":{"__type__":"cc.Size","width":757,"height":60},"_trs":{"__type__":"TypedArray","ctor":"Float64Array","array":[212.492,-62.209,0,0,0,0,1,1,1,1]}},{"__type__":"cc.Node","_name":"btn3","_parent":{"__id__":1},"_components":[{"__type__":"e97baXNkTtEN5txJxjMsMQL","node":{"__id__":23},"_materials":[{"__uuid__":"ecpdLyjvZBwrvm+cedCcQy"}],"_spriteFrame":{"__uuid__":"f7y79NZn9Ny5V9r6BD3zm1"},"_sizeMode":0}],"_prefab":{"__type__":"cc.PrefabInfo","root":{"__id__":1},"asset":{"__uuid__":"081OSM+sNIGqn2jhRtEtOn"},"fileId":"9bKcbTCVdHcoQS69JdnV7T"},"_contentSize":{"__type__":"cc.Size","width":120,"height":70},"_trs":{"__type__":"TypedArray","ctor":"Float64Array","array":[519.948,-62.209,0,0,0,0,1,1,1,1]}},{"__type__":"cc.Node","_name":"label","_parent":{"__id__":1},"_components":[{"__type__":"169900iLpFDSrelEizBDC4Z","node":{"__id__":24},"_materials":[{"__uuid__":"ecpdLyjvZBwrvm+cedCcQy"}],"_string":"升级","_N$string":"升级","_fontSize":30,"_lineHeight":30,"_enableWrapText":false,"_N$horizontalAlign":1,"_N$verticalAlign":1,"_N$overflow":2}],"_prefab":{"__type__":"cc.PrefabInfo","root":{"__id__":1},"asset":{"__uuid__":"081OSM+sNIGqn2jhRtEtOn"},"fileId":"289QNpG1RCP6trGAS3Kgkd"},"_color":{"__type__":"cc.Color","g":255,"b":51},"_contentSize":{"__type__":"cc.Size","width":110,"height":37.8},"_trs":{"__type__":"TypedArray","ctor":"Float64Array","array":[520.403,-63.657,0,0,0,0,1,1,1,1]}},{"__type__":"cc.Node","_name":"txt3","_parent":{"__id__":1},"_components":[{"__type__":"169900iLpFDSrelEizBDC4Z","node":{"__id__":25},"_materials":[{"__uuid__":"ecpdLyjvZBwrvm+cedCcQy"}],"_string":"---","_N$string":"---","_fontSize":25,"_N$horizontalAlign":1,"_N$verticalAlign":1}],"_prefab":{"__type__":"cc.PrefabInfo","root":{"__id__":1},"asset":{"__uuid__":"081OSM+sNIGqn2jhRtEtOn"},"fileId":"7a7bk4iy1P6IT6onf+H9DN"},"_contentSize":{"__type__":"cc.Size","width":24.98,"height":50.4},"_anchorPoint":{"__type__":"cc.Vec2","y":0.5},"_trs":{"__type__":"TypedArray","ctor":"Float64Array","array":[-88.201,-63.657,0,0,0,0,1,1,1,1]}},{"__type__":"cc.Node","_name":"btn3","_parent":{"__id__":1},"_children":[{"__id__":27}],"_components":[{"__type__":"e97baXNkTtEN5txJxjMsMQL","node":{"__id__":26},"_materials":[{"__uuid__":"ecpdLyjvZBwrvm+cedCcQy"}],"_spriteFrame":{"__uuid__":"82SKsGO2JFYIgcS1MMiBd6"}}],"_prefab":{"__type__":"cc.PrefabInfo","root":{"__id__":1},"asset":{"__uuid__":"081OSM+sNIGqn2jhRtEtOn"},"fileId":"3b+7IsCR5D6qC/J5zVIXxj"},"_contentSize":{"__type__":"cc.Size","width":105,"height":101},"_trs":{"__type__":"TypedArray","ctor":"Float64Array","array":[-130.425,-62.71,0,0,0,0,1,0.55,0.55,1]}},{"__type__":"cc.Node","_name":"jntb1","_parent":{"__id__":26},"_components":[{"__type__":"e97baXNkTtEN5txJxjMsMQL","node":{"__id__":27},"_materials":[{"__uuid__":"ecpdLyjvZBwrvm+cedCcQy"}],"_spriteFrame":{"__uuid__":"8d1VHwO8lNzKcG6PTM+oJU"}}],"_prefab":{"__type__":"cc.PrefabInfo","root":{"__id__":1},"asset":{"__uuid__":"081OSM+sNIGqn2jhRtEtOn"},"fileId":"6eJwSRoYFArKVgx0t41OHs"},"_contentSize":{"__type__":"cc.Size","width":84,"height":76},"_trs":{"__type__":"TypedArray","ctor":"Float64Array","array":[1.146,-0.878,0,0,0,0,1,1,1,1]}},{"__type__":"cc.Node","_name":"bj","_parent":{"__id__":1},"_components":[{"__type__":"e97baXNkTtEN5txJxjMsMQL","node":{"__id__":28},"_materials":[{"__uuid__":"ecpdLyjvZBwrvm+cedCcQy"}],"_spriteFrame":{"__uuid__":"f7y79NZn9Ny5V9r6BD3zm1"},"_sizeMode":0}],"_prefab":{"__type__":"cc.PrefabInfo","root":{"__id__":1},"asset":{"__uuid__":"081OSM+sNIGqn2jhRtEtOn"},"fileId":"62uUmWfn1Ima4BKMyJMHP7"},"_opacity":150,"_contentSize":{"__type__":"cc.Size","width":757,"height":60},"_trs":{"__type__":"TypedArray","ctor":"Float64Array","array":[212.492,-142.154,0,0,0,0,1,1,1,1]}},{"__type__":"cc.Node","_name":"btn4","_parent":{"__id__":1},"_components":[{"__type__":"e97baXNkTtEN5txJxjMsMQL","node":{"__id__":29},"_materials":[{"__uuid__":"ecpdLyjvZBwrvm+cedCcQy"}],"_spriteFrame":{"__uuid__":"f7y79NZn9Ny5V9r6BD3zm1"},"_sizeMode":0}],"_prefab":{"__type__":"cc.PrefabInfo","root":{"__id__":1},"asset":{"__uuid__":"081OSM+sNIGqn2jhRtEtOn"},"fileId":"dcOSmOm5hKp7ebIHDvb6wz"},"_contentSize":{"__type__":"cc.Size","width":120,"height":70},"_trs":{"__type__":"TypedArray","ctor":"Float64Array","array":[519.948,-142.154,0,0,0,0,1,1,1,1]}},{"__type__":"cc.Node","_name":"txt4","_parent":{"__id__":1},"_components":[{"__type__":"169900iLpFDSrelEizBDC4Z","node":{"__id__":30},"_materials":[{"__uuid__":"ecpdLyjvZBwrvm+cedCcQy"}],"_string":"---","_N$string":"---","_fontSize":25,"_N$horizontalAlign":1,"_N$verticalAlign":1}],"_prefab":{"__type__":"cc.PrefabInfo","root":{"__id__":1},"asset":{"__uuid__":"081OSM+sNIGqn2jhRtEtOn"},"fileId":"d2ykv0LNpHd7MXKCnZy+CU"},"_contentSize":{"__type__":"cc.Size","width":24.98,"height":50.4},"_anchorPoint":{"__type__":"cc.Vec2","y":0.5},"_trs":{"__type__":"TypedArray","ctor":"Float64Array","array":[-88.201,-143.602,0,0,0,0,1,1,1,1]}},{"__type__":"cc.Node","_name":"label","_parent":{"__id__":1},"_components":[{"__type__":"169900iLpFDSrelEizBDC4Z","node":{"__id__":31},"_materials":[{"__uuid__":"ecpdLyjvZBwrvm+cedCcQy"}],"_string":"升级","_N$string":"升级","_fontSize":30,"_lineHeight":30,"_enableWrapText":false,"_N$horizontalAlign":1,"_N$verticalAlign":1,"_N$overflow":2}],"_prefab":{"__type__":"cc.PrefabInfo","root":{"__id__":1},"asset":{"__uuid__":"081OSM+sNIGqn2jhRtEtOn"},"fileId":"a3TAlbTbNCXJfva6Z33wvg"},"_color":{"__type__":"cc.Color","g":255,"b":51},"_contentSize":{"__type__":"cc.Size","width":110,"height":37.8},"_trs":{"__type__":"TypedArray","ctor":"Float64Array","array":[520.403,-144.602,0,0,0,0,1,1,1,1]}},{"__type__":"cc.Node","_name":"moneyshan","_parent":{"__id__":1},"_children":[{"__id__":33}],"_components":[{"__type__":"169900iLpFDSrelEizBDC4Z","node":{"__id__":32},"_materials":[{"__uuid__":"ecpdLyjvZBwrvm+cedCcQy"}],"_string":": 3.00K","_N$string":": 3.00K","_fontSize":28,"_N$horizontalAlign":1,"_N$verticalAlign":1}],"_prefab":{"__type__":"cc.PrefabInfo","root":{"__id__":1},"asset":{"__uuid__":"081OSM+sNIGqn2jhRtEtOn"},"fileId":"4aJQkKfqhMB5nxIE/5j4BT"},"_color":{"__type__":"cc.Color","r":245,"g":255},"_contentSize":{"__type__":"cc.Size","width":88.73,"height":50.4},"_anchorPoint":{"__type__":"cc.Vec2","y":0.5},"_trs":{"__type__":"TypedArray","ctor":"Float64Array","array":[368.624,170.253,0,0,0,0,1,1,1,1]}},{"__type__":"cc.Node","_name":"jinbi","_parent":{"__id__":32},"_components":[{"__type__":"e97baXNkTtEN5txJxjMsMQL","node":{"__id__":33},"_materials":[{"__uuid__":"ecpdLyjvZBwrvm+cedCcQy"}],"_spriteFrame":{"__uuid__":"b7e46YmdRJybSWqAwrdfOB"}}],"_prefab":{"__type__":"cc.PrefabInfo","root":{"__id__":1},"asset":{"__uuid__":"081OSM+sNIGqn2jhRtEtOn"},"fileId":"5e0fM0Z2dEEY5sZE0euNmc"},"_contentSize":{"__type__":"cc.Size","width":39,"height":48},"_trs":{"__type__":"TypedArray","ctor":"Float64Array","array":[-23.409,0.165,0,0,0,0,1,1,1,1]}},{"__type__":"cc.Node","_name":"btn4","_parent":{"__id__":1},"_children":[{"__id__":35}],"_components":[{"__type__":"e97baXNkTtEN5txJxjMsMQL","node":{"__id__":34},"_materials":[{"__uuid__":"ecpdLyjvZBwrvm+cedCcQy"}],"_spriteFrame":{"__uuid__":"82SKsGO2JFYIgcS1MMiBd6"}}],"_prefab":{"__type__":"cc.PrefabInfo","root":{"__id__":1},"asset":{"__uuid__":"081OSM+sNIGqn2jhRtEtOn"},"fileId":"58uHCdLH5IT73mXK7d3PyB"},"_contentSize":{"__type__":"cc.Size","width":105,"height":101},"_trs":{"__type__":"TypedArray","ctor":"Float64Array","array":[-130.939,-141.624,0,0,0,0,1,0.55,0.55,1]}},{"__type__":"cc.Node","_name":"jntb2","_parent":{"__id__":34},"_components":[{"__type__":"e97baXNkTtEN5txJxjMsMQL","node":{"__id__":35},"_materials":[{"__uuid__":"ecpdLyjvZBwrvm+cedCcQy"}],"_spriteFrame":{"__uuid__":"7bdw5DQrBG9Kram1DkDtG+"}}],"_prefab":{"__type__":"cc.PrefabInfo","root":{"__id__":1},"asset":{"__uuid__":"081OSM+sNIGqn2jhRtEtOn"},"fileId":"89ed4FCLpI/aaBbGCBb3zJ"},"_contentSize":{"__type__":"cc.Size","width":99,"height":66},"_trs":{"__type__":"TypedArray","ctor":"Float64Array","array":[-4.839,0.912,0,0,0,0,1,1,1,1]}},{"__type__":"cc.Node","_name":"money1","_parent":{"__id__":1},"_children":[{"__id__":37}],"_components":[{"__type__":"169900iLpFDSrelEizBDC4Z","node":{"__id__":36},"_materials":[{"__uuid__":"ecpdLyjvZBwrvm+cedCcQy"}],"_string":": 3.00K","_N$string":": 3.00K","_fontSize":28,"_N$horizontalAlign":1,"_N$verticalAlign":1}],"_prefab":{"__type__":"cc.PrefabInfo","root":{"__id__":1},"asset":{"__uuid__":"081OSM+sNIGqn2jhRtEtOn"},"fileId":"6dA9LM+oBC95HLoCGOM7Qq"},"_color":{"__type__":"cc.Color","r":245,"g":255},"_contentSize":{"__type__":"cc.Size","width":88.73,"height":50.4},"_anchorPoint":{"__type__":"cc.Vec2","y":0.5},"_trs":{"__type__":"TypedArray","ctor":"Float64Array","array":[368.624,94.866,0,0,0,0,1,1,1,1]}},{"__type__":"cc.Node","_name":"jinbi","_parent":{"__id__":36},"_components":[{"__type__":"e97baXNkTtEN5txJxjMsMQL","node":{"__id__":37},"_materials":[{"__uuid__":"ecpdLyjvZBwrvm+cedCcQy"}],"_spriteFrame":{"__uuid__":"b7e46YmdRJybSWqAwrdfOB"}}],"_prefab":{"__type__":"cc.PrefabInfo","root":{"__id__":1},"asset":{"__uuid__":"081OSM+sNIGqn2jhRtEtOn"},"fileId":"14nv06S6RFo4rZvuVrXEtN"},"_contentSize":{"__type__":"cc.Size","width":39,"height":48},"_trs":{"__type__":"TypedArray","ctor":"Float64Array","array":[-23.409,0.165,0,0,0,0,1,1,1,1]}},{"__type__":"cc.Node","_name":"money2","_parent":{"__id__":1},"_children":[{"__id__":39}],"_components":[{"__type__":"169900iLpFDSrelEizBDC4Z","node":{"__id__":38},"_materials":[{"__uuid__":"ecpdLyjvZBwrvm+cedCcQy"}],"_string":": 3.00K","_N$string":": 3.00K","_fontSize":28,"_N$horizontalAlign":1,"_N$verticalAlign":1}],"_prefab":{"__type__":"cc.PrefabInfo","root":{"__id__":1},"asset":{"__uuid__":"081OSM+sNIGqn2jhRtEtOn"},"fileId":"98oVyp6ndDu5gXYacuQCmg"},"_color":{"__type__":"cc.Color","r":245,"g":255},"_contentSize":{"__type__":"cc.Size","width":88.73,"height":50.4},"_anchorPoint":{"__type__":"cc.Vec2","y":0.5},"_trs":{"__type__":"TypedArray","ctor":"Float64Array","array":[368.624,18.474,0,0,0,0,1,1,1,1]}},{"__type__":"cc.Node","_name":"jinbi","_parent":{"__id__":38},"_components":[{"__type__":"e97baXNkTtEN5txJxjMsMQL","node":{"__id__":39},"_materials":[{"__uuid__":"ecpdLyjvZBwrvm+cedCcQy"}],"_spriteFrame":{"__uuid__":"b7e46YmdRJybSWqAwrdfOB"}}],"_prefab":{"__type__":"cc.PrefabInfo","root":{"__id__":1},"asset":{"__uuid__":"081OSM+sNIGqn2jhRtEtOn"},"fileId":"337JX9xXRMvp7jx95vWGCB"},"_contentSize":{"__type__":"cc.Size","width":39,"height":48},"_trs":{"__type__":"TypedArray","ctor":"Float64Array","array":[-23.409,0.165,0,0,0,0,1,1,1,1]}},{"__type__":"cc.Node","_name":"money3","_parent":{"__id__":1},"_children":[{"__id__":41}],"_components":[{"__type__":"169900iLpFDSrelEizBDC4Z","node":{"__id__":40},"_materials":[{"__uuid__":"ecpdLyjvZBwrvm+cedCcQy"}],"_string":": 3.00K","_N$string":": 3.00K","_fontSize":28,"_N$horizontalAlign":1,"_N$verticalAlign":1}],"_prefab":{"__type__":"cc.PrefabInfo","root":{"__id__":1},"asset":{"__uuid__":"081OSM+sNIGqn2jhRtEtOn"},"fileId":"79t5LubVJCwZvdel1q4trP"},"_color":{"__type__":"cc.Color","r":245,"g":255},"_contentSize":{"__type__":"cc.Size","width":88.73,"height":50.4},"_anchorPoint":{"__type__":"cc.Vec2","y":0.5},"_trs":{"__type__":"TypedArray","ctor":"Float64Array","array":[368.624,-61.939,0,0,0,0,1,1,1,1]}},{"__type__":"cc.Node","_name":"jinbi","_parent":{"__id__":40},"_components":[{"__type__":"e97baXNkTtEN5txJxjMsMQL","node":{"__id__":41},"_materials":[{"__uuid__":"ecpdLyjvZBwrvm+cedCcQy"}],"_spriteFrame":{"__uuid__":"b7e46YmdRJybSWqAwrdfOB"}}],"_prefab":{"__type__":"cc.PrefabInfo","root":{"__id__":1},"asset":{"__uuid__":"081OSM+sNIGqn2jhRtEtOn"},"fileId":"bdMwNihMBP64ViragvW3/z"},"_contentSize":{"__type__":"cc.Size","width":39,"height":48},"_trs":{"__type__":"TypedArray","ctor":"Float64Array","array":[-23.409,0.165,0,0,0,0,1,1,1,1]}},{"__type__":"cc.Node","_name":"money4","_parent":{"__id__":1},"_children":[{"__id__":43}],"_components":[{"__type__":"169900iLpFDSrelEizBDC4Z","node":{"__id__":42},"_materials":[{"__uuid__":"ecpdLyjvZBwrvm+cedCcQy"}],"_string":": 3.00K","_N$string":": 3.00K","_fontSize":28,"_N$horizontalAlign":1,"_N$verticalAlign":1}],"_prefab":{"__type__":"cc.PrefabInfo","root":{"__id__":1},"asset":{"__uuid__":"081OSM+sNIGqn2jhRtEtOn"},"fileId":"49jYZrNkNDs7oLYzcvL9OZ"},"_color":{"__type__":"cc.Color","r":245,"g":255},"_contentSize":{"__type__":"cc.Size","width":88.73,"height":50.4},"_anchorPoint":{"__type__":"cc.Vec2","y":0.5},"_trs":{"__type__":"TypedArray","ctor":"Float64Array","array":[368.624,-144.362,0,0,0,0,1,1,1,1]}},{"__type__":"cc.Node","_name":"jinbi","_parent":{"__id__":42},"_components":[{"__type__":"e97baXNkTtEN5txJxjMsMQL","node":{"__id__":43},"_materials":[{"__uuid__":"ecpdLyjvZBwrvm+cedCcQy"}],"_spriteFrame":{"__uuid__":"b7e46YmdRJybSWqAwrdfOB"}}],"_prefab":{"__type__":"cc.PrefabInfo","root":{"__id__":1},"asset":{"__uuid__":"081OSM+sNIGqn2jhRtEtOn"},"fileId":"73DFnoC3hOG6myTwJu5ju7"},"_contentSize":{"__type__":"cc.Size","width":39,"height":48},"_trs":{"__type__":"TypedArray","ctor":"Float64Array","array":[-23.409,0.165,0,0,0,0,1,1,1,1]}}]