[{"__type__":"cc.Prefab","_name":"map_mc","data":{"__id__":1}},{"__type__":"cc.Node","_name":"me_mc","_children":[{"__id__":2},{"__id__":3},{"__id__":4},{"__id__":5},{"__id__":6}],"_components":[{"__type__":"96136Q+URJEEJhNfiAJMg/C","node":{"__id__":1}}],"_prefab":{"__type__":"cc.PrefabInfo","root":{"__id__":1},"asset":{"__uuid__":"1cnoDmmIRCcZDZMD8tndGx"}},"_trs":{"__type__":"TypedArray","ctor":"Float64Array","array":[0,0,0,0,0,0,1,1,1,1]}},{"__type__":"cc.Node","_name":"bj","_objFlags":512,"_parent":{"__id__":1},"_components":[{"__type__":"e97baXNkTtEN5txJxjMsMQL","node":{"__id__":2},"_materials":[{"__uuid__":"ecpdLyjvZBwrvm+cedCcQy"}],"_spriteFrame":{"__uuid__":"f7y79NZn9Ny5V9r6BD3zm1"},"_sizeMode":0}],"_prefab":{"__type__":"cc.PrefabInfo","root":{"__id__":1},"asset":{"__uuid__":"1cnoDmmIRCcZDZMD8tndGx"},"fileId":"b4n5hexehLPoWJbtkBsf42"},"_opacity":50,"_contentSize":{"__type__":"cc.Size","width":779,"height":405},"_trs":{"__type__":"TypedArray","ctor":"Float64Array","array":[210.765,13.71,0,0,0,0,1,1,1,1]}},{"__type__":"cc.Node","_name":"bj","_parent":{"__id__":1},"_components":[{"__type__":"e97baXNkTtEN5txJxjMsMQL","node":{"__id__":3},"_materials":[{"__uuid__":"ecpdLyjvZBwrvm+cedCcQy"}],"_spriteFrame":{"__uuid__":"f7y79NZn9Ny5V9r6BD3zm1"},"_sizeMode":0}],"_prefab":{"__type__":"cc.PrefabInfo","root":{"__id__":1},"asset":{"__uuid__":"1cnoDmmIRCcZDZMD8tndGx"},"fileId":"fdoZIp3kVEEZDVqXYoXuri"},"_contentSize":{"__type__":"cc.Size","width":269,"height":70},"_trs":{"__type__":"TypedArray","ctor":"Float64Array","array":[203.791,258.178,0,0,0,0,1,1,1,1]}},{"__type__":"cc.Node","_name":"label","_parent":{"__id__":1},"_components":[{"__type__":"169900iLpFDSrelEizBDC4Z","node":{"__id__":4},"_materials":[{"__uuid__":"ecpdLyjvZBwrvm+cedCcQy"}],"_string":"关卡选择","_N$string":"关卡选择","_fontSize":38,"_enableWrapText":false,"_N$horizontalAlign":1,"_N$verticalAlign":1,"_N$overflow":2}],"_prefab":{"__type__":"cc.PrefabInfo","root":{"__id__":1},"asset":{"__uuid__":"1cnoDmmIRCcZDZMD8tndGx"},"fileId":"83MPhXNoZEyZ7uzHvwTNbQ"},"_contentSize":{"__type__":"cc.Size","width":240,"height":50.4},"_trs":{"__type__":"TypedArray","ctor":"Float64Array","array":[202.651,260.847,0,0,0,0,1,1,1,1]}},{"__type__":"cc.Node","_name":"biaoji","_parent":{"__id__":1},"_components":[{"__type__":"e97baXNkTtEN5txJxjMsMQL","node":{"__id__":5},"_materials":[{"__uuid__":"ecpdLyjvZBwrvm+cedCcQy"}],"_spriteFrame":{"__uuid__":"69NYQvBBFE1LQAfBUMDFX0"}}],"_prefab":{"__type__":"cc.PrefabInfo","root":{"__id__":1},"asset":{"__uuid__":"1cnoDmmIRCcZDZMD8tndGx"},"fileId":"97W0/wEiBNHr1fNeS+fj9P"},"_contentSize":{"__type__":"cc.Size","width":24,"height":32},"_trs":{"__type__":"TypedArray","ctor":"Float64Array","array":[1125.932,34.332,0,0,0,0,1,1,1,1]}},{"__type__":"cc.Node","_name":"tongguan","_parent":{"__id__":1},"_children":[{"__id__":7},{"__id__":8}],"_prefab":{"__type__":"cc.PrefabInfo","root":{"__id__":1},"asset":{"__uuid__":"1cnoDmmIRCcZDZMD8tndGx"},"fileId":"e7jbf30INNnqwrsvrQ2DP1"},"_trs":{"__type__":"TypedArray","ctor":"Float64Array","array":[0,0,0,0,0,0,1,1,1,1]}},{"__type__":"cc.Node","_name":"xingxing","_parent":{"__id__":6},"_components":[{"__type__":"e97baXNkTtEN5txJxjMsMQL","node":{"__id__":7},"_materials":[{"__uuid__":"ecpdLyjvZBwrvm+cedCcQy"}],"_spriteFrame":{"__uuid__":"8cExtBFT5FZaNmkMmekPqU"}}],"_prefab":{"__type__":"cc.PrefabInfo","root":{"__id__":1},"asset":{"__uuid__":"1cnoDmmIRCcZDZMD8tndGx"},"fileId":"4fNvMGJTBC5pXpnuh7I+LR"},"_contentSize":{"__type__":"cc.Size","width":51,"height":55},"_trs":{"__type__":"TypedArray","ctor":"Float64Array","array":[26.774,261.548,0,0,0,0,1,1,1,1]}},{"__type__":"cc.Node","_name":"xingxing","_parent":{"__id__":6},"_components":[{"__type__":"e97baXNkTtEN5txJxjMsMQL","node":{"__id__":8},"_materials":[{"__uuid__":"ecpdLyjvZBwrvm+cedCcQy"}],"_spriteFrame":{"__uuid__":"8cExtBFT5FZaNmkMmekPqU"}}],"_prefab":{"__type__":"cc.PrefabInfo","root":{"__id__":1},"asset":{"__uuid__":"1cnoDmmIRCcZDZMD8tndGx"},"fileId":"d5fT8PCWRGOo7VL/OM5yzG"},"_contentSize":{"__type__":"cc.Size","width":51,"height":55},"_trs":{"__type__":"TypedArray","ctor":"Float64Array","array":[377.74,261.548,0,0,0,0,1,1,1,1]}}]