[{"__type__":"cc.Prefab","_name":"guanka","data":{"__id__":1}},{"__type__":"cc.Node","_name":"guanka","_children":[{"__id__":2},{"__id__":3},{"__id__":4},{"__id__":5},{"__id__":6}],"_prefab":{"__type__":"cc.PrefabInfo","root":{"__id__":1}},"_contentSize":{"__type__":"cc.Size","width":80,"height":80},"_trs":{"__type__":"TypedArray","ctor":"Float64Array","array":[-122.201,152.134,0,0,0,0,1,1,1,1]}},{"__type__":"cc.Node","_name":"gezi","_parent":{"__id__":1},"_components":[{"__type__":"e97baXNkTtEN5txJxjMsMQL","node":{"__id__":2},"_materials":[{"__uuid__":"ecpdLyjvZBwrvm+cedCcQy"}],"_spriteFrame":{"__uuid__":"f7y79NZn9Ny5V9r6BD3zm1"},"_sizeMode":0}],"_prefab":{"__type__":"cc.PrefabInfo","root":{"__id__":2},"fileId":"f5jemrgthIgKKIORSfnSdQ"},"_opacity":150,"_contentSize":{"__type__":"cc.Size","width":80,"height":80},"_trs":{"__type__":"TypedArray","ctor":"Float64Array","array":[0,0,0,0,0,0,1,1,1,1]}},{"__type__":"cc.Node","_name":"lvtxt","_parent":{"__id__":1},"_components":[{"__type__":"169900iLpFDSrelEizBDC4Z","node":{"__id__":3},"_materials":[{"__uuid__":"ecpdLyjvZBwrvm+cedCcQy"}],"_string":"lv:1","_N$string":"lv:1","_fontSize":18,"_N$file":{"__uuid__":"37V08FLQdFjYQEejjPS/5t"},"_isSystemFontUsed":false,"_N$horizontalAlign":1,"_N$verticalAlign":1}],"_prefab":{"__type__":"cc.PrefabInfo","root":{"__id__":1},"fileId":"b7SaOsgkVEZqkloKKOeEvt"},"_contentSize":{"__type__":"cc.Size","width":35.4,"height":40},"_trs":{"__type__":"TypedArray","ctor":"Float64Array","array":[0.823,-29.33,0,0,0,0,1,1,1,1]}},{"__type__":"cc.Node","_name":"gktxt","_parent":{"__id__":1},"_components":[{"__type__":"169900iLpFDSrelEizBDC4Z","node":{"__id__":4},"_materials":[{"__uuid__":"ecpdLyjvZBwrvm+cedCcQy"}],"_string":"01","_N$string":"01","_fontSize":28,"_N$file":{"__uuid__":"37V08FLQdFjYQEejjPS/5t"},"_isSystemFontUsed":false,"_N$horizontalAlign":1,"_N$verticalAlign":1}],"_prefab":{"__type__":"cc.PrefabInfo","root":{"__id__":1},"fileId":"a6QIJHqRlDTrqO9LApJr/g"},"_contentSize":{"__type__":"cc.Size","width":35.47,"height":40},"_trs":{"__type__":"TypedArray","ctor":"Float64Array","array":[0.164,-0.002,0,0,0,0,1,1,1,1]}},{"__type__":"cc.Node","_name":"xxtxt","_parent":{"__id__":1},"_components":[{"__type__":"169900iLpFDSrelEizBDC4Z","node":{"__id__":5},"_materials":[{"__uuid__":"ecpdLyjvZBwrvm+cedCcQy"}],"_string":"★☆☆","_N$string":"★☆☆","_fontSize":18,"_N$file":{"__uuid__":"37V08FLQdFjYQEejjPS/5t"},"_isSystemFontUsed":false,"_N$horizontalAlign":1,"_N$verticalAlign":1}],"_prefab":{"__type__":"cc.PrefabInfo","root":{"__id__":1},"fileId":"7cvox4IQxMFaLlCnm0scbW"},"_contentSize":{"__type__":"cc.Size","width":55.8,"height":40},"_trs":{"__type__":"TypedArray","ctor":"Float64Array","array":[0.7070000000000001,27.729,0,0,0,0,1,1,1,1]}},{"__type__":"cc.Node","_name":"suo","_parent":{"__id__":1},"_components":[{"__type__":"e97baXNkTtEN5txJxjMsMQL","node":{"__id__":6},"_materials":[{"__uuid__":"ecpdLyjvZBwrvm+cedCcQy"}],"_spriteFrame":{"__uuid__":"5e2AsudONPpbwn9aB0NmQc"}}],"_prefab":{"__type__":"cc.PrefabInfo","root":{"__id__":1},"fileId":"c9ilzQrQ9CWovLwiF7lWgl"},"_contentSize":{"__type__":"cc.Size","width":48,"height":48},"_trs":{"__type__":"TypedArray","ctor":"Float64Array","array":[-0.357,5.832,0,0,0,0,1,1,1,1]}}]