[1,["ecpdLyjvZBwrvm+cedCcQy","b752zDPPdOwZrcOqNIOIDb","1a6ce1326"],["node","root","data","_spriteFrame","_textureSetter"],[["cc.Node",["_name","_groupIndex","_prefab","_contentSize","_parent","_components","_trs","_eulerAngles","_children"],1,4,5,1,9,7,5,2],["cc.PrefabInfo",["fileId","root"],2,1],"cc.SpriteFrame",["cc.Prefab",["_name"],2],["cc.RigidBody",["_type","node"],2,1],["cc.PhysicsBoxCollider",["_friction","node","_size"],2,1,5],["cc.Sprite",["node","_materials","_spriteFrame"],3,1,3,6]],[[1,0,1,2],[4,0,1,2],[5,0,1,2,2],[0,0,1,4,5,2,3,6,7,3],[3,0,2],[0,0,8,2,3,2],[0,0,4,5,2,3,6,7,2],[0,0,4,5,2,3,2],[1,1,1],[6,0,1,2,1]],[[[[4,"map6"],[5,"map6",[-2,-3,-4,-5,-6,-7],[8,-1],[5,150,700]],[6,"node_road",1,[[1,0,-8],[2,2,-9,[5,300,25]]],[0,"03g1yYL3pKd767GLJZuocW",1],[5,300,25],[-22.52,-169,0,0,0,0.3826834323650898,0.9238795325112867,1,1,1],[1,0,0,45]],[3,"node_road",7,1,[[1,0,-10],[2,2,-11,[5,300,25]]],[0,"39skG8a1JHlroWb4x8TXP8",1],[5,300,25],[-22.52,-89,0,0,0,0.3826834323650898,0.9238795325112867,1,1,1],[1,0,0,45]],[3,"node_road",8,1,[[1,0,-12],[2,2,-13,[5,300,25]]],[0,"f9aeigzu5M45jreX/0SbJ4",1],[5,300,25],[-22.52,-9,0,0,0,0.3826834323650898,0.9238795325112867,1,1,1],[1,0,0,45]],[3,"node_road",9,1,[[1,0,-14],[2,2,-15,[5,300,25]]],[0,"e9YQrZOTVMVInDCJBpgbsX",1],[5,300,25],[-22.52,71,0,0,0,0.3826834323650898,0.9238795325112867,1,1,1],[1,0,0,45]],[3,"node_road",10,1,[[1,0,-16],[2,2,-17,[5,300,25]]],[0,"3cHbSRmSdEoatrnYJz9kQO",1],[5,300,25],[-22.52,151,0,0,0,0.3826834323650898,0.9238795325112867,1,1,1],[1,0,0,45]],[7,"map6",1,[[9,-18,[0],1]],[0,"825TSzva9MbZRbjThG11UP",1],[5,150,700]]],0,[0,1,1,0,-1,7,0,-2,2,0,-3,3,0,-4,4,0,-5,5,0,-6,6,0,0,2,0,0,2,0,0,3,0,0,3,0,0,4,0,0,4,0,0,5,0,0,5,0,0,6,0,0,6,0,0,7,0,2,1,18],[0,0],[-1,3],[0,1]],[[{"name":"map6","rect":[1010,784,150,700],"offset":[0,0],"originalSize":[150,700],"capInsets":[0,0,0,0]}],[2],0,[0],[4],[2]]]]