[1,["0dU3XgnrJJZqp7Q3Ap23bk","ecpdLyjvZBwrvm+cedCcQy","2f3EfXFpxMPIZlz6FHKP90","31MDls66NK4IHEH8DPDyfq"],["_textureSetter","root","node","data","_file","_spriteFrame"],["cc.SpriteFrame",["cc.ParticleAsset",["_name","_native"],1],["cc.Prefab",["_name"],2],["cc.Node",["_name","_components","_prefab"],2,9,4],["cc.ParticleSystem",["_srcBlendFactor","_dstBlendFactor","_custom","autoRemoveOnFinish","totalParticles","duration","emissionRate","life","lifeVar","angle","angleVar","startSize","startSizeVar","endSize","endSizeVar","speed","speedVar","tangentialAccel","radialAccel","node","_materials","_startColor","_startColorVar","_endColor","_endColorVar","posVar","gravity","_file","_spriteFrame"],-16,1,3,8,8,8,8,5,5,6,6],["cc.PrefabInfo",["root"],3,1]],[[1,0,1,3],[2,0,2],[3,0,1,2,2],[4,0,1,2,3,4,5,6,7,8,9,10,11,12,13,14,15,16,17,18,19,20,21,22,23,24,25,26,27,28,20],[5,0,1]],[[[[0,"star",".plist"],-1],0,0,[],[],[]],[[{"name":"star","rect":[0,0,32,29],"offset":[0,0],"originalSize":[32,29],"capInsets":[0,0,0,0]}],[0],0,[0],[0],[0]],[[[1,"node_star"],[2,"node_star",[[3,1,1,true,true,50,0.1,166.66666666666669,0.3,0.0658,360,360,32,8,4,4,200,100,-46.553958892822266,14.447750000000003,-2,[0],[4,4293065214],[4,0],[4,4281129727],[4,0],[0,10,10],[0,100,100],1,2]],[4,-1]]],0,[0,1,1,0,2,1,0,3,1,2],[0,0,0],[-1,4,5],[1,2,3]]]]