[1,["ecpdLyjvZBwrvm+cedCcQy","a6rnrpHO9OU4kxsQZMoEC7","c15zPs4htMcrTXLu4PEqDP","97ygG+2TtBs55IGEQc+tAk","29uiaBOuxNrLuR2RBsklh4","1c0I2vDORExLmCqOf3vgY3","71d6OZpltId7GXSmseddrt","f3ymjky5ZO+6lozsB6DWkZ","48rDvHyN9GBYfNkePHLDZV"],["node","_textureSetter","_spriteFrame","root","progressBar","centerLoading","bgNode","data"],["cc.SpriteFrame",["cc.Node",["_name","_groupIndex","_components","_prefab","_contentSize","_parent","_trs","_children","_color"],1,9,4,5,1,7,2,5],["cc.Widget",["_alignFlags","_bottom","_left","_originalHeight","node","_target"],-1,1,1],["cc.Sprite",["_sizeMode","_type","node","_materials","_spriteFrame"],1,1,3,6],["cc.Node",["_name","_parent","_components","_prefab","_contentSize","_trs","_children","_anchorPoint"],2,1,12,4,5,7,2,5],["cc.PrefabInfo",["fileId","root"],2,1],["cc.Prefab",["_name"],2],["46e62M/dBdN04WJGMjXpc5N",["node","bgNode","centerLoading","progressBar"],3,1,1,1,1],["cc.Label",["_string","_fontSize","_lineHeight","_styleFlags","_N$horizontalAlign","_N$verticalAlign","node","_materials"],-3,1,3],["cc.ProgressBar",["_N$totalLength","_N$progress","node","_N$barSprite"],1,1,1]],[[5,0,1,2],[6,0,2],[1,0,1,7,2,3,4,6,3],[1,0,1,5,2,3,8,4,3],[1,0,1,5,2,3,4,6,3],[1,0,5,2,3,4,2],[4,0,1,6,2,3,4,5,2],[4,0,1,2,3,4,7,5,2],[2,0,4,2],[2,0,1,4,3],[2,0,2,1,3,4,5,5],[2,0,2,4,3],[7,0,1,2,3,1],[5,1,1],[3,1,0,2,3,4,3],[3,0,2,3,4,2],[3,2,3,4,1],[3,1,0,2,3,3],[8,0,1,2,3,4,5,6,7,7],[9,0,1,2,3,3]],[[[{"name":"img_busy","rect":[0,0,135,135],"offset":[0,0],"originalSize":[135,135],"capInsets":[0,0,0,0]}],[0],0,[0],[1],[1]],[[{"name":"loadingBg","rect":[0,0,920,1136],"offset":[0,0],"originalSize":[920,1136],"capInsets":[0,0,0,0]}],[0],0,[0],[1],[2]],[[{"name":"pro1","rect":[0,0,400,40],"offset":[0,0],"originalSize":[400,40],"capInsets":[20,0,20,0]}],[0],0,[0],[1],[3]],[[[1,"loading_view"],[2,"loading_view",4,[-7,-8,-9],[[8,45,-2],[12,-6,-5,-4,-3]],[13,-1],[5,640,1136],[320,568,0,0,0,0,1,1,1,1]],[6,"progress",1,[-13,-14],[[[14,1,0,-10,[6],7],[9,4,200,-11],-12],4,4,1],[0,"dd4HcdgMpGCZM9LvmceqWG",1],[5,500,40],[0,-348,0,0,0,0,1,1,1,1]],[3,"bg",4,1,[[15,0,-15,[0],1],[10,18,-130,-172.625,1136,-16,1]],[0,"ecsIGAJfBPPZ3vih4sKLEm",1],[4,4293454056],[5,920,1136]],[4,"center",4,1,[[16,-17,[2],3]],[0,"90Q7lk5yZA0KVOMFi8nBLE",1],[5,135,135],[0,50,0,0,0,0,1,1,1,1]],[7,"bar",2,[[-18,[11,8,5,-19]],1,4],[0,"f7ebYvCMhFBJSHppZieG1v",1],[5,0,30],[0,0,0.5],[-245,0,0,0,0,0,1,1,1,1]],[17,2,0,5,[4]],[5,"text",2,[[18,"0%",24,24,1,1,1,-20,[5]]],[0,"f2LOHX52VOpok93ivzlVm/",1],[5,34.69,30.24]],[19,490,0,2,6]],0,[0,3,1,0,0,1,0,4,8,0,5,4,0,6,3,0,0,1,0,-1,3,0,-2,4,0,-3,2,0,0,2,0,0,2,0,-3,8,0,-1,5,0,-2,7,0,0,3,0,0,3,0,0,4,0,-1,6,0,0,5,0,0,7,0,7,1,20],[0,0,0,0,0,0,0,0,6],[-1,2,-1,2,-1,-1,-1,2,2],[0,4,0,5,0,0,0,6,7]],[[{"name":"pro2","rect":[0,0,390,30],"offset":[0,0],"originalSize":[390,30],"capInsets":[15,0,15,0]}],[0],0,[0],[1],[8]]]]