[{"__type__":"cc.Prefab","_name":"qiandao_mc","data":{"__id__":1}},{"__type__":"cc.Node","_name":"qiandao_mc","_children":[{"__id__":2},{"__id__":4},{"__id__":20},{"__id__":21},{"__id__":22},{"__id__":23},{"__id__":24},{"__id__":25},{"__id__":26},{"__id__":27},{"__id__":28},{"__id__":29},{"__id__":30},{"__id__":31},{"__id__":32},{"__id__":33},{"__id__":34},{"__id__":35},{"__id__":36},{"__id__":37},{"__id__":38},{"__id__":39},{"__id__":40},{"__id__":41},{"__id__":42},{"__id__":43},{"__id__":44},{"__id__":45},{"__id__":46},{"__id__":47},{"__id__":48},{"__id__":49},{"__id__":50},{"__id__":51},{"__id__":52},{"__id__":53},{"__id__":54},{"__id__":55},{"__id__":56}],"_components":[{"__type__":"af2b2IPE3pKGq8MjEns6F9U","node":{"__id__":1}}],"_prefab":{"__type__":"cc.PrefabInfo","root":{"__id__":1},"asset":{"__uuid__":"a9hFrMJtNDlpOBv5TCrExT"}},"_trs":{"__type__":"TypedArray","ctor":"Float64Array","array":[0,0,0,0,0,0,1,1,1,1]}},{"__type__":"cc.Node","_name":"btn","_parent":{"__id__":1},"_children":[{"__id__":3}],"_components":[{"__type__":"e97baXNkTtEN5txJxjMsMQL","node":{"__id__":2},"_materials":[{"__uuid__":"ecpdLyjvZBwrvm+cedCcQy"}],"_spriteFrame":{"__uuid__":"f7y79NZn9Ny5V9r6BD3zm1"},"_sizeMode":0}],"_prefab":{"__type__":"cc.PrefabInfo","root":{"__id__":1},"asset":{"__uuid__":"a9hFrMJtNDlpOBv5TCrExT"},"fileId":"54zldOE2JNqZIy280O4E7W"},"_contentSize":{"__type__":"cc.Size","width":150,"height":70},"_trs":{"__type__":"TypedArray","ctor":"Float64Array","array":[190.791,-131.695,0,0,0,0,1,1,1,1]}},{"__type__":"cc.Node","_name":"label","_parent":{"__id__":2},"_components":[{"__type__":"169900iLpFDSrelEizBDC4Z","node":{"__id__":3},"_materials":[{"__uuid__":"ecpdLyjvZBwrvm+cedCcQy"}],"_string":"签到","_N$string":"签到","_fontSize":25,"_N$horizontalAlign":1,"_N$verticalAlign":1,"_N$cacheMode":2}],"_prefab":{"__type__":"cc.PrefabInfo","root":{"__id__":1},"asset":{"__uuid__":"a9hFrMJtNDlpOBv5TCrExT"},"fileId":"02E/Do0SZAHoXX655puGsT"},"_contentSize":{"__type__":"cc.Size","width":50,"height":40},"_trs":{"__type__":"TypedArray","ctor":"Float64Array","array":[1.434,0.905,0,0,0,0,1,1,1,1]}},{"__type__":"cc.Node","_name":"New Node","_parent":{"__id__":1},"_children":[{"__id__":5},{"__id__":6},{"__id__":7},{"__id__":8},{"__id__":9},{"__id__":10},{"__id__":11},{"__id__":12},{"__id__":13},{"__id__":14},{"__id__":15},{"__id__":16},{"__id__":17},{"__id__":18},{"__id__":19}],"_prefab":{"__type__":"cc.PrefabInfo","root":{"__id__":1},"asset":{"__uuid__":"a9hFrMJtNDlpOBv5TCrExT"},"fileId":"40aAY/pUxEgbSvL35oxOYn"},"_trs":{"__type__":"TypedArray","ctor":"Float64Array","array":[0,0,0,0,0,0,1,1,1,1]}},{"__type__":"cc.Node","_name":"bj","_parent":{"__id__":4},"_components":[{"__type__":"e97baXNkTtEN5txJxjMsMQL","node":{"__id__":5},"_materials":[{"__uuid__":"ecpdLyjvZBwrvm+cedCcQy"}],"_spriteFrame":{"__uuid__":"f7y79NZn9Ny5V9r6BD3zm1"},"_sizeMode":0}],"_prefab":{"__type__":"cc.PrefabInfo","root":{"__id__":1},"asset":{"__uuid__":"a9hFrMJtNDlpOBv5TCrExT"},"fileId":"83t1jjuohF/7iuJFKj36o1"},"_opacity":50,"_contentSize":{"__type__":"cc.Size","width":779,"height":405},"_trs":{"__type__":"TypedArray","ctor":"Float64Array","array":[210.765,13.71,0,0,0,0,1,1,1,1]}},{"__type__":"cc.Node","_name":"bj","_parent":{"__id__":4},"_components":[{"__type__":"e97baXNkTtEN5txJxjMsMQL","node":{"__id__":6},"_materials":[{"__uuid__":"ecpdLyjvZBwrvm+cedCcQy"}],"_spriteFrame":{"__uuid__":"f7y79NZn9Ny5V9r6BD3zm1"},"_sizeMode":0}],"_prefab":{"__type__":"cc.PrefabInfo","root":{"__id__":1},"asset":{"__uuid__":"a9hFrMJtNDlpOBv5TCrExT"},"fileId":"0duFCMDcVLerVaPtmpPJaE"},"_opacity":150,"_contentSize":{"__type__":"cc.Size","width":150,"height":100},"_trs":{"__type__":"TypedArray","ctor":"Float64Array","array":[-70.945,125.7,0,0,0,0,1,1,1,1]}},{"__type__":"cc.Node","_name":"bj","_parent":{"__id__":4},"_components":[{"__type__":"e97baXNkTtEN5txJxjMsMQL","node":{"__id__":7},"_materials":[{"__uuid__":"ecpdLyjvZBwrvm+cedCcQy"}],"_spriteFrame":{"__uuid__":"f7y79NZn9Ny5V9r6BD3zm1"},"_sizeMode":0}],"_prefab":{"__type__":"cc.PrefabInfo","root":{"__id__":1},"asset":{"__uuid__":"a9hFrMJtNDlpOBv5TCrExT"},"fileId":"0dLKoJcZJGXoX57FCJxWuV"},"_opacity":150,"_contentSize":{"__type__":"cc.Size","width":150,"height":100},"_trs":{"__type__":"TypedArray","ctor":"Float64Array","array":[101.947,125.7,0,0,0,0,1,1,1,1]}},{"__type__":"cc.Node","_name":"bj","_parent":{"__id__":4},"_components":[{"__type__":"e97baXNkTtEN5txJxjMsMQL","node":{"__id__":8},"_materials":[{"__uuid__":"ecpdLyjvZBwrvm+cedCcQy"}],"_spriteFrame":{"__uuid__":"f7y79NZn9Ny5V9r6BD3zm1"},"_sizeMode":0}],"_prefab":{"__type__":"cc.PrefabInfo","root":{"__id__":1},"asset":{"__uuid__":"a9hFrMJtNDlpOBv5TCrExT"},"fileId":"42MFU8fJpM/KAdrk/czeb7"},"_opacity":150,"_contentSize":{"__type__":"cc.Size","width":150,"height":100},"_trs":{"__type__":"TypedArray","ctor":"Float64Array","array":[276.719,125.7,0,0,0,0,1,1,1,1]}},{"__type__":"cc.Node","_name":"bj","_parent":{"__id__":4},"_components":[{"__type__":"e97baXNkTtEN5txJxjMsMQL","node":{"__id__":9},"_materials":[{"__uuid__":"ecpdLyjvZBwrvm+cedCcQy"}],"_spriteFrame":{"__uuid__":"f7y79NZn9Ny5V9r6BD3zm1"},"_sizeMode":0}],"_prefab":{"__type__":"cc.PrefabInfo","root":{"__id__":1},"asset":{"__uuid__":"a9hFrMJtNDlpOBv5TCrExT"},"fileId":"8dzXbKSgZM8KKRBPlqO/Kx"},"_opacity":150,"_contentSize":{"__type__":"cc.Size","width":150,"height":100},"_trs":{"__type__":"TypedArray","ctor":"Float64Array","array":[276.719,-17.124,0,0,0,0,1,1,1,1]}},{"__type__":"cc.Node","_name":"bj","_parent":{"__id__":4},"_components":[{"__type__":"e97baXNkTtEN5txJxjMsMQL","node":{"__id__":10},"_materials":[{"__uuid__":"ecpdLyjvZBwrvm+cedCcQy"}],"_spriteFrame":{"__uuid__":"f7y79NZn9Ny5V9r6BD3zm1"},"_sizeMode":0}],"_prefab":{"__type__":"cc.PrefabInfo","root":{"__id__":1},"asset":{"__uuid__":"a9hFrMJtNDlpOBv5TCrExT"},"fileId":"dbAvp/KEZONqt6WupOCx/C"},"_opacity":150,"_contentSize":{"__type__":"cc.Size","width":150,"height":100},"_trs":{"__type__":"TypedArray","ctor":"Float64Array","array":[101.947,-17.124,0,0,0,0,1,1,1,1]}},{"__type__":"cc.Node","_name":"bj","_parent":{"__id__":4},"_components":[{"__type__":"e97baXNkTtEN5txJxjMsMQL","node":{"__id__":11},"_materials":[{"__uuid__":"ecpdLyjvZBwrvm+cedCcQy"}],"_spriteFrame":{"__uuid__":"f7y79NZn9Ny5V9r6BD3zm1"},"_sizeMode":0}],"_prefab":{"__type__":"cc.PrefabInfo","root":{"__id__":1},"asset":{"__uuid__":"a9hFrMJtNDlpOBv5TCrExT"},"fileId":"5awFDjAOxEUptLS6qH/mMX"},"_opacity":150,"_contentSize":{"__type__":"cc.Size","width":150,"height":100},"_trs":{"__type__":"TypedArray","ctor":"Float64Array","array":[-70.945,-17.124,0,0,0,0,1,1,1,1]}},{"__type__":"cc.Node","_name":"bj","_parent":{"__id__":4},"_components":[{"__type__":"e97baXNkTtEN5txJxjMsMQL","node":{"__id__":12},"_materials":[{"__uuid__":"ecpdLyjvZBwrvm+cedCcQy"}],"_spriteFrame":{"__uuid__":"f7y79NZn9Ny5V9r6BD3zm1"},"_sizeMode":0}],"_prefab":{"__type__":"cc.PrefabInfo","root":{"__id__":1},"asset":{"__uuid__":"a9hFrMJtNDlpOBv5TCrExT"},"fileId":"0aq2GY+cBOh42X7dPipmku"},"_opacity":150,"_contentSize":{"__type__":"cc.Size","width":150,"height":240},"_trs":{"__type__":"TypedArray","ctor":"Float64Array","array":[484.144,55.581,0,0,0,0,1,1,1,1]}},{"__type__":"cc.Node","_name":"label","_parent":{"__id__":4},"_components":[{"__type__":"169900iLpFDSrelEizBDC4Z","node":{"__id__":13},"_materials":[{"__uuid__":"ecpdLyjvZBwrvm+cedCcQy"}],"_string":"第一天","_N$string":"第一天","_fontSize":22,"_N$horizontalAlign":1,"_N$verticalAlign":1,"_N$cacheMode":2}],"_prefab":{"__type__":"cc.PrefabInfo","root":{"__id__":1},"asset":{"__uuid__":"a9hFrMJtNDlpOBv5TCrExT"},"fileId":"3eUcNVG1dNnq7Dosg5cCqx"},"_contentSize":{"__type__":"cc.Size","width":66,"height":40},"_trs":{"__type__":"TypedArray","ctor":"Float64Array","array":[-69.515,157.228,0,0,0,0,1,1,1,1]}},{"__type__":"cc.Node","_name":"label","_parent":{"__id__":4},"_components":[{"__type__":"169900iLpFDSrelEizBDC4Z","node":{"__id__":14},"_materials":[{"__uuid__":"ecpdLyjvZBwrvm+cedCcQy"}],"_string":"第二天","_N$string":"第二天","_fontSize":22,"_N$horizontalAlign":1,"_N$verticalAlign":1,"_N$cacheMode":2}],"_prefab":{"__type__":"cc.PrefabInfo","root":{"__id__":1},"asset":{"__uuid__":"a9hFrMJtNDlpOBv5TCrExT"},"fileId":"6buYVWnXNNfKMVxkQ62JF2"},"_contentSize":{"__type__":"cc.Size","width":66,"height":40},"_trs":{"__type__":"TypedArray","ctor":"Float64Array","array":[100.75,157.228,0,0,0,0,1,1,1,1]}},{"__type__":"cc.Node","_name":"label","_parent":{"__id__":4},"_components":[{"__type__":"169900iLpFDSrelEizBDC4Z","node":{"__id__":15},"_materials":[{"__uuid__":"ecpdLyjvZBwrvm+cedCcQy"}],"_string":"第三天","_N$string":"第三天","_fontSize":22,"_N$horizontalAlign":1,"_N$verticalAlign":1,"_N$cacheMode":2}],"_prefab":{"__type__":"cc.PrefabInfo","root":{"__id__":1},"asset":{"__uuid__":"a9hFrMJtNDlpOBv5TCrExT"},"fileId":"cdnuUy9ehMcraKzvx0g1LO"},"_contentSize":{"__type__":"cc.Size","width":66,"height":40},"_trs":{"__type__":"TypedArray","ctor":"Float64Array","array":[277.379,157.228,0,0,0,0,1,1,1,1]}},{"__type__":"cc.Node","_name":"label","_parent":{"__id__":4},"_components":[{"__type__":"169900iLpFDSrelEizBDC4Z","node":{"__id__":16},"_materials":[{"__uuid__":"ecpdLyjvZBwrvm+cedCcQy"}],"_string":"第四天","_N$string":"第四天","_fontSize":22,"_N$horizontalAlign":1,"_N$verticalAlign":1,"_N$cacheMode":2}],"_prefab":{"__type__":"cc.PrefabInfo","root":{"__id__":1},"asset":{"__uuid__":"a9hFrMJtNDlpOBv5TCrExT"},"fileId":"2eBYcH4LZHRa8Y+EJ9pQT3"},"_contentSize":{"__type__":"cc.Size","width":66,"height":40},"_trs":{"__type__":"TypedArray","ctor":"Float64Array","array":[-67.924,18.197,0,0,0,0,1,1,1,1]}},{"__type__":"cc.Node","_name":"label","_parent":{"__id__":4},"_components":[{"__type__":"169900iLpFDSrelEizBDC4Z","node":{"__id__":17},"_materials":[{"__uuid__":"ecpdLyjvZBwrvm+cedCcQy"}],"_string":"第五天","_N$string":"第五天","_fontSize":22,"_N$horizontalAlign":1,"_N$verticalAlign":1,"_N$cacheMode":2}],"_prefab":{"__type__":"cc.PrefabInfo","root":{"__id__":1},"asset":{"__uuid__":"a9hFrMJtNDlpOBv5TCrExT"},"fileId":"900sJTkE9LeYCOn/1ztFnV"},"_contentSize":{"__type__":"cc.Size","width":66,"height":40},"_trs":{"__type__":"TypedArray","ctor":"Float64Array","array":[102.341,18.197,0,0,0,0,1,1,1,1]}},{"__type__":"cc.Node","_name":"label","_parent":{"__id__":4},"_components":[{"__type__":"169900iLpFDSrelEizBDC4Z","node":{"__id__":18},"_materials":[{"__uuid__":"ecpdLyjvZBwrvm+cedCcQy"}],"_string":"第六天","_N$string":"第六天","_fontSize":22,"_N$horizontalAlign":1,"_N$verticalAlign":1,"_N$cacheMode":2}],"_prefab":{"__type__":"cc.PrefabInfo","root":{"__id__":1},"asset":{"__uuid__":"a9hFrMJtNDlpOBv5TCrExT"},"fileId":"797lUzY4tIu5hwXnO/qS01"},"_contentSize":{"__type__":"cc.Size","width":66,"height":40},"_trs":{"__type__":"TypedArray","ctor":"Float64Array","array":[278.97,18.197,0,0,0,0,1,1,1,1]}},{"__type__":"cc.Node","_name":"label","_parent":{"__id__":4},"_components":[{"__type__":"169900iLpFDSrelEizBDC4Z","node":{"__id__":19},"_materials":[{"__uuid__":"ecpdLyjvZBwrvm+cedCcQy"}],"_string":"第七天","_N$string":"第七天","_fontSize":22,"_N$horizontalAlign":1,"_N$verticalAlign":1,"_N$cacheMode":2}],"_prefab":{"__type__":"cc.PrefabInfo","root":{"__id__":1},"asset":{"__uuid__":"a9hFrMJtNDlpOBv5TCrExT"},"fileId":"a94JMXQpJBZIwrugSS81Tv"},"_contentSize":{"__type__":"cc.Size","width":66,"height":40},"_trs":{"__type__":"TypedArray","ctor":"Float64Array","array":[483.651,150.454,0,0,0,0,1,1,1,1]}},{"__type__":"cc.Node","_name":"pf3","_parent":{"__id__":1},"_components":[{"__type__":"e97baXNkTtEN5txJxjMsMQL","node":{"__id__":20},"_materials":[{"__uuid__":"ecpdLyjvZBwrvm+cedCcQy"}],"_spriteFrame":{"__uuid__":"a4gSYJvUZMKabe7pAcQUou"}}],"_prefab":{"__type__":"cc.PrefabInfo","root":{"__id__":1},"asset":{"__uuid__":"a9hFrMJtNDlpOBv5TCrExT"},"fileId":"c6liYJGDNKcICJN7hfsKgu"},"_contentSize":{"__type__":"cc.Size","width":70,"height":135},"_trs":{"__type__":"TypedArray","ctor":"Float64Array","array":[485.704,62.593,0,0,0,0,1,1,1,1]}},{"__type__":"cc.Node","_name":"gou1","_parent":{"__id__":1},"_components":[{"__type__":"e97baXNkTtEN5txJxjMsMQL","node":{"__id__":21},"_materials":[{"__uuid__":"ecpdLyjvZBwrvm+cedCcQy"}],"_spriteFrame":{"__uuid__":"a0ND3+E/1GKaMYZWlRxtvX"}}],"_prefab":{"__type__":"cc.PrefabInfo","root":{"__id__":1},"asset":{"__uuid__":"a9hFrMJtNDlpOBv5TCrExT"},"fileId":"a7S6RZEZ9NNpqyLQ59z9H1"},"_contentSize":{"__type__":"cc.Size","width":48,"height":38},"_trs":{"__type__":"TypedArray","ctor":"Float64Array","array":[-68,115,0,0,0,0,1,1,1,1]}},{"__type__":"cc.Node","_name":"gou2","_parent":{"__id__":1},"_components":[{"__type__":"e97baXNkTtEN5txJxjMsMQL","node":{"__id__":22},"_materials":[{"__uuid__":"ecpdLyjvZBwrvm+cedCcQy"}],"_spriteFrame":{"__uuid__":"a0ND3+E/1GKaMYZWlRxtvX"}}],"_prefab":{"__type__":"cc.PrefabInfo","root":{"__id__":1},"asset":{"__uuid__":"a9hFrMJtNDlpOBv5TCrExT"},"fileId":"284pACzJNA776GNkUMhu4N"},"_contentSize":{"__type__":"cc.Size","width":48,"height":38},"_trs":{"__type__":"TypedArray","ctor":"Float64Array","array":[103,115,0,0,0,0,1,1,1,1]}},{"__type__":"cc.Node","_name":"gou3","_parent":{"__id__":1},"_components":[{"__type__":"e97baXNkTtEN5txJxjMsMQL","node":{"__id__":23},"_materials":[{"__uuid__":"ecpdLyjvZBwrvm+cedCcQy"}],"_spriteFrame":{"__uuid__":"a0ND3+E/1GKaMYZWlRxtvX"}}],"_prefab":{"__type__":"cc.PrefabInfo","root":{"__id__":1},"asset":{"__uuid__":"a9hFrMJtNDlpOBv5TCrExT"},"fileId":"c1LjwSVn1Ago5f+zhn0IT8"},"_contentSize":{"__type__":"cc.Size","width":48,"height":38},"_trs":{"__type__":"TypedArray","ctor":"Float64Array","array":[277,115,0,0,0,0,1,1,1,1]}},{"__type__":"cc.Node","_name":"gou4","_parent":{"__id__":1},"_components":[{"__type__":"e97baXNkTtEN5txJxjMsMQL","node":{"__id__":24},"_materials":[{"__uuid__":"ecpdLyjvZBwrvm+cedCcQy"}],"_spriteFrame":{"__uuid__":"a0ND3+E/1GKaMYZWlRxtvX"}}],"_prefab":{"__type__":"cc.PrefabInfo","root":{"__id__":1},"asset":{"__uuid__":"a9hFrMJtNDlpOBv5TCrExT"},"fileId":"31jR4aTxZJaZ0sxjb/UQ4g"},"_contentSize":{"__type__":"cc.Size","width":48,"height":38},"_trs":{"__type__":"TypedArray","ctor":"Float64Array","array":[-68,-28,0,0,0,0,1,1,1,1]}},{"__type__":"cc.Node","_name":"gou5","_parent":{"__id__":1},"_components":[{"__type__":"e97baXNkTtEN5txJxjMsMQL","node":{"__id__":25},"_materials":[{"__uuid__":"ecpdLyjvZBwrvm+cedCcQy"}],"_spriteFrame":{"__uuid__":"a0ND3+E/1GKaMYZWlRxtvX"}}],"_prefab":{"__type__":"cc.PrefabInfo","root":{"__id__":1},"asset":{"__uuid__":"a9hFrMJtNDlpOBv5TCrExT"},"fileId":"39M7ISXXxOH5nUowJXXPd5"},"_contentSize":{"__type__":"cc.Size","width":48,"height":38},"_trs":{"__type__":"TypedArray","ctor":"Float64Array","array":[100,-30,0,0,0,0,1,1,1,1]}},{"__type__":"cc.Node","_name":"gou6","_parent":{"__id__":1},"_components":[{"__type__":"e97baXNkTtEN5txJxjMsMQL","node":{"__id__":26},"_materials":[{"__uuid__":"ecpdLyjvZBwrvm+cedCcQy"}],"_spriteFrame":{"__uuid__":"a0ND3+E/1GKaMYZWlRxtvX"}}],"_prefab":{"__type__":"cc.PrefabInfo","root":{"__id__":1},"asset":{"__uuid__":"a9hFrMJtNDlpOBv5TCrExT"},"fileId":"b3fW6tZM5Doapxm87A6ccl"},"_contentSize":{"__type__":"cc.Size","width":48,"height":38},"_trs":{"__type__":"TypedArray","ctor":"Float64Array","array":[275,-26,0,0,0,0,1,1,1,1]}},{"__type__":"cc.Node","_name":"gou7","_parent":{"__id__":1},"_components":[{"__type__":"e97baXNkTtEN5txJxjMsMQL","node":{"__id__":27},"_materials":[{"__uuid__":"ecpdLyjvZBwrvm+cedCcQy"}],"_spriteFrame":{"__uuid__":"a0ND3+E/1GKaMYZWlRxtvX"}}],"_prefab":{"__type__":"cc.PrefabInfo","root":{"__id__":1},"asset":{"__uuid__":"a9hFrMJtNDlpOBv5TCrExT"},"fileId":"3e1bbt7XBG/ZteulSaKHN2"},"_contentSize":{"__type__":"cc.Size","width":48,"height":38},"_trs":{"__type__":"TypedArray","ctor":"Float64Array","array":[484,54,0,0,0,0,1,1,1,1]}},{"__type__":"cc.Node","_name":"gou8","_parent":{"__id__":1},"_components":[{"__type__":"e97baXNkTtEN5txJxjMsMQL","node":{"__id__":28},"_materials":[{"__uuid__":"ecpdLyjvZBwrvm+cedCcQy"}],"_spriteFrame":{"__uuid__":"a0ND3+E/1GKaMYZWlRxtvX"}}],"_prefab":{"__type__":"cc.PrefabInfo","root":{"__id__":1},"asset":{"__uuid__":"a9hFrMJtNDlpOBv5TCrExT"},"fileId":"271/XYoTNGZbq6ST3MkFbM"},"_contentSize":{"__type__":"cc.Size","width":48,"height":38},"_trs":{"__type__":"TypedArray","ctor":"Float64Array","array":[190.756,-131.697,0,0,0,0,1,1,1,1]}},{"__type__":"cc.Node","_name":"jinbi","_parent":{"__id__":1},"_components":[{"__type__":"e97baXNkTtEN5txJxjMsMQL","node":{"__id__":29},"_materials":[{"__uuid__":"ecpdLyjvZBwrvm+cedCcQy"}],"_spriteFrame":{"__uuid__":"danixwiSNFLL2Nb2stdFF9"},"_sizeMode":0}],"_prefab":{"__type__":"cc.PrefabInfo","root":{"__id__":1},"asset":{"__uuid__":"a9hFrMJtNDlpOBv5TCrExT"},"fileId":"ebi7moewJDU4ZBnRyJFl78"},"_contentSize":{"__type__":"cc.Size","width":20,"height":20},"_trs":{"__type__":"TypedArray","ctor":"Float64Array","array":[-97.871,127.149,0,0,0,0,1,1,1,1]}},{"__type__":"cc.Node","_name":"zs","_parent":{"__id__":1},"_components":[{"__type__":"e97baXNkTtEN5txJxjMsMQL","node":{"__id__":30},"_materials":[{"__uuid__":"ecpdLyjvZBwrvm+cedCcQy"}],"_spriteFrame":{"__uuid__":"b7e46YmdRJybSWqAwrdfOB"},"_sizeMode":0}],"_prefab":{"__type__":"cc.PrefabInfo","root":{"__id__":1},"asset":{"__uuid__":"a9hFrMJtNDlpOBv5TCrExT"},"fileId":"413YeYDjRD9rCS/mGo30yN"},"_contentSize":{"__type__":"cc.Size","width":29,"height":38},"_trs":{"__type__":"TypedArray","ctor":"Float64Array","array":[-98.94,94.829,0,0,0,0,1,1,1,1]}},{"__type__":"cc.Node","_name":"label","_parent":{"__id__":1},"_components":[{"__type__":"169900iLpFDSrelEizBDC4Z","node":{"__id__":31},"_materials":[{"__uuid__":"ecpdLyjvZBwrvm+cedCcQy"}],"_string":"2000","_N$string":"2000","_fontSize":22,"_N$horizontalAlign":1,"_N$verticalAlign":1,"_N$cacheMode":2}],"_prefab":{"__type__":"cc.PrefabInfo","root":{"__id__":1},"asset":{"__uuid__":"a9hFrMJtNDlpOBv5TCrExT"},"fileId":"59HvK1srVJLLprPMxjeP3W"},"_contentSize":{"__type__":"cc.Size","width":48.96,"height":40},"_trs":{"__type__":"TypedArray","ctor":"Float64Array","array":[-52.935,125.744,0,0,0,0,1,1,1,1]}},{"__type__":"cc.Node","_name":"label","_parent":{"__id__":1},"_components":[{"__type__":"169900iLpFDSrelEizBDC4Z","node":{"__id__":32},"_materials":[{"__uuid__":"ecpdLyjvZBwrvm+cedCcQy"}],"_string":"500","_N$string":"500","_fontSize":22,"_N$horizontalAlign":1,"_N$verticalAlign":1,"_N$cacheMode":2}],"_prefab":{"__type__":"cc.PrefabInfo","root":{"__id__":1},"asset":{"__uuid__":"a9hFrMJtNDlpOBv5TCrExT"},"fileId":"a9X3Yt+ZxA64GA5mz61vnR"},"_contentSize":{"__type__":"cc.Size","width":36.72,"height":40},"_trs":{"__type__":"TypedArray","ctor":"Float64Array","array":[-52.935,90.848,0,0,0,0,1,1,1,1]}},{"__type__":"cc.Node","_name":"zs","_parent":{"__id__":1},"_components":[{"__type__":"e97baXNkTtEN5txJxjMsMQL","node":{"__id__":33},"_materials":[{"__uuid__":"ecpdLyjvZBwrvm+cedCcQy"}],"_spriteFrame":{"__uuid__":"b7e46YmdRJybSWqAwrdfOB"},"_sizeMode":0}],"_prefab":{"__type__":"cc.PrefabInfo","root":{"__id__":1},"asset":{"__uuid__":"a9hFrMJtNDlpOBv5TCrExT"},"fileId":"97FG+rEPJHqY8Oz5EX/HGO"},"_contentSize":{"__type__":"cc.Size","width":29,"height":38},"_trs":{"__type__":"TypedArray","ctor":"Float64Array","array":[73.836,94.829,0,0,0,0,1,1,1,1]}},{"__type__":"cc.Node","_name":"label","_parent":{"__id__":1},"_components":[{"__type__":"169900iLpFDSrelEizBDC4Z","node":{"__id__":34},"_materials":[{"__uuid__":"ecpdLyjvZBwrvm+cedCcQy"}],"_string":"4000","_N$string":"4000","_fontSize":22,"_N$horizontalAlign":1,"_N$verticalAlign":1,"_N$cacheMode":2}],"_prefab":{"__type__":"cc.PrefabInfo","root":{"__id__":1},"asset":{"__uuid__":"a9hFrMJtNDlpOBv5TCrExT"},"fileId":"57VicwfgtBT606jlghE67T"},"_contentSize":{"__type__":"cc.Size","width":48.96,"height":40},"_trs":{"__type__":"TypedArray","ctor":"Float64Array","array":[119.841,125.744,0,0,0,0,1,1,1,1]}},{"__type__":"cc.Node","_name":"label","_parent":{"__id__":1},"_components":[{"__type__":"169900iLpFDSrelEizBDC4Z","node":{"__id__":35},"_materials":[{"__uuid__":"ecpdLyjvZBwrvm+cedCcQy"}],"_string":"500","_N$string":"500","_fontSize":22,"_N$horizontalAlign":1,"_N$verticalAlign":1,"_N$cacheMode":2}],"_prefab":{"__type__":"cc.PrefabInfo","root":{"__id__":1},"asset":{"__uuid__":"a9hFrMJtNDlpOBv5TCrExT"},"fileId":"c4BYWdvDpL1odv00T1GnRL"},"_contentSize":{"__type__":"cc.Size","width":36.72,"height":40},"_trs":{"__type__":"TypedArray","ctor":"Float64Array","array":[119.841,90.848,0,0,0,0,1,1,1,1]}},{"__type__":"cc.Node","_name":"jinbi","_parent":{"__id__":1},"_components":[{"__type__":"e97baXNkTtEN5txJxjMsMQL","node":{"__id__":36},"_materials":[{"__uuid__":"ecpdLyjvZBwrvm+cedCcQy"}],"_spriteFrame":{"__uuid__":"danixwiSNFLL2Nb2stdFF9"},"_sizeMode":0}],"_prefab":{"__type__":"cc.PrefabInfo","root":{"__id__":1},"asset":{"__uuid__":"a9hFrMJtNDlpOBv5TCrExT"},"fileId":"3e9c+NxYlNVpWefdN+aCoN"},"_contentSize":{"__type__":"cc.Size","width":20,"height":20},"_trs":{"__type__":"TypedArray","ctor":"Float64Array","array":[251.938,127.149,0,0,0,0,1,1,1,1]}},{"__type__":"cc.Node","_name":"zs","_parent":{"__id__":1},"_components":[{"__type__":"e97baXNkTtEN5txJxjMsMQL","node":{"__id__":37},"_materials":[{"__uuid__":"ecpdLyjvZBwrvm+cedCcQy"}],"_spriteFrame":{"__uuid__":"b7e46YmdRJybSWqAwrdfOB"},"_sizeMode":0}],"_prefab":{"__type__":"cc.PrefabInfo","root":{"__id__":1},"asset":{"__uuid__":"a9hFrMJtNDlpOBv5TCrExT"},"fileId":"c5QRqohF5AJa+y1JplodkW"},"_contentSize":{"__type__":"cc.Size","width":29,"height":38},"_trs":{"__type__":"TypedArray","ctor":"Float64Array","array":[250.869,94.829,0,0,0,0,1,1,1,1]}},{"__type__":"cc.Node","_name":"label","_parent":{"__id__":1},"_components":[{"__type__":"169900iLpFDSrelEizBDC4Z","node":{"__id__":38},"_materials":[{"__uuid__":"ecpdLyjvZBwrvm+cedCcQy"}],"_string":"6000","_N$string":"6000","_fontSize":22,"_N$horizontalAlign":1,"_N$verticalAlign":1,"_N$cacheMode":2}],"_prefab":{"__type__":"cc.PrefabInfo","root":{"__id__":1},"asset":{"__uuid__":"a9hFrMJtNDlpOBv5TCrExT"},"fileId":"01xykZTCpG0qcgad7sxXpb"},"_contentSize":{"__type__":"cc.Size","width":48.96,"height":40},"_trs":{"__type__":"TypedArray","ctor":"Float64Array","array":[296.874,125.744,0,0,0,0,1,1,1,1]}},{"__type__":"cc.Node","_name":"label","_parent":{"__id__":1},"_components":[{"__type__":"169900iLpFDSrelEizBDC4Z","node":{"__id__":39},"_materials":[{"__uuid__":"ecpdLyjvZBwrvm+cedCcQy"}],"_string":"500","_N$string":"500","_fontSize":22,"_N$horizontalAlign":1,"_N$verticalAlign":1,"_N$cacheMode":2}],"_prefab":{"__type__":"cc.PrefabInfo","root":{"__id__":1},"asset":{"__uuid__":"a9hFrMJtNDlpOBv5TCrExT"},"fileId":"d5DxXMNlZDBomQrYvE5xPO"},"_contentSize":{"__type__":"cc.Size","width":36.72,"height":40},"_trs":{"__type__":"TypedArray","ctor":"Float64Array","array":[296.874,90.848,0,0,0,0,1,1,1,1]}},{"__type__":"cc.Node","_name":"jinbi","_parent":{"__id__":1},"_components":[{"__type__":"e97baXNkTtEN5txJxjMsMQL","node":{"__id__":40},"_materials":[{"__uuid__":"ecpdLyjvZBwrvm+cedCcQy"}],"_spriteFrame":{"__uuid__":"danixwiSNFLL2Nb2stdFF9"},"_sizeMode":0}],"_prefab":{"__type__":"cc.PrefabInfo","root":{"__id__":1},"asset":{"__uuid__":"a9hFrMJtNDlpOBv5TCrExT"},"fileId":"83AWGHVztGT6Qvuf8hAeMf"},"_contentSize":{"__type__":"cc.Size","width":20,"height":20},"_trs":{"__type__":"TypedArray","ctor":"Float64Array","array":[-97.871,-14.987,0,0,0,0,1,1,1,1]}},{"__type__":"cc.Node","_name":"zs","_parent":{"__id__":1},"_components":[{"__type__":"e97baXNkTtEN5txJxjMsMQL","node":{"__id__":41},"_materials":[{"__uuid__":"ecpdLyjvZBwrvm+cedCcQy"}],"_spriteFrame":{"__uuid__":"b7e46YmdRJybSWqAwrdfOB"},"_sizeMode":0}],"_prefab":{"__type__":"cc.PrefabInfo","root":{"__id__":1},"asset":{"__uuid__":"a9hFrMJtNDlpOBv5TCrExT"},"fileId":"1bXVB7ikJFVZTPQN/Pu7Sm"},"_contentSize":{"__type__":"cc.Size","width":29,"height":38},"_trs":{"__type__":"TypedArray","ctor":"Float64Array","array":[-98.94,-47.307,0,0,0,0,1,1,1,1]}},{"__type__":"cc.Node","_name":"label","_parent":{"__id__":1},"_components":[{"__type__":"169900iLpFDSrelEizBDC4Z","node":{"__id__":42},"_materials":[{"__uuid__":"ecpdLyjvZBwrvm+cedCcQy"}],"_string":"8000","_N$string":"8000","_fontSize":22,"_N$horizontalAlign":1,"_N$verticalAlign":1,"_N$cacheMode":2}],"_prefab":{"__type__":"cc.PrefabInfo","root":{"__id__":1},"asset":{"__uuid__":"a9hFrMJtNDlpOBv5TCrExT"},"fileId":"a0snUbxoVApZ+DSPmmMv5L"},"_contentSize":{"__type__":"cc.Size","width":48.96,"height":40},"_trs":{"__type__":"TypedArray","ctor":"Float64Array","array":[-52.935,-16.392,0,0,0,0,1,1,1,1]}},{"__type__":"cc.Node","_name":"label","_parent":{"__id__":1},"_components":[{"__type__":"169900iLpFDSrelEizBDC4Z","node":{"__id__":43},"_materials":[{"__uuid__":"ecpdLyjvZBwrvm+cedCcQy"}],"_string":"500","_N$string":"500","_fontSize":22,"_N$horizontalAlign":1,"_N$verticalAlign":1,"_N$cacheMode":2}],"_prefab":{"__type__":"cc.PrefabInfo","root":{"__id__":1},"asset":{"__uuid__":"a9hFrMJtNDlpOBv5TCrExT"},"fileId":"1bfoxC/gxCy4TvB8YM1SwJ"},"_contentSize":{"__type__":"cc.Size","width":36.72,"height":40},"_trs":{"__type__":"TypedArray","ctor":"Float64Array","array":[-52.935,-51.288,0,0,0,0,1,1,1,1]}},{"__type__":"cc.Node","_name":"jinbi","_parent":{"__id__":1},"_components":[{"__type__":"e97baXNkTtEN5txJxjMsMQL","node":{"__id__":44},"_materials":[{"__uuid__":"ecpdLyjvZBwrvm+cedCcQy"}],"_spriteFrame":{"__uuid__":"danixwiSNFLL2Nb2stdFF9"},"_sizeMode":0}],"_prefab":{"__type__":"cc.PrefabInfo","root":{"__id__":1},"asset":{"__uuid__":"a9hFrMJtNDlpOBv5TCrExT"},"fileId":"e2Up6zNqpFdqXTKzpe1nAW"},"_contentSize":{"__type__":"cc.Size","width":20,"height":20},"_trs":{"__type__":"TypedArray","ctor":"Float64Array","array":[73.203,-16.69,0,0,0,0,1,1,1,1]}},{"__type__":"cc.Node","_name":"zs","_parent":{"__id__":1},"_components":[{"__type__":"e97baXNkTtEN5txJxjMsMQL","node":{"__id__":45},"_materials":[{"__uuid__":"ecpdLyjvZBwrvm+cedCcQy"}],"_spriteFrame":{"__uuid__":"b7e46YmdRJybSWqAwrdfOB"},"_sizeMode":0}],"_prefab":{"__type__":"cc.PrefabInfo","root":{"__id__":1},"asset":{"__uuid__":"a9hFrMJtNDlpOBv5TCrExT"},"fileId":"64ssRZP9pAGIGEfZOxcniT"},"_contentSize":{"__type__":"cc.Size","width":29,"height":38},"_trs":{"__type__":"TypedArray","ctor":"Float64Array","array":[72.134,-49.01,0,0,0,0,1,1,1,1]}},{"__type__":"cc.Node","_name":"label","_parent":{"__id__":1},"_components":[{"__type__":"169900iLpFDSrelEizBDC4Z","node":{"__id__":46},"_materials":[{"__uuid__":"ecpdLyjvZBwrvm+cedCcQy"}],"_string":"10000","_N$string":"10000","_fontSize":22,"_N$horizontalAlign":1,"_N$verticalAlign":1,"_N$cacheMode":2}],"_prefab":{"__type__":"cc.PrefabInfo","root":{"__id__":1},"asset":{"__uuid__":"a9hFrMJtNDlpOBv5TCrExT"},"fileId":"10yATOvlpB24RldlwenzK+"},"_contentSize":{"__type__":"cc.Size","width":61.2,"height":40},"_trs":{"__type__":"TypedArray","ctor":"Float64Array","array":[118.139,-18.095,0,0,0,0,1,1,1,1]}},{"__type__":"cc.Node","_name":"label","_parent":{"__id__":1},"_components":[{"__type__":"169900iLpFDSrelEizBDC4Z","node":{"__id__":47},"_materials":[{"__uuid__":"ecpdLyjvZBwrvm+cedCcQy"}],"_string":"500","_N$string":"500","_fontSize":22,"_N$horizontalAlign":1,"_N$verticalAlign":1,"_N$cacheMode":2}],"_prefab":{"__type__":"cc.PrefabInfo","root":{"__id__":1},"asset":{"__uuid__":"a9hFrMJtNDlpOBv5TCrExT"},"fileId":"a3kqr/27JH+JyJc9/fgoFR"},"_contentSize":{"__type__":"cc.Size","width":36.72,"height":40},"_trs":{"__type__":"TypedArray","ctor":"Float64Array","array":[118.139,-52.991,0,0,0,0,1,1,1,1]}},{"__type__":"cc.Node","_name":"jinbi","_parent":{"__id__":1},"_components":[{"__type__":"e97baXNkTtEN5txJxjMsMQL","node":{"__id__":48},"_materials":[{"__uuid__":"ecpdLyjvZBwrvm+cedCcQy"}],"_spriteFrame":{"__uuid__":"danixwiSNFLL2Nb2stdFF9"},"_sizeMode":0}],"_prefab":{"__type__":"cc.PrefabInfo","root":{"__id__":1},"asset":{"__uuid__":"a9hFrMJtNDlpOBv5TCrExT"},"fileId":"8fzQGkqs1PfqQFkON4eYNP"},"_contentSize":{"__type__":"cc.Size","width":20,"height":20},"_trs":{"__type__":"TypedArray","ctor":"Float64Array","array":[252.788,-16.69,0,0,0,0,1,1,1,1]}},{"__type__":"cc.Node","_name":"zs","_parent":{"__id__":1},"_components":[{"__type__":"e97baXNkTtEN5txJxjMsMQL","node":{"__id__":49},"_materials":[{"__uuid__":"ecpdLyjvZBwrvm+cedCcQy"}],"_spriteFrame":{"__uuid__":"b7e46YmdRJybSWqAwrdfOB"},"_sizeMode":0}],"_prefab":{"__type__":"cc.PrefabInfo","root":{"__id__":1},"asset":{"__uuid__":"a9hFrMJtNDlpOBv5TCrExT"},"fileId":"1bNzQHyg1HVpZuspDehDIC"},"_contentSize":{"__type__":"cc.Size","width":29,"height":38},"_trs":{"__type__":"TypedArray","ctor":"Float64Array","array":[251.719,-49.01,0,0,0,0,1,1,1,1]}},{"__type__":"cc.Node","_name":"label","_parent":{"__id__":1},"_components":[{"__type__":"169900iLpFDSrelEizBDC4Z","node":{"__id__":50},"_materials":[{"__uuid__":"ecpdLyjvZBwrvm+cedCcQy"}],"_string":"20000","_N$string":"20000","_fontSize":22,"_N$horizontalAlign":1,"_N$verticalAlign":1,"_N$cacheMode":2}],"_prefab":{"__type__":"cc.PrefabInfo","root":{"__id__":1},"asset":{"__uuid__":"a9hFrMJtNDlpOBv5TCrExT"},"fileId":"ff+diITDhLIqWod8kAE+zJ"},"_contentSize":{"__type__":"cc.Size","width":61.2,"height":40},"_trs":{"__type__":"TypedArray","ctor":"Float64Array","array":[297.724,-18.095,0,0,0,0,1,1,1,1]}},{"__type__":"cc.Node","_name":"label","_parent":{"__id__":1},"_components":[{"__type__":"169900iLpFDSrelEizBDC4Z","node":{"__id__":51},"_materials":[{"__uuid__":"ecpdLyjvZBwrvm+cedCcQy"}],"_string":"500","_N$string":"500","_fontSize":22,"_N$horizontalAlign":1,"_N$verticalAlign":1,"_N$cacheMode":2}],"_prefab":{"__type__":"cc.PrefabInfo","root":{"__id__":1},"asset":{"__uuid__":"a9hFrMJtNDlpOBv5TCrExT"},"fileId":"48fpWu6tVBcrM6IiOCH/jU"},"_contentSize":{"__type__":"cc.Size","width":36.72,"height":40},"_trs":{"__type__":"TypedArray","ctor":"Float64Array","array":[297.724,-52.991,0,0,0,0,1,1,1,1]}},{"__type__":"cc.Node","_name":"jinbi","_parent":{"__id__":1},"_components":[{"__type__":"e97baXNkTtEN5txJxjMsMQL","node":{"__id__":52},"_materials":[{"__uuid__":"ecpdLyjvZBwrvm+cedCcQy"}],"_spriteFrame":{"__uuid__":"danixwiSNFLL2Nb2stdFF9"},"_sizeMode":0}],"_prefab":{"__type__":"cc.PrefabInfo","root":{"__id__":1},"asset":{"__uuid__":"a9hFrMJtNDlpOBv5TCrExT"},"fileId":"14YuOruTJDAZw532+azOG0"},"_contentSize":{"__type__":"cc.Size","width":20,"height":20},"_trs":{"__type__":"TypedArray","ctor":"Float64Array","array":[74.905,127.149,0,0,0,0,1,1,1,1]}},{"__type__":"cc.Node","_name":"jinbi","_parent":{"__id__":1},"_components":[{"__type__":"e97baXNkTtEN5txJxjMsMQL","node":{"__id__":53},"_materials":[{"__uuid__":"ecpdLyjvZBwrvm+cedCcQy"}],"_spriteFrame":{"__uuid__":"danixwiSNFLL2Nb2stdFF9"},"_sizeMode":0}],"_prefab":{"__type__":"cc.PrefabInfo","root":{"__id__":1},"asset":{"__uuid__":"a9hFrMJtNDlpOBv5TCrExT"},"fileId":"c10dWkc+tATJdn8KBs+al4"},"_contentSize":{"__type__":"cc.Size","width":20,"height":20},"_trs":{"__type__":"TypedArray","ctor":"Float64Array","array":[458.166,-16.69,0,0,0,0,1,1,1,1]}},{"__type__":"cc.Node","_name":"label","_parent":{"__id__":1},"_components":[{"__type__":"169900iLpFDSrelEizBDC4Z","node":{"__id__":54},"_materials":[{"__uuid__":"ecpdLyjvZBwrvm+cedCcQy"}],"_string":"20000","_N$string":"20000","_fontSize":22,"_N$horizontalAlign":1,"_N$verticalAlign":1,"_N$cacheMode":2}],"_prefab":{"__type__":"cc.PrefabInfo","root":{"__id__":1},"asset":{"__uuid__":"a9hFrMJtNDlpOBv5TCrExT"},"fileId":"29aQdHmBxImZAa46vIjY4X"},"_contentSize":{"__type__":"cc.Size","width":61.2,"height":40},"_trs":{"__type__":"TypedArray","ctor":"Float64Array","array":[503.102,-18.095,0,0,0,0,1,1,1,1]}},{"__type__":"cc.Node","_name":"zs","_parent":{"__id__":1},"_components":[{"__type__":"e97baXNkTtEN5txJxjMsMQL","node":{"__id__":55},"_materials":[{"__uuid__":"ecpdLyjvZBwrvm+cedCcQy"}],"_spriteFrame":{"__uuid__":"b7e46YmdRJybSWqAwrdfOB"},"_sizeMode":0}],"_prefab":{"__type__":"cc.PrefabInfo","root":{"__id__":1},"asset":{"__uuid__":"a9hFrMJtNDlpOBv5TCrExT"},"fileId":"5d+6atRXNNNILylJhBqsBV"},"_contentSize":{"__type__":"cc.Size","width":29,"height":38},"_trs":{"__type__":"TypedArray","ctor":"Float64Array","array":[457.097,-49.01,0,0,0,0,1,1,1,1]}},{"__type__":"cc.Node","_name":"label","_parent":{"__id__":1},"_components":[{"__type__":"169900iLpFDSrelEizBDC4Z","node":{"__id__":56},"_materials":[{"__uuid__":"ecpdLyjvZBwrvm+cedCcQy"}],"_string":"500","_N$string":"500","_fontSize":22,"_N$horizontalAlign":1,"_N$verticalAlign":1,"_N$cacheMode":2}],"_prefab":{"__type__":"cc.PrefabInfo","root":{"__id__":1},"asset":{"__uuid__":"a9hFrMJtNDlpOBv5TCrExT"},"fileId":"75CYFa9bhLoJ48lv2+STHz"},"_contentSize":{"__type__":"cc.Size","width":36.72,"height":40},"_trs":{"__type__":"TypedArray","ctor":"Float64Array","array":[503.102,-52.991,0,0,0,0,1,1,1,1]}}]