[{"__type__":"cc.Prefab","_name":"linghun","data":{"__id__":1}},{"__type__":"cc.Node","_name":"linghun","_components":[{"__type__":"e97baXNkTtEN5txJxjMsMQL","node":{"__id__":1},"_materials":[{"__uuid__":"ecpdLyjvZBwrvm+cedCcQy"}],"_spriteFrame":{"__uuid__":"887A5lWQNDbpG4s77ak+J+"},"_sizeMode":0}],"_prefab":{"__type__":"cc.PrefabInfo","root":{"__id__":1}},"_contentSize":{"__type__":"cc.Size","width":20,"height":20},"_trs":{"__type__":"TypedArray","ctor":"Float64Array","array":[412,852,0,0,0,0,1,1,1,1]}}]