[{"__type__":"cc.Prefab","_name":"baozha","data":{"__id__":1}},{"__type__":"cc.Node","_name":"baozha","_components":[{"__type__":"e97baXNkTtEN5txJxjMsMQL","node":{"__id__":1},"_materials":[{"__uuid__":"ecpdLyjvZBwrvm+cedCcQy"}],"_srcBlendFactor":1,"_spriteFrame":{"__uuid__":"1e3zvD31BFe7jfG6+s4wNm"}},{"__type__":"cc.Animation","node":{"__id__":1},"_defaultClip":{"__uuid__":"2aPeRdHwNBHoX/eznmI+hs"},"_clips":[{"__uuid__":"2aPeRdHwNBHoX/eznmI+hs"}],"playOnLoad":true},{"__type__":"cc.BoxCollider","node":{"__id__":1},"tag":1,"_offset":{"__type__":"cc.Vec2","x":3,"y":1},"_size":{"__type__":"cc.Size","width":257,"height":153}}],"_prefab":{"__type__":"cc.PrefabInfo","root":{"__id__":1}},"_contentSize":{"__type__":"cc.Size","width":266,"height":155},"_trs":{"__type__":"TypedArray","ctor":"Float64Array","array":[0,0,0,0,0,0,1,1,1,1]},"_groupIndex":6,"groupIndex":6}]