[
  {
    "__type__": "cc.SpriteFrame",
    "content": {
      "name": "aslogo",
      "texture": "7c8si8SfNAbrTBZfqveR4C",
      "rect": [
        3,
        0,
        487,
        100
      ],
      "offset": [
        1.5,
        0
      ],
      "originalSize": [
        490,
        100
      ],
      "capInsets": [
        0,
        0,
        0,
        0
      ]
    }
  },
  {
    "__type__": "cc.SpriteFrame",
    "content": {
      "name": "bar29156",
      "texture": "e4oG15Z09L05hZvrmIHr32",
      "rect": [
        0,
        0,
        60,
        16
      ],
      "offset": [
        0,
        0
      ],
      "originalSize": [
        60,
        16
      ],
      "capInsets": [
        10,
        0,
        10,
        0
      ]
    }
  },
  {
    "__type__": "cc.SpriteFrame",
    "content": {
      "name": "bg10912",
      "texture": "cfAlbpQgZPHKPwza284m7H",
      "rect": [
        0,
        0,
        750,
        1624
      ],
      "offset": [
        0,
        0
      ],
      "originalSize": [
        750,
        1624
      ],
      "capInsets": [
        0,
        0,
        0,
        0
      ]
    }
  },
  {
    "__type__": "cc.SpriteFrame",
    "content": {
      "name": "bar18625",
      "texture": "87AtXG5+RM652Gb5VhgWLt",
      "rect": [
        0,
        0,
        60,
        16
      ],
      "offset": [
        0,
        0
      ],
      "originalSize": [
        60,
        16
      ],
      "capInsets": [
        8,
        0,
        8,
        0
      ]
    }
  },
  [
    {
      "__type__": "cc.Prefab",
      "_name": "LoadScreen",
      "data": {
        "__id__": 1
      }
    },
    {
      "__type__": "cc.Node",
      "_name": "LoadScreen",
      "_children": [
        {
          "__id__": 2
        },
        {
          "__id__": 3
        },
        {
          "__id__": 4
        },
        {
          "__id__": 8
        },
        {
          "__type__": "cc.Node",
          "_name": "CurDetail",
          "_parent": {
            "__id__": 1
          },
          "_level": 2,
          "_prefab": {
            "__type__": "cc.PrefabInfo",
            "root": {
              "__id__": 1
            },
            "asset": {
              "__uuid__": "c2w5HoEaVEPqfTU6LkLigD"
            },
            "fileId": "06OopfZZ1KSb6FJtD3dec8"
          },
          "_color": {
            "__type__": "cc.Color",
            "r": 92,
            "g": 131,
            "b": 250
          },
          "_contentSize": {
            "__type__": "cc.Size",
            "width": 302.8,
            "height": 36
          },
          "_position": {
            "__type__": "cc.Vec3",
            "y": -340
          },
          "groupIndex": 1
        },
        {
          "__id__": 10
        }
      ],
      "_level": 1,
      "_components": [
        {
          "__type__": "cc.BlockInputEvents",
          "node": {
            "__id__": 1
          }
        },
        {
          "__type__": "94efeYED51MdIyFPKN12//9",
          "node": {
            "__id__": 1
          },
          "loadProgressBar": {
            "__id__": 7
          },
          "loadProgressLabel": {
            "__id__": 9
          }
        }
      ],
      "_prefab": {
        "__type__": "cc.PrefabInfo",
        "root": {
          "__id__": 1
        },
        "asset": {
          "__uuid__": "c2w5HoEaVEPqfTU6LkLigD"
        },
        "fileId": "b8RwLtnwdAirr3zHHJkJfp"
      },
      "_contentSize": {
        "__type__": "cc.Size",
        "width": 750,
        "height": 1334
      },
      "groupIndex": 1
    },
    {
      "__type__": "cc.Node",
      "_name": "Back",
      "_parent": {
        "__id__": 1
      },
      "_level": 2,
      "_components": [
        {
          "__type__": "cc.Sprite",
          "node": {
            "__id__": 2
          },
          "_materials": [
            {
              "__uuid__": "ecpdLyjvZBwrvm+cedCcQy"
            }
          ],
          "_spriteFrame": {
            "__uuid__": "81eYhrnqlEo7++3US4irOQ"
          },
          "_sizeMode": 0,
          "_isTrimmedMode": false
        },
        {
          "__type__": "cc.Widget",
          "node": {
            "__id__": 2
          },
          "_alignFlags": 40,
          "_left": -875,
          "_right": -875,
          "_top": 27,
          "_bottom": 27,
          "_originalWidth": 720,
          "_originalHeight": 1280
        }
      ],
      "_prefab": {
        "__type__": "cc.PrefabInfo",
        "root": {
          "__id__": 1
        },
        "asset": {
          "__uuid__": "c2w5HoEaVEPqfTU6LkLigD"
        },
        "fileId": "ce9070l79AoKCibFwwLcxa"
      },
      "_contentSize": {
        "__type__": "cc.Size",
        "width": 2500,
        "height": 2000
      },
      "groupIndex": 1
    },
    {
      "__type__": "cc.Node",
      "_name": "Logo",
      "_parent": {
        "__id__": 1
      },
      "_active": false,
      "_components": [
        {
          "__type__": "cc.Sprite",
          "node": {
            "__id__": 3
          },
          "_materials": [
            {
              "__uuid__": "ecpdLyjvZBwrvm+cedCcQy"
            }
          ],
          "_spriteFrame": {
            "__uuid__": "2a91nmGvhN647ww+2IbAgf"
          },
          "_sizeMode": 2,
          "_isTrimmedMode": false
        }
      ],
      "_prefab": {
        "__type__": "cc.PrefabInfo",
        "root": {
          "__id__": 1
        },
        "asset": {
          "__uuid__": "c2w5HoEaVEPqfTU6LkLigD"
        },
        "fileId": "50/fEsCrpA6aHRW3ul1m8C"
      },
      "_color": {
        "__type__": "cc.Color",
        "r": 226,
        "g": 220,
        "b": 222
      },
      "_contentSize": {
        "__type__": "cc.Size",
        "width": 490,
        "height": 100
      },
      "_position": {
        "__type__": "cc.Vec3",
        "y": 300
      },
      "groupIndex": 1
    },
    {
      "__type__": "cc.Node",
      "_name": "ProgressBar",
      "_parent": {
        "__id__": 1
      },
      "_children": [
        {
          "__id__": 5
        }
      ],
      "_level": 2,
      "_components": [
        {
          "__type__": "cc.Sprite",
          "node": {
            "__id__": 4
          },
          "_materials": [
            {
              "__uuid__": "ecpdLyjvZBwrvm+cedCcQy"
            }
          ],
          "_spriteFrame": {
            "__uuid__": "8fpwak6/pDlrtXwdDgNQ+K"
          },
          "_type": 1,
          "_sizeMode": 0,
          "_isTrimmedMode": false
        },
        {
          "__id__": 7
        }
      ],
      "_prefab": {
        "__type__": "cc.PrefabInfo",
        "root": {
          "__id__": 1
        },
        "asset": {
          "__uuid__": "c2w5HoEaVEPqfTU6LkLigD"
        },
        "fileId": "99rljKvGRHDJndNuvKw7Uu"
      },
      "_contentSize": {
        "__type__": "cc.Size",
        "width": 360,
        "height": 16
      },
      "_position": {
        "__type__": "cc.Vec3",
        "y": -300
      },
      "groupIndex": 1
    },
    {
      "__type__": "cc.Node",
      "_name": "bar",
      "_parent": {
        "__id__": 4
      },
      "_components": [
        {
          "__id__": 6
        }
      ],
      "_prefab": {
        "__type__": "cc.PrefabInfo",
        "root": {
          "__id__": 1
        },
        "asset": {
          "__uuid__": "c2w5HoEaVEPqfTU6LkLigD"
        },
        "fileId": "174/ouS6dL9p08txr/pnMQ"
      },
      "_contentSize": {
        "__type__": "cc.Size",
        "width": 360,
        "height": 16
      },
      "_anchorPoint": {
        "__type__": "cc.Vec2",
        "y": 0.5
      },
      "_position": {
        "__type__": "cc.Vec3",
        "x": -180
      },
      "groupIndex": 1
    },
    {
      "__type__": "cc.Sprite",
      "node": {
        "__id__": 5
      },
      "_materials": [
        {
          "__uuid__": "ecpdLyjvZBwrvm+cedCcQy"
        }
      ],
      "_spriteFrame": {
        "__uuid__": "6bwLq0kyVAxrsawo1Q/syU"
      },
      "_type": 1,
      "_sizeMode": 0,
      "_fillRange": 1,
      "_isTrimmedMode": false
    },
    {
      "__type__": "cc.ProgressBar",
      "node": {
        "__id__": 4
      },
      "_N$totalLength": 360,
      "_N$barSprite": {
        "__id__": 6
      }
    },
    {
      "__type__": "cc.Node",
      "_name": "CurLabel",
      "_parent": {
        "__id__": 1
      },
      "_level": 2,
      "_components": [
        {
          "__id__": 9
        }
      ],
      "_prefab": {
        "__type__": "cc.PrefabInfo",
        "root": {
          "__id__": 1
        },
        "asset": {
          "__uuid__": "c2w5HoEaVEPqfTU6LkLigD"
        },
        "fileId": "b3+VVE1GNFj7FCWFzvIH7f"
      },
      "_color": {
        "__type__": "cc.Color",
        "r": 92,
        "g": 131,
        "b": 250
      },
      "_contentSize": {
        "__type__": "cc.Size",
        "width": 52.03,
        "height": 75.6
      },
      "_position": {
        "__type__": "cc.Vec3",
        "y": -250
      },
      "groupIndex": 1
    },
    {
      "__type__": "cc.Label",
      "node": {
        "__id__": 8
      },
      "_materials": [
        {
          "__uuid__": "ecpdLyjvZBwrvm+cedCcQy"
        }
      ],
      "_useOriginalSize": false,
      "_string": "0%",
      "_N$string": "0%",
      "_fontSize": 36,
      "_lineHeight": 60,
      "_N$horizontalAlign": 1,
      "_N$verticalAlign": 1
    },
    {
      "__type__": "cc.Node",
      "_name": "New Label",
      "_parent": {
        "__id__": 1
      },
      "_level": 2,
      "_components": [
        {
          "__type__": "cc.Label",
          "node": {
            "__id__": 10
          },
          "_materials": [
            {
              "__uuid__": "ecpdLyjvZBwrvm+cedCcQy"
            }
          ],
          "_useOriginalSize": false,
          "_string": "Label",
          "_N$string": "Label",
          "_N$horizontalAlign": 1,
          "_N$verticalAlign": 1
        }
      ],
      "_prefab": {
        "__type__": "cc.PrefabInfo",
        "root": {
          "__id__": 1
        },
        "asset": {
          "__uuid__": "c2w5HoEaVEPqfTU6LkLigD"
        },
        "fileId": "38ClRw8EJOIo7gBvbnKwVn"
      },
      "_color": {
        "__type__": "cc.Color",
        "r": 128,
        "g": 114,
        "b": 83
      },
      "_contentSize": {
        "__type__": "cc.Size",
        "width": 97.87,
        "height": 50.4
      },
      "_position": {
        "__type__": "cc.Vec3",
        "x": -764.333
      }
    }
  ]
]