[1,["13f744906","3eT+JW4S5O6o2vxXY/hCSY","d21m7PebBOgI46WGV2/55I","5fK1s6zrlMt6FTcVWjrSvG","c0SHz3OsNPTYb617W7HIoS","f9Yh16/wxGNKWOZWZWZkN2","46eV3ERfVJIrCyS23avJOx","ccB6TxybNIxJ9VstTolT4l","9ehakk2RtNg7yBiOb+7FrS","b24ovQqqpBxrSAE6ItsTMX","3avEbcr4BM1pdggjp01YKa","49wa8S8nNCu6+3S90fhCF8","4fVJdAwgdPBqUgp7ZDHPQe","50NTKMrbNIGZRfE7LE6dmg","76Fe/cvY9IDpH8fY8mCcgq","bbd5Qf7jJENr/Tu5ehfRoz","9eiIfsIB5AZYwa18FQ00ML","023wmtkQhCVK7AwxGEHPT3","fezqxfXT5CxLadWvAdd7Gd","ecpdLyjvZBwrvm+cedCcQy","9fYvWqHmJPG5DARnuYfAfR"],["node","_textureSetter","scene","_parent","MainCamera","scoreTextPre","coinsIcon","versionLabel","loadingViewPrefab"],[["cc.Camera",["_cullingMask","_depth","_nearClip","_clearFlags","node","_backgroundColor"],-1,1,5],["cc.Node",["_name","_id","_groupIndex","_components","_contentSize","_trs","_parent","_children"],0,9,5,7,1,2],["cc.Widget",["_alignFlags","_originalWidth","_originalHeight","node","_target"],0,1,1],"cc.SpriteFrame",["cc.Node",["_name","_parent","_components","_contentSize","_trs"],2,1,12,5,7],["cc.Canvas",["_fitHeight","node","_designResolution"],2,1,5],"cc.Texture2D",["cc.SceneAsset",["_name","asyncLoadAssets"],1],["cc.Node",["_name","_parent","_components","_trs"],2,1,2,7],["2be4c/BqCxG7ILpV0HnjzBr",["node","MainCamera","ScollMapCamera","RoadPrefab","trophySP","motoAudio","scoreTextPre","coinsIcon"],3,1,1,2,3,3,3,6,6],["cc.Scene",["_name","_active","_children","_anchorPoint","_trs"],1,2,5,7],["9ccb757GhRBqrxv6EwEVhDd",["node","versionLabel","loadingViewPrefab"],3,1,1,6],["cc.Label",["_string","_fontSize","_lineHeight","_N$horizontalAlign","_N$verticalAlign","node","_materials"],-2,1,3]],[[8,0,1,2,3,2],[0,0,1,2,4,4],[7,0,1,3],[1,0,1,7,3,4,5,3],[2,0,3,2],[10,0,1,2,3,4,3],[1,0,2,6,3,5,3],[1,0,6,3,4,2],[4,0,1,2,3,2],[4,0,1,2,3,4,2],[5,0,1,2,2],[5,1,2,1],[2,0,1,2,3,4],[2,0,3,4,2],[9,0,1,2,3,4,5,6,7,1],[0,0,4,5,2],[0,0,1,2,4,5,4],[0,0,2,4,3],[0,3,1,4,3],[11,0,1,2,1],[12,0,1,2,3,4,5,6,6]],[[["0,9729,9729,33071,33071,0,0,0"],[6],0,[],[],[]],[[{"name":"overbg11","rect":[2,2,284,227],"offset":[0,0],"originalSize":[284,227],"rotated":1,"capInsets":[0,0,0,0]}],[3],0,[0],[1],[0]],[[{"name":"overbg12","rect":[2,290,282,227],"offset":[0,0],"originalSize":[284,227],"rotated":1,"capInsets":[0,0,0,0]}],[3],0,[0],[1],[0]],[[[2,"GameScene",null],[3,"Canvas","73o687rtZJBoSYaRGxMU75",[-10,-11,-12,-13,-14,-15,-16],[[10,false,-1,[5,640,1136]],[4,45,-2],[14,-9,-8,[-3,-4,-5,-6,-7],[0,1,2,3,4,5,6,7,8],[11,12,13,14],[15,16,17],9,10]],[5,640,1136],[320,568,0,0,0,0,1,1,1,1]],[8,"Main Camera",1,[[-17,[12,45,640,1136,-18]],1,4],[5,640,1136]],[5,"New Node",false,[1],[0,0,0],[0,0,0,0,0,0,1,1,1,1]],[15,8065,2,[4,0]],[0,"Map1Camera",1,[-19],[0,0,554.2562584220408,0,0,0,1,1,1,1]],[16,4,-5,0.1,5,[4,4294967295]],[0,"Map2Camera",1,[-20],[0,0,554.2562584220408,0,0,0,1,1,1,1]],[1,8,-4,0.1,7],[0,"Map3Camera",1,[-21],[0,0,554.2562584220408,0,0,0,1,1,1,1]],[1,16,-3,0.1,9],[0,"Map4Camera",1,[-22],[0,0,554.2562584220408,0,0,0,1,1,1,1]],[1,32,-2,0.1,11],[0,"Map5Camera",1,[-23],[0,0,554.2562584220408,0,0,0,1,1,1,1]],[1,64,-1,0.1,13],[6,"UICamera",1,1,[[17,2,0.1,-24]],[0,0,554.2562584220408,0,0,0,1,1,1,1]]],0,[0,0,1,0,0,1,0,-1,6,0,-2,8,0,-3,10,0,-4,12,0,-5,14,0,4,4,0,0,1,0,-1,2,0,-2,5,0,-3,7,0,-4,9,0,-5,11,0,-6,13,0,-7,15,0,-1,4,0,0,2,0,-1,6,0,-1,8,0,-1,10,0,-1,12,0,-1,14,0,0,15,0,2,3,1,3,3,24],[0,0,0,0,0,0,0,0,0,0,0,0,0,0,0,0,0,0],[-1,-2,-3,-4,-5,-6,-7,-8,-9,5,6,-1,-2,-3,-4,-1,-2,-3],[1,2,3,4,5,6,7,8,9,10,11,12,13,14,15,16,17,18]],[[[2,"preload",null],[3,"Canvas","a5esZu+45LA5mBpvttspPD",[-5,-6],[[11,-1,[5,640,1136]],[4,45,-2],[19,-4,-3,1]],[5,640,1136],[320,568,0,0,0,0,1,1,1,1]],[9,"version",1,[[-7,[13,20,-8,1]],1,4],[5,34.69,17.64],[0,-559.18,0,0,0,0,1,1,1,1]],[5,"New Node",false,[1],[0,0,0],[0,0,0,0,0,0,1,1,1,1]],[7,"Main Camera",1,[[18,7,-1,-9]],[5,640,1136]],[20,"V0.0.1",12,14,1,1,2,[0]]],0,[0,0,1,0,0,1,0,7,5,0,0,1,0,-1,4,0,-2,2,0,-1,5,0,0,2,0,0,4,0,2,3,1,3,3,9],[0,0],[-1,8],[19,20]]]]