[{"__type__":"cc.Prefab","_name":"gameover","data":{"__id__":1}},{"__type__":"cc.Node","_name":"gameover","_children":[{"__id__":2},{"__id__":4}],"_components":[{"__type__":"e97baXNkTtEN5txJxjMsMQL","node":{"__id__":1},"_materials":[{"__uuid__":"ecpdLyjvZBwrvm+cedCcQy"}],"_spriteFrame":{"__uuid__":"a3eZIS8phHOaDAXUVRbNHg"}},{"__type__":"b4d30W4TWVCibLIGbl+Purd","node":{"__id__":1}}],"_prefab":{"__type__":"cc.PrefabInfo","root":{"__id__":1},"asset":{"__uuid__":"62IPG+CVxN6615FnjVPRJC"}},"_contentSize":{"__type__":"cc.Size","width":412,"height":78},"_trs":{"__type__":"TypedArray","ctor":"Float64Array","array":[633.65,401.189,0,0,0,0,1,1,1,1]}},{"__type__":"cc.Node","_name":"back2","_parent":{"__id__":1},"_children":[{"__id__":3}],"_components":[{"__type__":"e97baXNkTtEN5txJxjMsMQL","node":{"__id__":2},"_materials":[{"__uuid__":"ecpdLyjvZBwrvm+cedCcQy"}],"_spriteFrame":{"__uuid__":"b7n1izyO1G5apXhTNaXpSi"}}],"_prefab":{"__type__":"cc.PrefabInfo","root":{"__id__":1},"asset":{"__uuid__":"62IPG+CVxN6615FnjVPRJC"},"fileId":"c2MQHuTFhNR68ktooG/oHS"},"_contentSize":{"__type__":"cc.Size","width":179,"height":70},"_trs":{"__type__":"TypedArray","ctor":"Float64Array","array":[-85.995,-111.727,0,0,0,0,1,0.739,0.739,0.739]}},{"__type__":"cc.Node","_name":"New Label","_parent":{"__id__":2},"_components":[{"__type__":"169900iLpFDSrelEizBDC4Z","node":{"__id__":3},"_materials":[{"__uuid__":"ecpdLyjvZBwrvm+cedCcQy"}],"_useOriginalSize":false,"_string":"返回","_N$string":"返回","_fontSize":24,"_lineHeight":24,"_enableWrapText":false,"_N$horizontalAlign":1,"_N$verticalAlign":1,"_N$overflow":2},{"__type__":"cc.LabelOutline","node":{"__id__":3},"_color":{"__type__":"cc.Color"},"_width":2}],"_prefab":{"__type__":"cc.PrefabInfo","root":{"__id__":1},"asset":{"__uuid__":"62IPG+CVxN6615FnjVPRJC"},"fileId":"bbvHbndB1K1bhhH8M0m8oE"},"_contentSize":{"__type__":"cc.Size","width":90,"height":54.4},"_trs":{"__type__":"TypedArray","ctor":"Float64Array","array":[29.333,0.822,0,0,0,0,1,1,1,1]}},{"__type__":"cc.Node","_name":"fuhuo_btn","_parent":{"__id__":1},"_children":[{"__id__":5}],"_components":[{"__type__":"e97baXNkTtEN5txJxjMsMQL","node":{"__id__":4},"_materials":[{"__uuid__":"ecpdLyjvZBwrvm+cedCcQy"}],"_spriteFrame":{"__uuid__":"54CHcEdTRCsaqIt1Jmu8E/"}}],"_prefab":{"__type__":"cc.PrefabInfo","root":{"__id__":1},"asset":{"__uuid__":"62IPG+CVxN6615FnjVPRJC"},"fileId":"cbNHrA5X9PmIrDuss8tuCI"},"_contentSize":{"__type__":"cc.Size","width":179,"height":70},"_trs":{"__type__":"TypedArray","ctor":"Float64Array","array":[78.35,-110.61,0,0,0,0,1,0.739,0.739,0.739]}},{"__type__":"cc.Node","_name":"New Label","_parent":{"__id__":4},"_components":[{"__type__":"169900iLpFDSrelEizBDC4Z","node":{"__id__":5},"_materials":[{"__uuid__":"ecpdLyjvZBwrvm+cedCcQy"}],"_useOriginalSize":false,"_string":"复活","_N$string":"复活","_fontSize":24,"_lineHeight":24,"_enableWrapText":false,"_N$horizontalAlign":1,"_N$verticalAlign":1,"_N$overflow":2},{"__type__":"cc.LabelOutline","node":{"__id__":5},"_color":{"__type__":"cc.Color"},"_width":2}],"_prefab":{"__type__":"cc.PrefabInfo","root":{"__id__":1},"asset":{"__uuid__":"62IPG+CVxN6615FnjVPRJC"},"fileId":"3dgR5cUKlBjKSC0cn25Aku"},"_contentSize":{"__type__":"cc.Size","width":100,"height":30},"_trs":{"__type__":"TypedArray","ctor":"Float64Array","array":[29.929,-0.69,0,0,0,0,1,1,1,1]}}]