{"__type__":"cc.AnimationClip","_name":"tiaotx","_duration":0.23333333333333334,"sample":30,"curveData":{"comps":{"cc.Sprite":{"spriteFrame":[{"frame":0,"value":{"__uuid__":"da2/2aeeNMTJTeZ2ro82WT"}},{"frame":0.03333333333333333,"value":{"__uuid__":"b5aSoMWB5Pn7WXm3zSpboS"}},{"frame":0.06666666666666667,"value":{"__uuid__":"ebDOjyfZZDTavd8mm9rUhe"}},{"frame":0.1,"value":{"__uuid__":"02uXP5qD9Jnq45Hc3WZzRO"}},{"frame":0.13333333333333333,"value":{"__uuid__":"8c3xm9szxAgbBbu2R2EREl"}},{"frame":0.16666666666666666,"value":{"__uuid__":"20mB8K2oBEbqzML5uL6b9w"}},{"frame":0.2,"value":{"__uuid__":"e8hGpGT5dBY5nzue1TxEn/"}}]}}}}