[{"__type__":"cc.Prefab","_name":"shandian","data":{"__id__":1}},{"__type__":"cc.Node","_name":"shandian","_children":[{"__id__":2},{"__id__":3}],"_prefab":{"__type__":"cc.PrefabInfo","root":{"__id__":1}},"_trs":{"__type__":"TypedArray","ctor":"Float64Array","array":[665.33,280.539,0,0,0,0,1,1,1,1]}},{"__type__":"cc.Node","_name":"miaozhun","_parent":{"__id__":1},"_components":[{"__type__":"e97baXNkTtEN5txJxjMsMQL","node":{"__id__":2},"_materials":[{"__uuid__":"ecpdLyjvZBwrvm+cedCcQy"}],"_spriteFrame":{"__uuid__":"eayF01a4hN8KkgXC5El2wB"}}],"_prefab":{"__type__":"cc.PrefabInfo","root":{"__id__":1},"fileId":"9fWN/xXoBNOKHg/sSePzND"},"_contentSize":{"__type__":"cc.Size","width":141,"height":47},"_trs":{"__type__":"TypedArray","ctor":"Float64Array","array":[0.425,-7.037,0,0,0,0,1,1,1,1]}},{"__type__":"cc.Node","_name":"shandian","_parent":{"__id__":1},"_components":[{"__type__":"e97baXNkTtEN5txJxjMsMQL","node":{"__id__":3},"_materials":[{"__uuid__":"ecpdLyjvZBwrvm+cedCcQy"}],"_spriteFrame":{"__uuid__":"9e15b2hYVGwKBSt2cq85B9"}},{"__type__":"cc.Animation","node":{"__id__":3},"_defaultClip":{"__uuid__":"88mFI71SxN5p6mjJIarlLC"},"_clips":[{"__uuid__":"88mFI71SxN5p6mjJIarlLC"}]},{"__type__":"cc.BoxCollider","node":{"__id__":3},"tag":1,"_offset":{"__type__":"cc.Vec2","y":171},"_size":{"__type__":"cc.Size","width":45,"height":357}}],"_prefab":{"__type__":"cc.PrefabInfo","root":{"__id__":1},"fileId":"ddmmYonbFAmpeU2CMINDUh"},"_contentSize":{"__type__":"cc.Size","width":87,"height":357},"_anchorPoint":{"__type__":"cc.Vec2","x":0.5},"_trs":{"__type__":"TypedArray","ctor":"Float64Array","array":[0,0,0,0,0,0,1,1.5,1.5,1]},"_groupIndex":3,"groupIndex":3}]