[{"__type__":"cc.Prefab","_name":"shuangbeijy_mc","data":{"__id__":1}},{"__type__":"cc.Node","_name":"shuangbeijy_mc","_children":[{"__id__":2},{"__id__":3}],"_components":[{"__type__":"c2cc8lbySBFkrD3cm4jmGf3","node":{"__id__":1}}],"_prefab":{"__type__":"cc.PrefabInfo","root":{"__id__":1},"asset":{"__uuid__":"72hPyD3dpBGJc5FocbmfTu"}},"_trs":{"__type__":"TypedArray","ctor":"Float64Array","array":[0,0,0,0,0,0,1,1,1,1]}},{"__type__":"cc.Node","_name":"btn","_parent":{"__id__":1},"_components":[{"__type__":"e97baXNkTtEN5txJxjMsMQL","node":{"__id__":2},"_materials":[{"__uuid__":"ecpdLyjvZBwrvm+cedCcQy"}],"_spriteFrame":{"__uuid__":"f7y79NZn9Ny5V9r6BD3zm1"},"_sizeMode":0}],"_prefab":{"__type__":"cc.PrefabInfo","root":{"__id__":1},"asset":{"__uuid__":"72hPyD3dpBGJc5FocbmfTu"},"fileId":"07r/kFSZtFCr/u8MHUZV8H"},"_contentSize":{"__type__":"cc.Size","width":269,"height":70},"_trs":{"__type__":"TypedArray","ctor":"Float64Array","array":[190.791,-56.695,0,0,0,0,1,1,1,1]}},{"__type__":"cc.Node","_name":"New Node","_parent":{"__id__":1},"_children":[{"__id__":4},{"__id__":5},{"__id__":6},{"__id__":7},{"__id__":8},{"__id__":9}],"_prefab":{"__type__":"cc.PrefabInfo","root":{"__id__":1},"asset":{"__uuid__":"72hPyD3dpBGJc5FocbmfTu"},"fileId":"56N63ZSnlH8KQmak/MTAK7"},"_trs":{"__type__":"TypedArray","ctor":"Float64Array","array":[0,0,0,0,0,0,1,1,1,1]}},{"__type__":"cc.Node","_name":"bj","_parent":{"__id__":3},"_components":[{"__type__":"e97baXNkTtEN5txJxjMsMQL","node":{"__id__":4},"_materials":[{"__uuid__":"ecpdLyjvZBwrvm+cedCcQy"}],"_spriteFrame":{"__uuid__":"f7y79NZn9Ny5V9r6BD3zm1"},"_sizeMode":0}],"_prefab":{"__type__":"cc.PrefabInfo","root":{"__id__":1},"asset":{"__uuid__":"72hPyD3dpBGJc5FocbmfTu"},"fileId":"10wfog1ZxHVaBM/K1mIuSn"},"_opacity":50,"_contentSize":{"__type__":"cc.Size","width":779,"height":405},"_trs":{"__type__":"TypedArray","ctor":"Float64Array","array":[210.765,13.71,0,0,0,0,1,1,1,1]}},{"__type__":"cc.Node","_name":"bj","_parent":{"__id__":3},"_components":[{"__type__":"e97baXNkTtEN5txJxjMsMQL","node":{"__id__":5},"_materials":[{"__uuid__":"ecpdLyjvZBwrvm+cedCcQy"}],"_spriteFrame":{"__uuid__":"f7y79NZn9Ny5V9r6BD3zm1"},"_sizeMode":0}],"_prefab":{"__type__":"cc.PrefabInfo","root":{"__id__":1},"asset":{"__uuid__":"72hPyD3dpBGJc5FocbmfTu"},"fileId":"c20LpWohlOSL+BhK54nblh"},"_opacity":200,"_contentSize":{"__type__":"cc.Size","width":450,"height":147},"_trs":{"__type__":"TypedArray","ctor":"Float64Array","array":[191.144,95.581,0,0,0,0,1,1,1,1]}},{"__type__":"cc.Node","_name":"label","_parent":{"__id__":3},"_components":[{"__type__":"169900iLpFDSrelEizBDC4Z","node":{"__id__":6},"_materials":[{"__uuid__":"ecpdLyjvZBwrvm+cedCcQy"}],"_string":"双倍金币","_N$string":"双倍金币","_fontSize":28,"_N$horizontalAlign":1,"_N$verticalAlign":1}],"_prefab":{"__type__":"cc.PrefabInfo","root":{"__id__":1},"asset":{"__uuid__":"72hPyD3dpBGJc5FocbmfTu"},"fileId":"375rWwVZlN/YsyjNGIr4Pb"},"_contentSize":{"__type__":"cc.Size","width":112,"height":50.4},"_trs":{"__type__":"TypedArray","ctor":"Float64Array","array":[190.465,66.536,0,0,0,0,1,1,1,1]}},{"__type__":"cc.Node","_name":"label","_parent":{"__id__":3},"_components":[{"__type__":"169900iLpFDSrelEizBDC4Z","node":{"__id__":7},"_materials":[{"__uuid__":"ecpdLyjvZBwrvm+cedCcQy"}],"_string":"当天双倍经验","_N$string":"当天双倍经验","_fontSize":38,"_enableWrapText":false,"_N$horizontalAlign":1,"_N$verticalAlign":1,"_N$overflow":2}],"_prefab":{"__type__":"cc.PrefabInfo","root":{"__id__":1},"asset":{"__uuid__":"72hPyD3dpBGJc5FocbmfTu"},"fileId":"3d4HE7V79FFIHMJqJYUYDK"},"_contentSize":{"__type__":"cc.Size","width":430,"height":50.4},"_trs":{"__type__":"TypedArray","ctor":"Float64Array","array":[190.651,127.032,0,0,0,0,1,1,1,1]}},{"__type__":"cc.Node","_name":"label","_parent":{"__id__":3},"_components":[{"__type__":"169900iLpFDSrelEizBDC4Z","node":{"__id__":8},"_materials":[{"__uuid__":"ecpdLyjvZBwrvm+cedCcQy"}],"_string":"领取","_N$string":"领取","_fontSize":25,"_N$horizontalAlign":1,"_N$verticalAlign":1}],"_prefab":{"__type__":"cc.PrefabInfo","root":{"__id__":1},"asset":{"__uuid__":"72hPyD3dpBGJc5FocbmfTu"},"fileId":"beiW6YvxhGPpvNjXaAjIHc"},"_contentSize":{"__type__":"cc.Size","width":50,"height":50.4},"_trs":{"__type__":"TypedArray","ctor":"Float64Array","array":[237.225,-55.79,0,0,0,0,1,1,1,1]}},{"__type__":"cc.Node","_name":"shipinglogo","_parent":{"__id__":3},"_components":[{"__type__":"e97baXNkTtEN5txJxjMsMQL","node":{"__id__":9},"_materials":[{"__uuid__":"ecpdLyjvZBwrvm+cedCcQy"}],"_spriteFrame":{"__uuid__":"c2SNIUPZRFvIrG1JW/Qe7Z"}}],"_prefab":{"__type__":"cc.PrefabInfo","root":{"__id__":1},"asset":{"__uuid__":"72hPyD3dpBGJc5FocbmfTu"},"fileId":"a9m/J+jT5GoI4ztEGf4t1I"},"_contentSize":{"__type__":"cc.Size","width":66,"height":50},"_trs":{"__type__":"TypedArray","ctor":"Float64Array","array":[119,-56,0,0,0,0,1,1,1,1]}}]