[{"__type__":"cc.Prefab","_name":"shop_mc","data":{"__id__":1}},{"__type__":"cc.Node","_name":"shop_mc","_children":[{"__id__":2},{"__id__":16},{"__id__":17},{"__id__":18},{"__id__":19},{"__id__":20},{"__id__":21},{"__id__":22},{"__id__":23},{"__id__":24},{"__id__":25},{"__id__":26},{"__id__":27},{"__id__":28},{"__id__":29},{"__id__":30},{"__id__":31},{"__id__":32},{"__id__":33},{"__id__":34},{"__id__":35},{"__id__":36},{"__id__":37},{"__id__":38},{"__id__":39},{"__id__":40},{"__id__":41},{"__id__":42},{"__id__":43},{"__id__":44},{"__id__":45}],"_components":[{"__type__":"c385eIyg2JOmJJlhWEagaQn","node":{"__id__":1}}],"_prefab":{"__type__":"cc.PrefabInfo","root":{"__id__":1}},"_trs":{"__type__":"TypedArray","ctor":"Float64Array","array":[0,0,0,0,0,0,1,1,1,1]}},{"__type__":"cc.Node","_name":"btn","_parent":{"__id__":1},"_children":[{"__id__":3},{"__id__":4},{"__id__":5},{"__id__":6},{"__id__":7},{"__id__":8},{"__id__":9},{"__id__":10},{"__id__":11},{"__id__":12},{"__id__":13},{"__id__":14},{"__id__":15}],"_prefab":{"__type__":"cc.PrefabInfo","root":{"__id__":1},"fileId":"32OnN56LJIQZE6TvYtR/R5"},"_trs":{"__type__":"TypedArray","ctor":"Float64Array","array":[0,0,0,0,0,0,1,1,1,1]}},{"__type__":"cc.Node","_name":"bj","_parent":{"__id__":2},"_components":[{"__type__":"e97baXNkTtEN5txJxjMsMQL","node":{"__id__":3},"_materials":[{"__uuid__":"ecpdLyjvZBwrvm+cedCcQy"}],"_spriteFrame":{"__uuid__":"f7y79NZn9Ny5V9r6BD3zm1"},"_sizeMode":0}],"_prefab":{"__type__":"cc.PrefabInfo","root":{"__id__":1},"fileId":"682UPNe2FBQLF8NxALE3iU"},"_opacity":50,"_contentSize":{"__type__":"cc.Size","width":779,"height":405},"_trs":{"__type__":"TypedArray","ctor":"Float64Array","array":[210.765,-23.857,0,0,0,0,1,1,1,1]}},{"__type__":"cc.Node","_name":"btn1","_parent":{"__id__":2},"_components":[{"__type__":"e97baXNkTtEN5txJxjMsMQL","node":{"__id__":4},"_materials":[{"__uuid__":"ecpdLyjvZBwrvm+cedCcQy"}],"_spriteFrame":{"__uuid__":"f7y79NZn9Ny5V9r6BD3zm1"},"_sizeMode":0}],"_prefab":{"__type__":"cc.PrefabInfo","root":{"__id__":1},"fileId":"8a2axzYDlDvIvZY8pDwOFv"},"_opacity":150,"_contentSize":{"__type__":"cc.Size","width":150,"height":100},"_trs":{"__type__":"TypedArray","ctor":"Float64Array","array":[-50.945,101.35,0,0,0,0,1,1,1,1]}},{"__type__":"cc.Node","_name":"btn2","_parent":{"__id__":2},"_components":[{"__type__":"e97baXNkTtEN5txJxjMsMQL","node":{"__id__":5},"_materials":[{"__uuid__":"ecpdLyjvZBwrvm+cedCcQy"}],"_spriteFrame":{"__uuid__":"f7y79NZn9Ny5V9r6BD3zm1"},"_sizeMode":0}],"_prefab":{"__type__":"cc.PrefabInfo","root":{"__id__":1},"fileId":"33bi3mYmlItoc5VI4uB31g"},"_opacity":150,"_contentSize":{"__type__":"cc.Size","width":150,"height":100},"_trs":{"__type__":"TypedArray","ctor":"Float64Array","array":[121.947,101.35,0,0,0,0,1,1,1,1]}},{"__type__":"cc.Node","_name":"btn3","_parent":{"__id__":2},"_components":[{"__type__":"e97baXNkTtEN5txJxjMsMQL","node":{"__id__":6},"_materials":[{"__uuid__":"ecpdLyjvZBwrvm+cedCcQy"}],"_spriteFrame":{"__uuid__":"f7y79NZn9Ny5V9r6BD3zm1"},"_sizeMode":0}],"_prefab":{"__type__":"cc.PrefabInfo","root":{"__id__":1},"fileId":"86qBs7Wi5Pd7UdOg6f93GW"},"_opacity":150,"_contentSize":{"__type__":"cc.Size","width":150,"height":100},"_trs":{"__type__":"TypedArray","ctor":"Float64Array","array":[296.719,101.35,0,0,0,0,1,1,1,1]}},{"__type__":"cc.Node","_name":"btn7","_parent":{"__id__":2},"_components":[{"__type__":"e97baXNkTtEN5txJxjMsMQL","node":{"__id__":7},"_materials":[{"__uuid__":"ecpdLyjvZBwrvm+cedCcQy"}],"_spriteFrame":{"__uuid__":"f7y79NZn9Ny5V9r6BD3zm1"},"_sizeMode":0}],"_prefab":{"__type__":"cc.PrefabInfo","root":{"__id__":1},"fileId":"aeVAvq2q5Gq7USWkJTzxA8"},"_opacity":150,"_contentSize":{"__type__":"cc.Size","width":150,"height":100},"_trs":{"__type__":"TypedArray","ctor":"Float64Array","array":[296.719,-21.474,0,0,0,0,1,1,1,1]}},{"__type__":"cc.Node","_name":"btn6","_parent":{"__id__":2},"_components":[{"__type__":"e97baXNkTtEN5txJxjMsMQL","node":{"__id__":8},"_materials":[{"__uuid__":"ecpdLyjvZBwrvm+cedCcQy"}],"_spriteFrame":{"__uuid__":"f7y79NZn9Ny5V9r6BD3zm1"},"_sizeMode":0}],"_prefab":{"__type__":"cc.PrefabInfo","root":{"__id__":1},"fileId":"86pLn567ZPk5cQimYF0Jvs"},"_opacity":150,"_contentSize":{"__type__":"cc.Size","width":150,"height":100},"_trs":{"__type__":"TypedArray","ctor":"Float64Array","array":[121.947,-21.474,0,0,0,0,1,1,1,1]}},{"__type__":"cc.Node","_name":"btn5","_parent":{"__id__":2},"_components":[{"__type__":"e97baXNkTtEN5txJxjMsMQL","node":{"__id__":9},"_materials":[{"__uuid__":"ecpdLyjvZBwrvm+cedCcQy"}],"_spriteFrame":{"__uuid__":"f7y79NZn9Ny5V9r6BD3zm1"},"_sizeMode":0}],"_prefab":{"__type__":"cc.PrefabInfo","root":{"__id__":1},"fileId":"d0knEHUsdEO7T9vcJveqo8"},"_opacity":150,"_contentSize":{"__type__":"cc.Size","width":150,"height":100},"_trs":{"__type__":"TypedArray","ctor":"Float64Array","array":[-50.945,-21.474,0,0,0,0,1,1,1,1]}},{"__type__":"cc.Node","_name":"btn4","_parent":{"__id__":2},"_components":[{"__type__":"e97baXNkTtEN5txJxjMsMQL","node":{"__id__":10},"_materials":[{"__uuid__":"ecpdLyjvZBwrvm+cedCcQy"}],"_spriteFrame":{"__uuid__":"f7y79NZn9Ny5V9r6BD3zm1"},"_sizeMode":0}],"_prefab":{"__type__":"cc.PrefabInfo","root":{"__id__":1},"fileId":"23tt6B/7dH/4k0VX9zMqBD"},"_opacity":150,"_contentSize":{"__type__":"cc.Size","width":150,"height":100},"_trs":{"__type__":"TypedArray","ctor":"Float64Array","array":[472.719,100.35,0,0,0,0,1,1,1,1]}},{"__type__":"cc.Node","_name":"btn8","_parent":{"__id__":2},"_components":[{"__type__":"e97baXNkTtEN5txJxjMsMQL","node":{"__id__":11},"_materials":[{"__uuid__":"ecpdLyjvZBwrvm+cedCcQy"}],"_spriteFrame":{"__uuid__":"f7y79NZn9Ny5V9r6BD3zm1"},"_sizeMode":0}],"_prefab":{"__type__":"cc.PrefabInfo","root":{"__id__":1},"fileId":"b1h0F2cgRIKrjn8fxmLWdG"},"_opacity":150,"_contentSize":{"__type__":"cc.Size","width":150,"height":100},"_trs":{"__type__":"TypedArray","ctor":"Float64Array","array":[472.719,-19.65,0,0,0,0,1,1,1,1]}},{"__type__":"cc.Node","_name":"btn9","_parent":{"__id__":2},"_components":[{"__type__":"e97baXNkTtEN5txJxjMsMQL","node":{"__id__":12},"_materials":[{"__uuid__":"ecpdLyjvZBwrvm+cedCcQy"}],"_spriteFrame":{"__uuid__":"f7y79NZn9Ny5V9r6BD3zm1"},"_sizeMode":0}],"_prefab":{"__type__":"cc.PrefabInfo","root":{"__id__":1},"fileId":"5d8RgtpeRHYLt9UJRWi0YQ"},"_opacity":150,"_contentSize":{"__type__":"cc.Size","width":150,"height":100},"_trs":{"__type__":"TypedArray","ctor":"Float64Array","array":[-50.945,-146.65,0,0,0,0,1,1,1,1]}},{"__type__":"cc.Node","_name":"btn10","_parent":{"__id__":2},"_components":[{"__type__":"e97baXNkTtEN5txJxjMsMQL","node":{"__id__":13},"_materials":[{"__uuid__":"ecpdLyjvZBwrvm+cedCcQy"}],"_spriteFrame":{"__uuid__":"f7y79NZn9Ny5V9r6BD3zm1"},"_sizeMode":0}],"_prefab":{"__type__":"cc.PrefabInfo","root":{"__id__":1},"fileId":"aerGn0UuNIBJ30wDFN7RJZ"},"_opacity":150,"_contentSize":{"__type__":"cc.Size","width":150,"height":100},"_trs":{"__type__":"TypedArray","ctor":"Float64Array","array":[121.947,-146.65,0,0,0,0,1,1,1,1]}},{"__type__":"cc.Node","_name":"btn11","_parent":{"__id__":2},"_components":[{"__type__":"e97baXNkTtEN5txJxjMsMQL","node":{"__id__":14},"_materials":[{"__uuid__":"ecpdLyjvZBwrvm+cedCcQy"}],"_spriteFrame":{"__uuid__":"f7y79NZn9Ny5V9r6BD3zm1"},"_sizeMode":0}],"_prefab":{"__type__":"cc.PrefabInfo","root":{"__id__":1},"fileId":"d3bbdR6qpAT7O4QfX3V/Qw"},"_opacity":150,"_contentSize":{"__type__":"cc.Size","width":150,"height":100},"_trs":{"__type__":"TypedArray","ctor":"Float64Array","array":[296.719,-146.65,0,0,0,0,1,1,1,1]}},{"__type__":"cc.Node","_name":"btn12","_parent":{"__id__":2},"_components":[{"__type__":"e97baXNkTtEN5txJxjMsMQL","node":{"__id__":15},"_materials":[{"__uuid__":"ecpdLyjvZBwrvm+cedCcQy"}],"_spriteFrame":{"__uuid__":"f7y79NZn9Ny5V9r6BD3zm1"},"_sizeMode":0}],"_prefab":{"__type__":"cc.PrefabInfo","root":{"__id__":1},"fileId":"29NOWK/aJCOJFM/P+hHN5p"},"_opacity":150,"_contentSize":{"__type__":"cc.Size","width":150,"height":100},"_trs":{"__type__":"TypedArray","ctor":"Float64Array","array":[472.719,-146.65,0,0,0,0,1,1,1,1]}},{"__type__":"cc.Node","_name":"daoju4","_parent":{"__id__":1},"_components":[{"__type__":"e5296PHi0NFCIo2EFCDm+CX","node":{"__id__":16},"_materials":[{"__uuid__":"ecpdLyjvZBwrvm+cedCcQy"}],"_armatureName":"紫药水","_preCacheMode":0,"premultipliedAlpha":true,"_armatureKey":"20670c2c-732d-4907-8720-db9b8e881a11#45c00015-13d2-4839-8759-88050e1a46f2","_N$dragonAsset":{"__uuid__":"20Zwwscy1JB4cg25uOiBoR"},"_N$dragonAtlasAsset":{"__uuid__":"45wAAVE9JIOYdZiAUOGkby"},"_N$enableBatch":true}],"_prefab":{"__type__":"cc.PrefabInfo","root":{"__id__":1},"fileId":"3frW7Vj9pDyKt0EL237w3V"},"_contentSize":{"__type__":"cc.Size","width":43,"height":64},"_anchorPoint":{"__type__":"cc.Vec2","x":0.6,"y":0.8},"_trs":{"__type__":"TypedArray","ctor":"Float64Array","array":[475.582,112.72,0,0,0,0,1,1,1,1]}},{"__type__":"cc.Node","_name":"daoju8","_parent":{"__id__":1},"_components":[{"__type__":"e5296PHi0NFCIo2EFCDm+CX","node":{"__id__":17},"_materials":[{"__uuid__":"ecpdLyjvZBwrvm+cedCcQy"}],"_armatureName":"红药水","_animationName":"newAnimation","_preCacheMode":0,"premultipliedAlpha":true,"_armatureKey":"20670c2c-732d-4907-8720-db9b8e881a11#45c00015-13d2-4839-8759-88050e1a46f2","_N$dragonAsset":{"__uuid__":"20Zwwscy1JB4cg25uOiBoR"},"_N$dragonAtlasAsset":{"__uuid__":"45wAAVE9JIOYdZiAUOGkby"},"_N$enableBatch":true}],"_prefab":{"__type__":"cc.PrefabInfo","root":{"__id__":1},"fileId":"98R86we1JC4oOWl22Kw8a3"},"_contentSize":{"__type__":"cc.Size","width":43,"height":53},"_anchorPoint":{"__type__":"cc.Vec2","x":0.6,"y":0.8},"_trs":{"__type__":"TypedArray","ctor":"Float64Array","array":[476.866,-4.995,0,0,0,0,1,1,1,1]}},{"__type__":"cc.Node","_name":"daoju12","_parent":{"__id__":1},"_components":[{"__type__":"e5296PHi0NFCIo2EFCDm+CX","node":{"__id__":18},"_materials":[{"__uuid__":"ecpdLyjvZBwrvm+cedCcQy"}],"_armatureName":"绿药水","_preCacheMode":0,"premultipliedAlpha":true,"_armatureKey":"20670c2c-732d-4907-8720-db9b8e881a11#45c00015-13d2-4839-8759-88050e1a46f2","_N$dragonAsset":{"__uuid__":"20Zwwscy1JB4cg25uOiBoR"},"_N$dragonAtlasAsset":{"__uuid__":"45wAAVE9JIOYdZiAUOGkby"},"_N$enableBatch":true}],"_prefab":{"__type__":"cc.PrefabInfo","root":{"__id__":1},"fileId":"f63ac/ZkNBJKxfQc5aVrwM"},"_contentSize":{"__type__":"cc.Size","width":43,"height":56},"_anchorPoint":{"__type__":"cc.Vec2","x":0.6,"y":0.8},"_trs":{"__type__":"TypedArray","ctor":"Float64Array","array":[478,-131.041,0,0,0,0,1,1,1,1]}},{"__type__":"cc.Node","_name":"daoju","_parent":{"__id__":1},"_prefab":{"__type__":"cc.PrefabInfo","root":{"__id__":19},"fileId":"cbgd26iTVELoVm83DTjWyl"},"_contentSize":{"__type__":"cc.Size","width":70,"height":70},"_trs":{"__type__":"TypedArray","ctor":"Float64Array","array":[-99.601,119.971,0,0,0,0,1,1,1,1]}},{"__type__":"cc.Node","_name":"daoju1","_parent":{"__id__":1},"_components":[{"__type__":"e5296PHi0NFCIo2EFCDm+CX","node":{"__id__":20},"_materials":[{"__uuid__":"ecpdLyjvZBwrvm+cedCcQy"}],"_armatureName":"铁斩","_animationName":"newAnimation","_preCacheMode":0,"premultipliedAlpha":true,"_armatureKey":"20670c2c-732d-4907-8720-db9b8e881a11#45c00015-13d2-4839-8759-88050e1a46f2","_N$dragonAsset":{"__uuid__":"20Zwwscy1JB4cg25uOiBoR"},"_N$dragonAtlasAsset":{"__uuid__":"45wAAVE9JIOYdZiAUOGkby"},"_N$enableBatch":true}],"_prefab":{"__type__":"cc.PrefabInfo","root":{"__id__":1},"fileId":"a66Yhm8pZFwpdVh/Kxa8I5"},"_contentSize":{"__type__":"cc.Size","width":27,"height":159},"_anchorPoint":{"__type__":"cc.Vec2","x":0.6,"y":0.8},"_trs":{"__type__":"TypedArray","ctor":"Float64Array","array":[-99.601,130.28,0,0,0,0.5119454156665265,0.8590179808234676,1,1,1]},"_eulerAngles":{"__type__":"cc.Vec3","z":61.587}},{"__type__":"cc.Node","_name":"daoju","_parent":{"__id__":1},"_prefab":{"__type__":"cc.PrefabInfo","root":{"__id__":21},"fileId":"b23NW1J7FJoIp8fQSzMSDQ"},"_contentSize":{"__type__":"cc.Size","width":70,"height":70},"_trs":{"__type__":"TypedArray","ctor":"Float64Array","array":[72.288,119.971,0,0,0,0,1,1,1,1]}},{"__type__":"cc.Node","_name":"daoju2","_parent":{"__id__":1},"_components":[{"__type__":"e5296PHi0NFCIo2EFCDm+CX","node":{"__id__":22},"_materials":[{"__uuid__":"ecpdLyjvZBwrvm+cedCcQy"}],"_armatureName":"木狼牙棒","_animationName":"newAnimation","_preCacheMode":0,"premultipliedAlpha":true,"_armatureKey":"20670c2c-732d-4907-8720-db9b8e881a11#45c00015-13d2-4839-8759-88050e1a46f2","_N$dragonAsset":{"__uuid__":"20Zwwscy1JB4cg25uOiBoR"},"_N$dragonAtlasAsset":{"__uuid__":"45wAAVE9JIOYdZiAUOGkby"},"_N$enableBatch":true}],"_prefab":{"__type__":"cc.PrefabInfo","root":{"__id__":1},"fileId":"23eMsZ9lFKc7YfgqfrK7xc"},"_contentSize":{"__type__":"cc.Size","width":46,"height":146},"_anchorPoint":{"__type__":"cc.Vec2","x":0.6,"y":0.8},"_trs":{"__type__":"TypedArray","ctor":"Float64Array","array":[72.288,130.28,0,0,0,0.5119454156665265,0.8590179808234676,1,1,1]},"_eulerAngles":{"__type__":"cc.Vec3","z":61.587}},{"__type__":"cc.Node","_name":"lvtxt1","_parent":{"__id__":1},"_components":[{"__type__":"169900iLpFDSrelEizBDC4Z","node":{"__id__":23},"_materials":[{"__uuid__":"ecpdLyjvZBwrvm+cedCcQy"}],"_string":"lv:1","_N$string":"lv:1","_fontSize":22,"_N$horizontalAlign":1,"_N$verticalAlign":1,"_N$cacheMode":2}],"_prefab":{"__type__":"cc.PrefabInfo","root":{"__id__":1},"fileId":"17K6U0CvdPwLK6EHXkSjG5"},"_contentSize":{"__type__":"cc.Size","width":34.24,"height":40},"_anchorPoint":{"__type__":"cc.Vec2","y":0.5},"_trs":{"__type__":"TypedArray","ctor":"Float64Array","array":[-124.082,69.464,0,0,0,0,1,1,1,1]}},{"__type__":"cc.Node","_name":"lvtxt2","_parent":{"__id__":1},"_components":[{"__type__":"169900iLpFDSrelEizBDC4Z","node":{"__id__":24},"_materials":[{"__uuid__":"ecpdLyjvZBwrvm+cedCcQy"}],"_string":"lv:5","_N$string":"lv:5","_fontSize":22,"_N$horizontalAlign":1,"_N$verticalAlign":1,"_N$cacheMode":2}],"_prefab":{"__type__":"cc.PrefabInfo","root":{"__id__":1},"fileId":"7fLWzPmjxIsoB4Smo7g4TT"},"_contentSize":{"__type__":"cc.Size","width":34.24,"height":40},"_anchorPoint":{"__type__":"cc.Vec2","y":0.5},"_trs":{"__type__":"TypedArray","ctor":"Float64Array","array":[50.474,68.323,0,0,0,0,1,1,1,1]}},{"__type__":"cc.Node","_name":"lvtxt3","_parent":{"__id__":1},"_components":[{"__type__":"169900iLpFDSrelEizBDC4Z","node":{"__id__":25},"_materials":[{"__uuid__":"ecpdLyjvZBwrvm+cedCcQy"}],"_string":"lv:10","_N$string":"lv:10","_fontSize":22,"_N$horizontalAlign":1,"_N$verticalAlign":1,"_N$cacheMode":2}],"_prefab":{"__type__":"cc.PrefabInfo","root":{"__id__":1},"fileId":"d0eK57Qv9I87nhnx/1+fJF"},"_contentSize":{"__type__":"cc.Size","width":46.48,"height":40},"_anchorPoint":{"__type__":"cc.Vec2","y":0.5},"_trs":{"__type__":"TypedArray","ctor":"Float64Array","array":[226.019,70.606,0,0,0,0,1,1,1,1]}},{"__type__":"cc.Node","_name":"daoju3","_parent":{"__id__":1},"_components":[{"__type__":"e5296PHi0NFCIo2EFCDm+CX","node":{"__id__":26},"_materials":[{"__uuid__":"ecpdLyjvZBwrvm+cedCcQy"}],"_armatureName":"紫钢","_animationName":"newAnimation","_preCacheMode":0,"premultipliedAlpha":true,"_armatureKey":"20670c2c-732d-4907-8720-db9b8e881a11#45c00015-13d2-4839-8759-88050e1a46f2","_N$dragonAsset":{"__uuid__":"20Zwwscy1JB4cg25uOiBoR"},"_N$dragonAtlasAsset":{"__uuid__":"45wAAVE9JIOYdZiAUOGkby"},"_N$enableBatch":true}],"_prefab":{"__type__":"cc.PrefabInfo","root":{"__id__":1},"fileId":"77pyE21OVMkZowiAEqj3B0"},"_contentSize":{"__type__":"cc.Size","width":33,"height":155},"_anchorPoint":{"__type__":"cc.Vec2","x":0.6,"y":0.8},"_trs":{"__type__":"TypedArray","ctor":"Float64Array","array":[243.587,131.67,0,0,0,0.5119454156665265,0.8590179808234676,1,1,1]},"_eulerAngles":{"__type__":"cc.Vec3","z":61.587}},{"__type__":"cc.Node","_name":"k1","_parent":{"__id__":1},"_components":[{"__type__":"e97baXNkTtEN5txJxjMsMQL","node":{"__id__":27},"_materials":[{"__uuid__":"ecpdLyjvZBwrvm+cedCcQy"}],"_spriteFrame":{"__uuid__":"cegAVez+NKoq/ZqjM9qRtZ"},"_sizeMode":0}],"_prefab":{"__type__":"cc.PrefabInfo","root":{"__id__":1},"fileId":"9640F4vPdCgrVUfPthRMdy"},"_contentSize":{"__type__":"cc.Size","width":150,"height":100},"_trs":{"__type__":"TypedArray","ctor":"Float64Array","array":[934.212,799.868,0,0,0,0,1,1,1,1]}},{"__type__":"cc.Node","_name":"bj","_parent":{"__id__":1},"_components":[{"__type__":"e97baXNkTtEN5txJxjMsMQL","node":{"__id__":28},"_materials":[{"__uuid__":"ecpdLyjvZBwrvm+cedCcQy"}],"_spriteFrame":{"__uuid__":"f7y79NZn9Ny5V9r6BD3zm1"},"_sizeMode":0}],"_prefab":{"__type__":"cc.PrefabInfo","root":{"__id__":1},"fileId":"b3xddDC25KeZKoU+QYVl39"},"_opacity":50,"_contentSize":{"__type__":"cc.Size","width":779,"height":57},"_trs":{"__type__":"TypedArray","ctor":"Float64Array","array":[210.765,215.908,0,0,0,0,1,1,1,1]}},{"__type__":"cc.Node","_name":"buy_btn","_parent":{"__id__":1},"_components":[{"__type__":"e97baXNkTtEN5txJxjMsMQL","node":{"__id__":29},"_materials":[{"__uuid__":"ecpdLyjvZBwrvm+cedCcQy"}],"_spriteFrame":{"__uuid__":"f7y79NZn9Ny5V9r6BD3zm1"},"_sizeMode":0}],"_prefab":{"__type__":"cc.PrefabInfo","root":{"__id__":1},"fileId":"a42gAPlglNUb1fTDr4OgPK"},"_opacity":50,"_contentSize":{"__type__":"cc.Size","width":257,"height":57},"_trs":{"__type__":"TypedArray","ctor":"Float64Array","array":[469.473,215.908,0,0,0,0,1,1,1,1]}},{"__type__":"cc.Node","_name":"shouzhi","_parent":{"__id__":1},"_components":[{"__type__":"e97baXNkTtEN5txJxjMsMQL","node":{"__id__":30},"_materials":[{"__uuid__":"ecpdLyjvZBwrvm+cedCcQy"}],"_spriteFrame":{"__uuid__":"f9+lgUq3NAA4bIIhCPXVaB"}}],"_prefab":{"__type__":"cc.PrefabInfo","root":{"__id__":1},"fileId":"68J8iJfpBER5sXqD4IMaaY"},"_contentSize":{"__type__":"cc.Size","width":59,"height":59},"_trs":{"__type__":"TypedArray","ctor":"Float64Array","array":[570.537,216.703,0,0,0,0,1,0.526,0.526,0.526]}},{"__type__":"cc.Node","_name":"txt3","_parent":{"__id__":1},"_components":[{"__type__":"169900iLpFDSrelEizBDC4Z","node":{"__id__":31},"_materials":[{"__uuid__":"ecpdLyjvZBwrvm+cedCcQy"}],"_fontSize":28,"_N$horizontalAlign":1,"_N$verticalAlign":1,"_N$cacheMode":2}],"_prefab":{"__type__":"cc.PrefabInfo","root":{"__id__":1},"fileId":"0ah4/NPi9JwbEMleFgVSYd"},"_contentSize":{"__type__":"cc.Size","height":40},"_anchorPoint":{"__type__":"cc.Vec2","x":1,"y":0.5},"_trs":{"__type__":"TypedArray","ctor":"Float64Array","array":[539.657,217.566,0,0,0,0,1,1,1,1]}},{"__type__":"cc.Node","_name":"txt2","_parent":{"__id__":1},"_components":[{"__type__":"169900iLpFDSrelEizBDC4Z","node":{"__id__":32},"_materials":[{"__uuid__":"ecpdLyjvZBwrvm+cedCcQy"}],"_fontSize":28,"_N$horizontalAlign":1,"_N$verticalAlign":1,"_N$cacheMode":2}],"_prefab":{"__type__":"cc.PrefabInfo","root":{"__id__":1},"fileId":"94CuYQ3g9KoKDzKJWEfZbT"},"_contentSize":{"__type__":"cc.Size","height":40},"_anchorPoint":{"__type__":"cc.Vec2","y":0.5},"_trs":{"__type__":"TypedArray","ctor":"Float64Array","array":[-167.348,217.566,0,0,0,0,1,1,1,1]}},{"__type__":"cc.Node","_name":"txt1","_parent":{"__id__":1},"_components":[{"__type__":"169900iLpFDSrelEizBDC4Z","node":{"__id__":33},"_materials":[{"__uuid__":"ecpdLyjvZBwrvm+cedCcQy"}],"_fontSize":28,"_N$horizontalAlign":1,"_N$verticalAlign":1,"_N$cacheMode":2}],"_prefab":{"__type__":"cc.PrefabInfo","root":{"__id__":1},"fileId":"1aiv3VLs9D97OJSByHsQOA"},"_contentSize":{"__type__":"cc.Size","height":40},"_trs":{"__type__":"TypedArray","ctor":"Float64Array","array":[209.96,274.774,0,0,0,0,1,1,1,1]}},{"__type__":"cc.Node","_name":"lvtxt5","_parent":{"__id__":1},"_components":[{"__type__":"169900iLpFDSrelEizBDC4Z","node":{"__id__":34},"_materials":[{"__uuid__":"ecpdLyjvZBwrvm+cedCcQy"}],"_string":"lv:15","_N$string":"lv:15","_fontSize":22,"_N$horizontalAlign":1,"_N$verticalAlign":1,"_N$cacheMode":2}],"_prefab":{"__type__":"cc.PrefabInfo","root":{"__id__":1},"fileId":"39pAjSizpP0aYkMbu0wzfS"},"_contentSize":{"__type__":"cc.Size","width":46.48,"height":40},"_anchorPoint":{"__type__":"cc.Vec2","y":0.5},"_trs":{"__type__":"TypedArray","ctor":"Float64Array","array":[-117.763,-53.953,0,0,0,0,1,1,1,1]}},{"__type__":"cc.Node","_name":"daoju5","_parent":{"__id__":1},"_components":[{"__type__":"e5296PHi0NFCIo2EFCDm+CX","node":{"__id__":35},"_materials":[{"__uuid__":"ecpdLyjvZBwrvm+cedCcQy"}],"_armatureName":"斩首大刀","_animationName":"newAnimation","_preCacheMode":0,"premultipliedAlpha":true,"_armatureKey":"20670c2c-732d-4907-8720-db9b8e881a11#45c00015-13d2-4839-8759-88050e1a46f2","_N$dragonAsset":{"__uuid__":"20Zwwscy1JB4cg25uOiBoR"},"_N$dragonAtlasAsset":{"__uuid__":"45wAAVE9JIOYdZiAUOGkby"},"_N$enableBatch":true}],"_prefab":{"__type__":"cc.PrefabInfo","root":{"__id__":1},"fileId":"cdcxGIdh5ImaRy3xfngWEG"},"_contentSize":{"__type__":"cc.Size","width":25,"height":159},"_anchorPoint":{"__type__":"cc.Vec2","x":0.6,"y":0.8},"_trs":{"__type__":"TypedArray","ctor":"Float64Array","array":[-100.195,7.111,0,0,0,0.5119454156665265,0.8590179808234676,1,1,1]},"_eulerAngles":{"__type__":"cc.Vec3","z":61.587}},{"__type__":"cc.Node","_name":"lvtxt6","_parent":{"__id__":1},"_components":[{"__type__":"169900iLpFDSrelEizBDC4Z","node":{"__id__":36},"_materials":[{"__uuid__":"ecpdLyjvZBwrvm+cedCcQy"}],"_string":"lv:20","_N$string":"lv:20","_fontSize":22,"_N$horizontalAlign":1,"_N$verticalAlign":1,"_N$cacheMode":2}],"_prefab":{"__type__":"cc.PrefabInfo","root":{"__id__":1},"fileId":"d10ZuGkc1HlLva7nGGAYa3"},"_contentSize":{"__type__":"cc.Size","width":46.48,"height":40},"_anchorPoint":{"__type__":"cc.Vec2","y":0.5},"_trs":{"__type__":"TypedArray","ctor":"Float64Array","array":[55.623,-53.953,0,0,0,0,1,1,1,1]}},{"__type__":"cc.Node","_name":"daoju6","_parent":{"__id__":1},"_components":[{"__type__":"e5296PHi0NFCIo2EFCDm+CX","node":{"__id__":37},"_materials":[{"__uuid__":"ecpdLyjvZBwrvm+cedCcQy"}],"_armatureName":"幽冥","_animationName":"newAnimation","_preCacheMode":0,"premultipliedAlpha":true,"_armatureKey":"20670c2c-732d-4907-8720-db9b8e881a11#45c00015-13d2-4839-8759-88050e1a46f2","_N$dragonAsset":{"__uuid__":"20Zwwscy1JB4cg25uOiBoR"},"_N$dragonAtlasAsset":{"__uuid__":"45wAAVE9JIOYdZiAUOGkby"},"_N$enableBatch":true}],"_prefab":{"__type__":"cc.PrefabInfo","root":{"__id__":1},"fileId":"45OxkXMfRFeKng37qEzKOB"},"_contentSize":{"__type__":"cc.Size","width":48,"height":159},"_anchorPoint":{"__type__":"cc.Vec2","x":0.6,"y":0.8},"_trs":{"__type__":"TypedArray","ctor":"Float64Array","array":[73.191,7.111,0,0,0,0.5119454156665265,0.8590179808234676,1,1,1]},"_eulerAngles":{"__type__":"cc.Vec3","z":61.587}},{"__type__":"cc.Node","_name":"daoju7","_parent":{"__id__":1},"_components":[{"__type__":"e5296PHi0NFCIo2EFCDm+CX","node":{"__id__":38},"_materials":[{"__uuid__":"ecpdLyjvZBwrvm+cedCcQy"}],"_armatureName":"血刃","_preCacheMode":0,"premultipliedAlpha":true,"_armatureKey":"20670c2c-732d-4907-8720-db9b8e881a11#45c00015-13d2-4839-8759-88050e1a46f2","_N$dragonAsset":{"__uuid__":"20Zwwscy1JB4cg25uOiBoR"},"_N$dragonAtlasAsset":{"__uuid__":"45wAAVE9JIOYdZiAUOGkby"},"_N$enableBatch":true}],"_prefab":{"__type__":"cc.PrefabInfo","root":{"__id__":1},"fileId":"f3WbcnOwJKY7nZa8IyIIuJ"},"_contentSize":{"__type__":"cc.Size","width":37,"height":160},"_anchorPoint":{"__type__":"cc.Vec2","x":0.6,"y":0.8},"_trs":{"__type__":"TypedArray","ctor":"Float64Array","array":[246.577,7.111,0,0,0,0.5119454156665265,0.8590179808234676,1,1,1]},"_eulerAngles":{"__type__":"cc.Vec3","z":61.587}},{"__type__":"cc.Node","_name":"lvtxt7","_parent":{"__id__":1},"_components":[{"__type__":"169900iLpFDSrelEizBDC4Z","node":{"__id__":39},"_materials":[{"__uuid__":"ecpdLyjvZBwrvm+cedCcQy"}],"_string":"lv:25","_N$string":"lv:25","_fontSize":22,"_N$horizontalAlign":1,"_N$verticalAlign":1,"_N$cacheMode":2}],"_prefab":{"__type__":"cc.PrefabInfo","root":{"__id__":1},"fileId":"71Vyhy73RDe6CoGAsN+DBU"},"_contentSize":{"__type__":"cc.Size","width":46.48,"height":40},"_anchorPoint":{"__type__":"cc.Vec2","y":0.5},"_trs":{"__type__":"TypedArray","ctor":"Float64Array","array":[229.009,-53.953,0,0,0,0,1,1,1,1]}},{"__type__":"cc.Node","_name":"daoju9","_parent":{"__id__":1},"_components":[{"__type__":"e5296PHi0NFCIo2EFCDm+CX","node":{"__id__":40},"_materials":[{"__uuid__":"ecpdLyjvZBwrvm+cedCcQy"}],"_armatureName":"炎龙剑","_animationName":"newAnimation","_preCacheMode":0,"premultipliedAlpha":true,"_armatureKey":"20670c2c-732d-4907-8720-db9b8e881a11#45c00015-13d2-4839-8759-88050e1a46f2","_N$dragonAsset":{"__uuid__":"20Zwwscy1JB4cg25uOiBoR"},"_N$dragonAtlasAsset":{"__uuid__":"45wAAVE9JIOYdZiAUOGkby"},"_N$enableBatch":true}],"_prefab":{"__type__":"cc.PrefabInfo","root":{"__id__":1},"fileId":"eeK42Jqf5Llay9ofBl0VAg"},"_contentSize":{"__type__":"cc.Size","width":40,"height":161},"_anchorPoint":{"__type__":"cc.Vec2","x":0.6,"y":0.8},"_trs":{"__type__":"TypedArray","ctor":"Float64Array","array":[-99.195,-118.444,0,0,0,0.5119454156665265,0.8590179808234676,1,1,1]},"_eulerAngles":{"__type__":"cc.Vec3","z":61.587}},{"__type__":"cc.Node","_name":"lvtxt9","_parent":{"__id__":1},"_components":[{"__type__":"169900iLpFDSrelEizBDC4Z","node":{"__id__":41},"_materials":[{"__uuid__":"ecpdLyjvZBwrvm+cedCcQy"}],"_string":"lv:30","_N$string":"lv:30","_fontSize":22,"_N$horizontalAlign":1,"_N$verticalAlign":1,"_N$cacheMode":2}],"_prefab":{"__type__":"cc.PrefabInfo","root":{"__id__":1},"fileId":"04X8dvx5xKh7c8lKmB+yLG"},"_contentSize":{"__type__":"cc.Size","width":46.48,"height":40},"_anchorPoint":{"__type__":"cc.Vec2","y":0.5},"_trs":{"__type__":"TypedArray","ctor":"Float64Array","array":[-116.763,-179.508,0,0,0,0,1,1,1,1]}},{"__type__":"cc.Node","_name":"daoju10","_parent":{"__id__":1},"_components":[{"__type__":"e5296PHi0NFCIo2EFCDm+CX","node":{"__id__":42},"_materials":[{"__uuid__":"ecpdLyjvZBwrvm+cedCcQy"}],"_armatureName":"破坏大剑","_animationName":"newAnimation","_preCacheMode":0,"premultipliedAlpha":true,"_armatureKey":"20670c2c-732d-4907-8720-db9b8e881a11#45c00015-13d2-4839-8759-88050e1a46f2","_N$dragonAsset":{"__uuid__":"20Zwwscy1JB4cg25uOiBoR"},"_N$dragonAtlasAsset":{"__uuid__":"45wAAVE9JIOYdZiAUOGkby"},"_N$enableBatch":true}],"_prefab":{"__type__":"cc.PrefabInfo","root":{"__id__":1},"fileId":"61k6UHdZVN6a6P4swp0SM2"},"_contentSize":{"__type__":"cc.Size","width":26,"height":161},"_anchorPoint":{"__type__":"cc.Vec2","x":0.6,"y":0.8},"_trs":{"__type__":"TypedArray","ctor":"Float64Array","array":[74.191,-118.444,0,0,0,0.5119454156665265,0.8590179808234676,1,1,1]},"_eulerAngles":{"__type__":"cc.Vec3","z":61.587}},{"__type__":"cc.Node","_name":"lvtxt10","_parent":{"__id__":1},"_components":[{"__type__":"169900iLpFDSrelEizBDC4Z","node":{"__id__":43},"_materials":[{"__uuid__":"ecpdLyjvZBwrvm+cedCcQy"}],"_string":"lv:35","_N$string":"lv:35","_fontSize":22,"_N$horizontalAlign":1,"_N$verticalAlign":1,"_N$cacheMode":2}],"_prefab":{"__type__":"cc.PrefabInfo","root":{"__id__":1},"fileId":"674CuhZFNPl4UbuTP2s/WT"},"_contentSize":{"__type__":"cc.Size","width":46.48,"height":40},"_anchorPoint":{"__type__":"cc.Vec2","y":0.5},"_trs":{"__type__":"TypedArray","ctor":"Float64Array","array":[56.623,-179.508,0,0,0,0,1,1,1,1]}},{"__type__":"cc.Node","_name":"daoju11","_parent":{"__id__":1},"_components":[{"__type__":"e5296PHi0NFCIo2EFCDm+CX","node":{"__id__":44},"_materials":[{"__uuid__":"ecpdLyjvZBwrvm+cedCcQy"}],"_armatureName":"暴鲨","_animationName":"newAnimation","_preCacheMode":0,"premultipliedAlpha":true,"_armatureKey":"20670c2c-732d-4907-8720-db9b8e881a11#45c00015-13d2-4839-8759-88050e1a46f2","_N$dragonAsset":{"__uuid__":"20Zwwscy1JB4cg25uOiBoR"},"_N$dragonAtlasAsset":{"__uuid__":"45wAAVE9JIOYdZiAUOGkby"},"_N$enableBatch":true}],"_prefab":{"__type__":"cc.PrefabInfo","root":{"__id__":1},"fileId":"f3e/oPwbpCiIaOXf+XfDWI"},"_contentSize":{"__type__":"cc.Size","width":43,"height":169},"_anchorPoint":{"__type__":"cc.Vec2","x":0.6,"y":0.8},"_trs":{"__type__":"TypedArray","ctor":"Float64Array","array":[246.58,-118.444,0,0,0,0.5119454156665265,0.8590179808234676,1,1,1]},"_eulerAngles":{"__type__":"cc.Vec3","z":61.587}},{"__type__":"cc.Node","_name":"lvtxt11","_parent":{"__id__":1},"_components":[{"__type__":"169900iLpFDSrelEizBDC4Z","node":{"__id__":45},"_materials":[{"__uuid__":"ecpdLyjvZBwrvm+cedCcQy"}],"_string":"lv:40","_N$string":"lv:40","_fontSize":22,"_N$horizontalAlign":1,"_N$verticalAlign":1,"_N$cacheMode":2}],"_prefab":{"__type__":"cc.PrefabInfo","root":{"__id__":1},"fileId":"201BV1gsJNVK3M6B70YqvW"},"_contentSize":{"__type__":"cc.Size","width":46.48,"height":40},"_anchorPoint":{"__type__":"cc.Vec2","y":0.5},"_trs":{"__type__":"TypedArray","ctor":"Float64Array","array":[229.012,-179.508,0,0,0,0,1,1,1,1]}}]