[1,["a9KkJNyxtAhJdLZ1TxPwkw"],["_texture"],[["dragonBones.DragonBonesAsset",["_name","_dragonBonesJson"],1],["dragonBones.DragonBonesAtlasAsset",["_name","_atlasJson"],1]],[[0,0,1,3],[1,0,1,3]],[[[[0,"moto_ske2","{\"frameRate\":24,\"name\":\"moto\",\"version\":\"5.5\",\"compatibleVersion\":\"5.5\",\"armature\":[{\"type\":\"Armature\",\"frameRate\":24,\"name\":\"Armature\",\"aabb\":{\"x\":-119.6,\"y\":-258.5,\"width\":228,\"height\":235.48},\"bone\":[{\"name\":\"root\",\"transform\":{\"x\":0.9424,\"y\":-21.3604}},{\"length\":27,\"name\":\"lunzi\",\"parent\":\"root\",\"transform\":{\"x\":-44.55,\"y\":-22.65,\"skX\":-0.8318,\"skY\":-0.8318}},{\"length\":56,\"name\":\"2\",\"parent\":\"lunzi\",\"transform\":{\"x\":0.0246,\"y\":-28.5141,\"skX\":-20.3795,\"skY\":-20.3795}},{\"length\":28,\"name\":\"tui2\",\"parent\":\"2\",\"transform\":{\"x\":16.1781,\"y\":30.6148,\"skX\":-40.1211,\"skY\":-40.1211}},{\"length\":30,\"name\":\"tui1\",\"parent\":\"tui2\",\"transform\":{\"x\":41.9754,\"y\":-14.8363,\"skX\":-77.2974,\"skY\":-77.2974}},{\"length\":31,\"name\":\"shenzi\",\"parent\":\"tui1\",\"transform\":{\"x\":51.0223,\"y\":20.4521,\"skX\":84.9085,\"skY\":84.9085}},{\"length\":21,\"name\":\"gebo3\",\"parent\":\"shenzi\",\"transform\":{\"x\":47.4126,\"y\":21.7343,\"skX\":72.3677,\"skY\":72.3677}},{\"length\":30,\"name\":\"tou\",\"parent\":\"shenzi\",\"transform\":{\"x\":74.6829,\"y\":1.2027,\"skX\":-7.7502,\"skY\":-7.7502}},{\"length\":20,\"name\":\"gebo1\",\"parent\":\"shenzi\",\"transform\":{\"x\":29.5523,\"y\":7.3868,\"skX\":110.5792,\"skY\":110.5792}},{\"length\":24,\"name\":\"gebo2\",\"parent\":\"gebo1\",\"transform\":{\"x\":34.9709,\"y\":-13.4864,\"skX\":-56.5085,\"skY\":-56.5085}}],\"slot\":[{\"name\":\"2\",\"parent\":\"2\"},{\"name\":\"tui1\",\"parent\":\"tui1\"},{\"name\":\"tui2\",\"parent\":\"tui2\"},{\"name\":\"gebo3\",\"parent\":\"gebo3\"},{\"name\":\"shenzi\",\"parent\":\"shenzi\"},{\"name\":\"gebo2\",\"parent\":\"gebo2\"},{\"name\":\"gebo1\",\"parent\":\"gebo1\"},{\"name\":\"tou\",\"parent\":\"tou\"}],\"skin\":[{\"slot\":[{\"name\":\"gebo2\",\"display\":[{\"name\":\"gebo2\",\"transform\":{\"x\":12.43,\"y\":0.5,\"skX\":-0.35,\"skY\":-0.35}}]},{\"name\":\"gebo1\",\"display\":[{\"name\":\"gebo1\",\"transform\":{\"x\":10.69,\"y\":0.53,\"skX\":-56.86,\"skY\":-56.86}}]},{\"name\":\"tou\",\"display\":[{\"name\":\"tou\",\"transform\":{\"x\":14.5,\"y\":3.32,\"skX\":61.47,\"skY\":61.47}}]},{\"name\":\"tui1\",\"display\":[{\"name\":\"tui1\",\"transform\":{\"x\":17.44,\"y\":-1.38,\"skX\":138.63,\"skY\":138.63}}]},{\"name\":\"tui2\",\"display\":[{\"name\":\"tui2\",\"transform\":{\"x\":11.99,\"y\":-0.74,\"skX\":61.33,\"skY\":61.33}}]},{\"name\":\"gebo3\",\"display\":[{\"name\":\"gebo3\",\"transform\":{\"x\":11.73,\"y\":0.66,\"skX\":-18.65,\"skY\":-18.65}}]},{\"name\":\"2\",\"display\":[{\"name\":\"2\",\"transform\":{\"x\":42.85,\"y\":-4.29,\"skX\":21.21,\"skY\":21.21}}]},{\"name\":\"shenzi\",\"display\":[{\"name\":\"shenzi\",\"transform\":{\"x\":15.18,\"y\":-0.6,\"skX\":53.72,\"skY\":53.72}}]}]}],\"animation\":[{\"duration\":24,\"playTimes\":0,\"name\":\"wait\",\"bone\":[{\"name\":\"2\",\"translateFrame\":[{\"duration\":6,\"tweenEasing\":0},{\"duration\":6,\"tweenEasing\":0,\"y\":1.8},{\"duration\":6,\"tweenEasing\":0},{\"duration\":6,\"tweenEasing\":0,\"y\":1.8},{\"duration\":0}]},{\"name\":\"tui2\",\"rotateFrame\":[{\"duration\":6,\"tweenEasing\":0},{\"duration\":6,\"tweenEasing\":0,\"rotate\":0.14},{\"duration\":6,\"tweenEasing\":0},{\"duration\":6,\"tweenEasing\":0,\"rotate\":0.14},{\"duration\":0}]},{\"name\":\"tui1\",\"rotateFrame\":[{\"duration\":6,\"tweenEasing\":0},{\"duration\":6,\"tweenEasing\":0,\"rotate\":-0.95},{\"duration\":6,\"tweenEasing\":0},{\"duration\":6,\"tweenEasing\":0,\"rotate\":-0.95},{\"duration\":0}]},{\"name\":\"shenzi\",\"rotateFrame\":[{\"duration\":6,\"tweenEasing\":0},{\"duration\":6,\"tweenEasing\":0,\"rotate\":0.89},{\"duration\":6,\"tweenEasing\":0},{\"duration\":6,\"tweenEasing\":0,\"rotate\":0.89},{\"duration\":0}]},{\"name\":\"tou\",\"rotateFrame\":[{\"duration\":6,\"tweenEasing\":0},{\"duration\":6,\"tweenEasing\":0,\"rotate\":2.75},{\"duration\":6,\"tweenEasing\":0},{\"duration\":6,\"tweenEasing\":0,\"rotate\":2.75},{\"duration\":0}]}]},{\"duration\":30,\"playTimes\":0,\"name\":\"rush\",\"bone\":[{\"name\":\"lunzi\",\"rotateFrame\":[{\"duration\":8,\"tweenEasing\":0},{\"duration\":12,\"tweenEasing\":0,\"rotate\":-6.79},{\"duration\":4,\"tweenEasing\":0,\"rotate\":-8.17},{\"duration\":6}]},{\"name\":\"2\",\"rotateFrame\":[{\"duration\":24},{\"duration\":2,\"tweenEasing\":0},{\"duration\":2,\"tweenEasing\":0,\"rotate\":3.38},{\"duration\":2}]},{\"name\":\"tui2\",\"rotateFrame\":[{\"duration\":8,\"tweenEasing\":0},{\"duration\":8,\"tweenEasing\":0,\"rotate\":-7.44},{\"duration\":8,\"tweenEasing\":0,\"rotate\":-7.44},{\"duration\":6}]},{\"name\":\"tui1\",\"rotateFrame\":[{\"duration\":8,\"tweenEasing\":0},{\"duration\":8,\"tweenEasing\":0,\"rotate\":27.64},{\"duration\":8,\"tweenEasing\":0,\"rotate\":27.64},{\"duration\":2,\"tweenEasing\":0},{\"duration\":2,\"tweenEasing\":0,\"rotate\":-2.83},{\"duration\":2}]},{\"name\":\"shenzi\",\"translateFrame\":[{\"duration\":8,\"tweenEasing\":0},{\"duration\":8,\"tweenEasing\":0,\"x\":-0.49,\"y\":-2.08},{\"duration\":8,\"tweenEasing\":0,\"x\":-0.49,\"y\":-2.08},{\"duration\":6}],\"rotateFrame\":[{\"duration\":8,\"tweenEasing\":0},{\"duration\":8,\"tweenEasing\":0,\"rotate\":-17.1},{\"duration\":8,\"tweenEasing\":0,\"rotate\":-17.1},{\"duration\":6}]},{\"name\":\"gebo3\",\"rotateFrame\":[{\"duration\":8,\"tweenEasing\":0},{\"duration\":8,\"tweenEasing\":0,\"rotate\":13.47},{\"duration\":8,\"tweenEasing\":0,\"rotate\":13.47},{\"duration\":6}]},{\"name\":\"tou\",\"rotateFrame\":[{\"duration\":18,\"tweenEasing\":0},{\"duration\":6,\"tweenEasing\":0,\"rotate\":-8.23},{\"duration\":3,\"tweenEasing\":0},{\"duration\":3,\"tweenEasing\":0,\"rotate\":13.29},{\"duration\":0}]},{\"name\":\"gebo1\",\"rotateFrame\":[{\"duration\":8,\"tweenEasing\":0},{\"duration\":8,\"tweenEasing\":0,\"rotate\":8.65},{\"duration\":8,\"tweenEasing\":0,\"rotate\":8.65},{\"duration\":6}]},{\"name\":\"gebo2\",\"rotateFrame\":[{\"duration\":8,\"tweenEasing\":0},{\"duration\":8,\"tweenEasing\":0,\"rotate\":4.66},{\"duration\":8,\"tweenEasing\":0,\"rotate\":4.66},{\"duration\":6}]}]},{\"duration\":8,\"playTimes\":0,\"name\":\"feiqi_1\",\"bone\":[{\"name\":\"lunzi\",\"rotateFrame\":[{\"duration\":4,\"tweenEasing\":0},{\"duration\":4,\"rotate\":-6.79}]},{\"name\":\"tui2\",\"rotateFrame\":[{\"duration\":2,\"tweenEasing\":0},{\"duration\":6,\"rotate\":-7.44}]},{\"name\":\"tui1\",\"rotateFrame\":[{\"duration\":2,\"tweenEasing\":0},{\"duration\":6,\"rotate\":27.64}]},{\"name\":\"shenzi\",\"translateFrame\":[{\"duration\":2,\"tweenEasing\":0},{\"duration\":6,\"x\":-0.49,\"y\":-2.08}],\"rotateFrame\":[{\"duration\":2,\"tweenEasing\":0},{\"duration\":6,\"rotate\":-17.1}]},{\"name\":\"gebo3\",\"rotateFrame\":[{\"duration\":4,\"tweenEasing\":0},{\"duration\":4,\"rotate\":13.47}]},{\"name\":\"tou\",\"rotateFrame\":[{\"duration\":8,\"tweenEasing\":0},{\"duration\":0,\"rotate\":-8.23}]},{\"name\":\"gebo1\",\"rotateFrame\":[{\"duration\":4,\"tweenEasing\":0},{\"duration\":4,\"rotate\":8.65}]},{\"name\":\"gebo2\",\"rotateFrame\":[{\"duration\":4,\"tweenEasing\":0},{\"duration\":4,\"rotate\":4.66}]}]},{\"duration\":0,\"playTimes\":0,\"name\":\"feiqi_2\",\"bone\":[{\"name\":\"lunzi\",\"rotateFrame\":[{\"duration\":0,\"rotate\":-6.79}]},{\"name\":\"tui2\",\"rotateFrame\":[{\"duration\":0,\"rotate\":-7.44}]},{\"name\":\"tui1\",\"rotateFrame\":[{\"duration\":0,\"rotate\":27.64}]},{\"name\":\"shenzi\",\"translateFrame\":[{\"duration\":0,\"x\":-0.48,\"y\":-2.08}],\"rotateFrame\":[{\"duration\":0,\"rotate\":-17.1}]},{\"name\":\"gebo3\",\"rotateFrame\":[{\"duration\":0,\"rotate\":13.47}]},{\"name\":\"tou\",\"rotateFrame\":[{\"duration\":0,\"rotate\":-8.23}]},{\"name\":\"gebo1\",\"rotateFrame\":[{\"duration\":0,\"rotate\":8.65}]},{\"name\":\"gebo2\",\"rotateFrame\":[{\"duration\":0,\"rotate\":4.66}]}]},{\"duration\":24,\"playTimes\":0,\"name\":\"feiqi_3\",\"bone\":[{\"name\":\"lunzi\",\"rotateFrame\":[{\"duration\":10,\"tweenEasing\":0,\"rotate\":-6.79},{\"duration\":14}]},{\"name\":\"2\",\"rotateFrame\":[{\"duration\":8},{\"duration\":2,\"tweenEasing\":0},{\"duration\":2,\"tweenEasing\":0,\"rotate\":3.38},{\"duration\":12}]},{\"name\":\"tui2\",\"rotateFrame\":[{\"duration\":8,\"tweenEasing\":0,\"rotate\":-7.44},{\"duration\":16}]},{\"name\":\"tui1\",\"rotateFrame\":[{\"duration\":8,\"tweenEasing\":0,\"rotate\":27.64},{\"duration\":2,\"tweenEasing\":0},{\"duration\":2,\"tweenEasing\":0,\"rotate\":-2.83},{\"duration\":12}]},{\"name\":\"shenzi\",\"translateFrame\":[{\"duration\":8,\"tweenEasing\":0,\"x\":-0.48,\"y\":-2.08},{\"duration\":16}],\"rotateFrame\":[{\"duration\":8,\"tweenEasing\":0,\"rotate\":-17.22},{\"duration\":16}]},{\"name\":\"gebo3\",\"rotateFrame\":[{\"duration\":12,\"tweenEasing\":0,\"rotate\":13.47},{\"duration\":12}]},{\"name\":\"tou\",\"rotateFrame\":[{\"duration\":6,\"tweenEasing\":0,\"rotate\":-8.35},{\"duration\":3,\"tweenEasing\":0,\"rotate\":-0.76},{\"duration\":2,\"tweenEasing\":0,\"rotate\":13.29},{\"duration\":13}]},{\"name\":\"gebo1\",\"rotateFrame\":[{\"duration\":12,\"tweenEasing\":0,\"rotate\":8.53},{\"duration\":12}]},{\"name\":\"gebo2\",\"rotateFrame\":[{\"duration\":12,\"tweenEasing\":0,\"rotate\":4.66},{\"duration\":12}]}]},{\"duration\":12,\"playTimes\":0,\"name\":\"shache_1\",\"bone\":[{\"name\":\"2\",\"translateFrame\":[{\"duration\":12,\"tweenEasing\":0},{\"duration\":0,\"x\":-1.22,\"y\":2.57}],\"rotateFrame\":[{\"duration\":12,\"tweenEasing\":0},{\"duration\":0,\"rotate\":-1.62}]},{\"name\":\"tui2\",\"rotateFrame\":[{\"duration\":12,\"tweenEasing\":0},{\"duration\":0,\"rotate\":3.86}]},{\"name\":\"tui1\",\"rotateFrame\":[{\"duration\":12,\"tweenEasing\":0},{\"duration\":0,\"rotate\":-5.98}]},{\"name\":\"shenzi\",\"rotateFrame\":[{\"duration\":12,\"tweenEasing\":0},{\"duration\":0,\"rotate\":-9.49}]},{\"name\":\"gebo3\",\"translateFrame\":[{\"duration\":12,\"tweenEasing\":0},{\"duration\":0,\"x\":0.42,\"y\":4.5}],\"rotateFrame\":[{\"duration\":12,\"tweenEasing\":0},{\"duration\":0,\"rotate\":15.48}]},{\"name\":\"gebo1\",\"rotateFrame\":[{\"duration\":12,\"tweenEasing\":0},{\"duration\":0,\"rotate\":2.42}]},{\"name\":\"gebo2\",\"rotateFrame\":[{\"duration\":12,\"tweenEasing\":0},{\"duration\":0,\"rotate\":13.29}]}]},{\"duration\":0,\"playTimes\":0,\"name\":\"shache_2\",\"bone\":[{\"name\":\"2\",\"translateFrame\":[{\"duration\":0,\"x\":-1.22,\"y\":2.57}],\"rotateFrame\":[{\"duration\":0,\"rotate\":-1.62}]},{\"name\":\"tui2\",\"rotateFrame\":[{\"duration\":0,\"rotate\":3.86}]},{\"name\":\"tui1\",\"rotateFrame\":[{\"duration\":0,\"rotate\":-5.98}]},{\"name\":\"shenzi\",\"rotateFrame\":[{\"duration\":0,\"rotate\":-9.49}]},{\"name\":\"gebo3\",\"translateFrame\":[{\"duration\":0,\"x\":0.42,\"y\":4.5}],\"rotateFrame\":[{\"duration\":0,\"rotate\":15.48}]},{\"name\":\"gebo1\",\"rotateFrame\":[{\"duration\":0,\"rotate\":2.42}]},{\"name\":\"gebo2\",\"rotateFrame\":[{\"duration\":0,\"rotate\":13.29}]}]},{\"duration\":12,\"playTimes\":0,\"name\":\"shache_3\",\"bone\":[{\"name\":\"2\",\"translateFrame\":[{\"duration\":12,\"tweenEasing\":0,\"x\":-1.22,\"y\":2.57},{\"duration\":0}],\"rotateFrame\":[{\"duration\":12,\"tweenEasing\":0,\"rotate\":-1.62},{\"duration\":0}]},{\"name\":\"tui2\",\"rotateFrame\":[{\"duration\":12,\"tweenEasing\":0,\"rotate\":3.86},{\"duration\":0}]},{\"name\":\"tui1\",\"rotateFrame\":[{\"duration\":12,\"tweenEasing\":0,\"rotate\":-5.98},{\"duration\":0}]},{\"name\":\"shenzi\",\"rotateFrame\":[{\"duration\":12,\"tweenEasing\":0,\"rotate\":-9.49},{\"duration\":0}]},{\"name\":\"gebo3\",\"translateFrame\":[{\"duration\":12,\"tweenEasing\":0,\"x\":0.42,\"y\":4.5},{\"duration\":0}],\"rotateFrame\":[{\"duration\":12,\"tweenEasing\":0,\"rotate\":15.48},{\"duration\":0}]},{\"name\":\"gebo1\",\"rotateFrame\":[{\"duration\":12,\"tweenEasing\":0,\"rotate\":2.42},{\"duration\":0}]},{\"name\":\"gebo2\",\"rotateFrame\":[{\"duration\":12,\"tweenEasing\":0,\"rotate\":13.29},{\"duration\":0}]}]}],\"defaultActions\":[{\"gotoAndPlay\":\"wait\"}]}]}"]],0,0,[],[],[]],[[[1,"moto_tex2","{\"SubTexture\":[{\"x\":1,\"y\":1,\"width\":228,\"name\":\"2\",\"height\":138},{\"x\":175,\"y\":141,\"width\":74,\"name\":\"tui1\",\"height\":64},{\"frameY\":0,\"y\":207,\"frameX\":0,\"frameHeight\":68,\"height\":67,\"frameWidth\":52,\"width\":52,\"name\":\"tui2\",\"x\":175},{\"frameY\":-1,\"y\":259,\"frameX\":-1,\"frameHeight\":26,\"height\":25,\"frameWidth\":56,\"width\":54,\"name\":\"gebo3\",\"x\":1},{\"frameY\":0,\"y\":141,\"frameX\":-1,\"frameHeight\":76,\"height\":75,\"frameWidth\":74,\"width\":73,\"name\":\"shenzi\",\"x\":100},{\"frameY\":-1,\"y\":231,\"frameX\":0,\"frameHeight\":28,\"height\":26,\"frameWidth\":68,\"width\":68,\"name\":\"gebo2\",\"x\":1},{\"frameY\":0,\"y\":218,\"frameX\":-1,\"frameHeight\":50,\"height\":50,\"frameWidth\":42,\"width\":40,\"name\":\"gebo1\",\"x\":100},{\"frameY\":-1,\"y\":141,\"frameX\":-1,\"frameHeight\":90,\"height\":88,\"frameWidth\":98,\"width\":97,\"name\":\"tou\",\"x\":1}],\"imagePath\":\"moto_tex2.png\",\"width\":256,\"name\":\"moto\",\"height\":512}"]],0,0,[0],[0],[0]]]]