[{"__type__":"cc.Prefab","_name":"shengji","data":{"__id__":1}},{"__type__":"cc.Node","_name":"shengji","_components":[{"__type__":"e97baXNkTtEN5txJxjMsMQL","node":{"__id__":1},"_materials":[{"__uuid__":"ecpdLyjvZBwrvm+cedCcQy"}],"_spriteFrame":{"__uuid__":"9fvBfM75ZDKK0nF0F3k32D"}}],"_prefab":{"__type__":"cc.PrefabInfo","root":{"__id__":1},"asset":{"__uuid__":"c2Mk07vDJOCY9hSLP9+jkj"}},"_contentSize":{"__type__":"cc.Size","width":180,"height":41},"_trs":{"__type__":"TypedArray","ctor":"Float64Array","array":[0,0,0,0,0,0,1,0.723,0.723,1]}}]