[1,["ecpdLyjvZBwrvm+cedCcQy","165c85a4a","d608qFRoFHwbXd0Dap056i","61cyPdEfRN047sDK9rO0W5","83gSvYgQtAgYATUWkl4reF","bcgH4ksYNPg7N/FW8hWITd","6eHhsROMtO4aYG/Nf7st89","dfC/hG+2hDnapm+FNHtNXv","d8OgvV/vJBMJ0nsaTmDsfl","aaWdBHVdZE4723xq+SxbtL","a2MjXRFdtLlYQ5ouAFv/+R","d9XBdwv6VGzYyWIwpMpFhs","39Mm9MU4lNDY1ho48ww7qC","5f5dyqtRNNxaFmVzYns6FZ","f02AyQx+JM0IvYAkViGvxZ","efKPgvmYZMvp2bnXjZN9l/","4djQx2O0FNC4/5ca65wdbE","64hE+6xn9MsIzmTbl4iDRu","5cO7kybDxGj4ipyMYdRYZB"],["node","_spriteFrame","_textureSetter","_parent","_N$target","root","data","_scrollView"],[["cc.Node",["_name","_groupIndex","_components","_prefab","_contentSize","_trs","_parent","_children","_anchorPoint"],1,9,4,5,7,1,2,5],["cc.Widget",["_alignFlags","_originalHeight","_originalWidth","_top","_right","alignMode","_left","_bottom","node"],-5,1],["cc.Sprite",["_sizeMode","_enabled","_type","node","_materials","_spriteFrame"],0,1,3,6],"cc.SpriteFrame",["cc.Node",["_name","_groupIndex","_objFlags","_children","_components","_prefab","_contentSize","_trs","_parent","_anchorPoint"],0,2,12,4,5,7,1,5],["cc.PrefabInfo",["fileId","root"],2,1],["cc.Prefab",["_name"],2],["cc.Node",["_name","_objFlags","_groupIndex","_parent","_components","_prefab","_contentSize","_anchorPoint","_trs"],0,1,2,4,5,5,7],["cc.BlockInputEvents",["node"],3,1],["18b74b/qLlM5pSw1HWKnaTu",["node","rankPrefab","rankSprite"],3,1,3,3],["cc.Button",["_N$transition","node","_N$target"],2,1,1],["cc.Layout",["_N$layoutType","_N$paddingTop","_N$paddingBottom","_N$spacingY","node","_layoutSize"],-1,1,5],["cc.Mask",["_N$alphaThreshold","node","_materials"],2,1,3],["cc.Scrollbar",["_enabled","_N$direction","node","_N$handle"],1,1,1],["cc.ScrollView",["horizontal","brake","bounceDuration","cancelInnerEvents","_N$horizontalScrollBar","node","_N$content","_N$verticalScrollBar"],-2,1,1,1]],[[5,0,1,2],[2,3,4,5,1],[0,0,6,2,3,4,5,2],[2,0,3,4,5,2],[1,0,2,1,8,4],[0,0,1,6,7,2,3,4,5,3],[0,0,6,2,3,4,2],[1,0,7,2,1,8,5],[1,0,8,2],[10,0,1,2,2],[6,0,2],[0,0,1,7,2,3,4,5,3],[0,0,6,7,2,3,4,2],[0,0,1,2,3,4,5,3],[0,0,1,2,3,4,8,5,3],[0,0,1,6,2,3,4,5,3],[4,0,1,3,4,5,6,7,3],[4,0,2,1,8,3,4,5,6,9,7,4],[7,0,1,2,3,4,5,6,7,8,4],[2,0,3,4,2],[2,1,2,0,3,4,5,4],[2,1,2,0,3,4,4],[1,0,4,3,8,4],[1,0,3,2,1,8,5],[1,5,0,6,1,8,5],[8,0,1],[9,0,1,2,1],[5,1,1],[11,0,1,2,3,4,5,5],[12,0,1,2,2],[13,0,1,2,3,3],[14,0,1,2,3,4,5,6,7,6]],[[[{"name":"default_scrollbar_vertical","rect":[0,0,15,30],"offset":[0,0],"originalSize":[15,30],"capInsets":[4,10,4,10]}],[3],0,[0],[2],[2]],[[{"name":"default_scrollbar_vertical_bg","rect":[0,0,15,30],"offset":[0,0],"originalSize":[15,30],"capInsets":[4,10,4,10]}],[3],0,[0],[2],[3]],[[{"name":"rankbg6","rect":[1363,756,50,50],"offset":[0,0],"originalSize":[50,50],"capInsets":[0,0,0,0]}],[3],0,[0],[2],[1]],[[[10,"node_rank"],[11,"node_rank",1,[-6,-7,-8,-9],[[19,0,-2,[26]],[4,45,60,1020,-3],[25,-4],[26,-5,[27],[28]]],[27,-1],[5,640,1136],[320,568,0,0,0,0,1,1,1,1]],[12,"bg",1,[-12,-13,-14,-15,-16,-17],[[3,0,-10,[12],13],[4,45,100,100,-11]],[0,"a3s3nbd0FNubpULOQFMPQG",1],[5,640,1136]],[13,"node_close",1,[[1,-18,[16],17],[22,33,-30,-30,-19],[9,1,-21,-20]],[0,"99M8m093RGIZGdY+ngLUpQ",1],[5,60,60],[260,385,0,0,0,0,1,1,1,1]],[16,"node_scollview",1,[-24,-25],[[-22,[23,45,100,240,250,-23]],1,4],[0,"8eMyarwGRHvalCGwrnDwvs",1],[5,520,670],[0,-50,0,0,0,0,1,1,1,1]],[17,"scrollBar",512,1,4,[-29],[[-26,[24,0,37,350.07654921020657,237,-27],[20,false,1,0,-28,[20],21]],1,4,4],[0,"24Dzi9YxFFiKWpFATPlPe8",1],[5,12,670],[0,1,0.5],[260,0,0,0,0,0,1,1,1,1]],[5,"node_bg",1,1,[3,4],[[1,-30,[22],23]],[0,"0cxCgUz65C4JAZq9U5f4vo",1],[5,520,770],[0,50,0,0,0,0,1,1,1,1]],[14,"content",1,[[28,2,20,20,15,-31,[5,520,1000]],[7,40,251,220,400,-32]],[0,"34LPq+wkBB+ZV4pgdHRI3L",1],[5,520,1000],[0,0.5,1],[0,325.5,0,0,0,0,1,1,1,1]],[5,"view",1,4,[7],[[29,0,-33,[19]],[7,45,20,240,250,-34]],[0,"d40cE72TVH8oms9SL8nMU4",1],[5,520,650],[0,10,0,0,0,0,1,1,1,1]],[15,"node_invite",1,1,[[1,-35,[24],25],[9,1,-37,-36]],[0,"ccoxOtK61A4bdOYptYdFdE",1],[5,275,96],[0,-430,0,0,0,0,1,1,1,1]],[6,"mapbg",2,[[3,0,-38,[0],1],[4,45,128,128,-39]],[0,"ce2MZb7R1DuIkx07Eb/uw1",1],[5,640,1136]],[2,"sky",2,[[1,-40,[2],3],[8,1,-41]],[0,"b4nzmBV/NDeJEb+FQz+iiY",1],[5,800,700],[0,218,0,0,0,0,1,1,1,1]],[6,"node_maskbg",1,[[8,45,-42],[3,0,-43,[14],15]],[0,"0bthIlgi9ENak3Z491HsSw",1],[5,640,1136]],[2,"cloud2",2,[[1,-44,[4],5]],[0,"a8yQfpfitL0ZcXMhysF28Z",1],[5,800,240],[0,439.585,0,0,0,0,1,1.2,1.2,1]],[2,"cloud1",2,[[1,-45,[6],7]],[0,"1cKHCmhuNJSYcKOh4thoPx",1],[5,800,240],[-51.817,451.534,0,0,0,0,1,1.2,1.2,1]],[2,"sea",2,[[1,-46,[8],9]],[0,"107gV5qVVMzao0gocOroNV",1],[5,800,300],[107.49,105.757,0,0,0,0,1,1.5,1.5,1]],[2,"island",2,[[1,-47,[10],11]],[0,"3eTyEeYrNHKq8+yuIezzeo",1],[5,800,300],[157.529,397.526,0,0,0,0,1,1.5,1.5,1]],[18,"bar",512,1,5,[-48],[0,"c6CZafvB5Jjqv6gTR2sbPe",1],[5,10,30],[0,1,0],[-1,0,0,0,0,0,1,1,1,1]],[21,false,1,0,17,[18]],[30,false,1,5,18],[31,false,0.75,0.23,false,null,4,7,19]],0,[0,5,1,0,0,1,0,0,1,0,0,1,0,0,1,0,-1,2,0,-2,12,0,-3,6,0,-4,9,0,0,2,0,0,2,0,-1,10,0,-2,11,0,-3,13,0,-4,14,0,-5,15,0,-6,16,0,0,3,0,0,3,0,4,3,0,0,3,0,-1,20,0,0,4,0,-1,5,0,-2,8,0,-1,19,0,0,5,0,0,5,0,-1,17,0,0,6,0,0,7,0,0,7,0,0,8,0,0,8,0,0,9,0,4,9,0,0,9,0,0,10,0,0,10,0,0,11,0,0,11,0,0,12,0,0,12,0,0,13,0,0,14,0,0,15,0,0,16,0,-1,18,0,6,1,3,3,6,4,3,6,7,3,8,19,7,20,48],[0,0,0,0,0,0,0,0,0,0,0,0,0,0,0,0,0,0,0,0,0,0,0,0,0,0,0,0,0,18],[-1,1,-1,1,-1,1,-1,1,-1,1,-1,1,-1,1,-1,1,-1,1,-1,-1,-1,1,-1,1,-1,1,-1,-1,-1,1],[0,4,0,5,0,6,0,7,0,8,0,9,0,10,0,11,0,12,0,0,0,13,0,14,0,15,0,16,17,18]],[[{"name":"rankbg1","rect":[2,1521,520,770],"offset":[0,0],"originalSize":[520,770],"rotated":1,"capInsets":[0,0,0,0]}],[3],0,[0],[2],[1]]]]