[
  {
    "__type__": "cc.SpriteFrame",
    "content": {
      "name": "scene_target",
      "texture": "bber9idBlF9Idt0PLrzGlc",
      "rect": [
        862,
        400,
        92,
        92
      ],
      "offset": [
        0,
        0
      ],
      "originalSize": [
        92,
        92
      ],
      "capInsets": [
        0,
        0,
        0,
        0
      ]
    }
  },
  [
    {
      "__type__": "cc.Prefab",
      "_name": "SceneUI",
      "data": {
        "__id__": 1
      }
    },
    {
      "__type__": "cc.Node",
      "_name": "SceneUI",
      "_children": [
        {
          "__id__": 2
        },
        {
          "__id__": 4
        },
        {
          "__id__": 5
        }
      ],
      "_level": 1,
      "_components": [
        {
          "__type__": "a4e73znQmVJgI7wryDdBRTh",
          "node": {
            "__id__": 1
          },
          "onBack": false,
          "touchInternal": 300
        }
      ],
      "_prefab": {
        "__type__": "cc.PrefabInfo",
        "root": {
          "__id__": 1
        },
        "asset": {
          "__uuid__": "6b41q93ydIiavXjcYuRkb3"
        },
        "fileId": "d1ow0VP8VPN4LePGPVswZO"
      },
      "_contentSize": {
        "__type__": "cc.Size",
        "width": 750,
        "height": 1334
      },
      "groupIndex": 1
    },
    {
      "__type__": "cc.Node",
      "_name": "Golden",
      "_parent": {
        "__id__": 1
      },
      "_children": [
        {
          "__id__": 3
        }
      ],
      "_active": false,
      "_level": 2,
      "_components": [
        {
          "__type__": "cc.Sprite",
          "node": {
            "__id__": 2
          },
          "_materials": [
            {
              "__uuid__": "ecpdLyjvZBwrvm+cedCcQy"
            }
          ],
          "_spriteFrame": {
            "__uuid__": "c2RnyC1ERKEoBbnLG57oP3"
          },
          "_sizeMode": 2,
          "_isTrimmedMode": false
        },
        {
          "__type__": "cc.Widget",
          "node": {
            "__id__": 2
          },
          "_alignFlags": 32
        },
        {
          "__type__": "cc.Button",
          "node": {
            "__id__": 2
          },
          "zoomScale": 0.9,
          "clickEvents": [
            {
              "__type__": "cc.ClickEvent",
              "target": {
                "__id__": 1
              },
              "_componentId": "a4e73znQmVJgI7wryDdBRTh",
              "handler": "watchVideo"
            }
          ],
          "_N$transition": 3,
          "transition": 3,
          "_N$target": {
            "__id__": 2
          }
        }
      ],
      "_prefab": {
        "__type__": "cc.PrefabInfo",
        "root": {
          "__id__": 1
        },
        "asset": {
          "__uuid__": "6b41q93ydIiavXjcYuRkb3"
        },
        "fileId": "9f8jSGG8dCuLXRx+xJBk8V"
      },
      "_contentSize": {
        "__type__": "cc.Size",
        "width": 118,
        "height": 100
      },
      "_anchorPoint": {
        "__type__": "cc.Vec2",
        "x": 1,
        "y": 0.5
      },
      "_position": {
        "__type__": "cc.Vec3",
        "x": 375,
        "y": -200
      },
      "_scale": {
        "__type__": "cc.Vec3",
        "x": 0.7,
        "y": 0.7,
        "z": 1
      },
      "groupIndex": 1
    },
    {
      "__type__": "cc.Node",
      "_name": "New Label",
      "_parent": {
        "__id__": 2
      },
      "_level": 3,
      "_components": [
        {
          "__type__": "cc.Label",
          "node": {
            "__id__": 3
          },
          "_materials": [
            {
              "__uuid__": "ecpdLyjvZBwrvm+cedCcQy"
            }
          ],
          "_useOriginalSize": false,
          "_string": "Super",
          "_N$string": "Super",
          "_fontSize": 30,
          "_lineHeight": 30,
          "_N$horizontalAlign": 1,
          "_N$verticalAlign": 1
        },
        {
          "__type__": "cc.LabelOutline",
          "node": {
            "__id__": 3
          },
          "_color": {
            "__type__": "cc.Color"
          },
          "_width": 2
        }
      ],
      "_prefab": {
        "__type__": "cc.PrefabInfo",
        "root": {
          "__id__": 1
        },
        "asset": {
          "__uuid__": "6b41q93ydIiavXjcYuRkb3"
        },
        "fileId": "e6mQLdnSRF0Kwlh/3poPzw"
      },
      "_contentSize": {
        "__type__": "cc.Size",
        "width": 84.05,
        "height": 41.8
      },
      "_position": {
        "__type__": "cc.Vec3",
        "x": -56.188,
        "y": -19.222
      }
    },
    {
      "__type__": "cc.Node",
      "_name": "RandomAd",
      "_parent": {
        "__id__": 1
      },
      "_level": 2,
      "_components": [
        {
          "__type__": "cc.Sprite",
          "node": {
            "__id__": 4
          },
          "_sizeMode": 0,
          "_isTrimmedMode": false
        },
        {
          "__type__": "cc.Widget",
          "node": {
            "__id__": 4
          },
          "_alignFlags": 8,
          "_right": 633,
          "_originalWidth": 118
        },
        {
          "__type__": "4b3d4ny+49KI61Ax+Nu9pRS",
          "node": {
            "__id__": 4
          },
          "category": 5,
          "autoRefresh": 2
        }
      ],
      "_prefab": {
        "__type__": "cc.PrefabInfo",
        "root": {
          "__id__": 1
        },
        "asset": {
          "__uuid__": "6b41q93ydIiavXjcYuRkb3"
        },
        "fileId": "4015R0+2FCuYQPYP0/w544"
      },
      "_contentSize": {
        "__type__": "cc.Size",
        "width": 120,
        "height": 160
      },
      "_position": {
        "__type__": "cc.Vec3",
        "x": -333
      },
      "_scale": {
        "__type__": "cc.Vec3",
        "x": 0.7,
        "y": 0.7,
        "z": 1
      }
    },
    {
      "__type__": "cc.Node",
      "_name": "TopLayer",
      "_parent": {
        "__id__": 1
      },
      "_children": [
        {
          "__id__": 6
        },
        {
          "__id__": 7
        },
        {
          "__id__": 8
        },
        {
          "__id__": 9
        }
      ],
      "_components": [
        {
          "__type__": "cc.Widget",
          "node": {
            "__id__": 5
          },
          "alignMode": 0,
          "_alignFlags": 9,
          "_originalWidth": 720,
          "_originalHeight": 1280
        }
      ],
      "_prefab": {
        "__type__": "cc.PrefabInfo",
        "root": {
          "__id__": 1
        },
        "asset": {
          "__uuid__": "6b41q93ydIiavXjcYuRkb3"
        },
        "fileId": "0e7zL4UrlMvZXSBjPf0Tyt"
      },
      "_contentSize": {
        "__type__": "cc.Size",
        "width": 750,
        "height": 1334
      },
      "_anchorPoint": {
        "__type__": "cc.Vec2",
        "y": 1
      },
      "_position": {
        "__type__": "cc.Vec3",
        "x": -375,
        "y": 667
      }
    },
    {
      "__type__": "cc.Node",
      "_name": "Shadow",
      "_parent": {
        "__id__": 5
      },
      "_level": 1,
      "_components": [
        {
          "__type__": "cc.Sprite",
          "node": {
            "__id__": 6
          },
          "_materials": [
            {
              "__uuid__": "ecpdLyjvZBwrvm+cedCcQy"
            }
          ],
          "_spriteFrame": {
            "__uuid__": "44DuW9fnxLxr3//FzQRc7z"
          },
          "_sizeMode": 2,
          "_isTrimmedMode": false
        }
      ],
      "_prefab": {
        "__type__": "cc.PrefabInfo",
        "root": {
          "__id__": 1
        },
        "asset": {
          "__uuid__": "6b41q93ydIiavXjcYuRkb3"
        },
        "fileId": "a6eyIdnXdIFJnGGWvExlpV"
      },
      "_color": {
        "__type__": "cc.Color"
      },
      "_contentSize": {
        "__type__": "cc.Size",
        "width": 92,
        "height": 92
      },
      "_position": {
        "__type__": "cc.Vec3",
        "x": 60,
        "y": -60
      },
      "_scale": {
        "__type__": "cc.Vec3",
        "x": 0.95,
        "y": 0.95,
        "z": 1
      }
    },
    {
      "__type__": "cc.Node",
      "_name": "Shadow",
      "_parent": {
        "__id__": 5
      },
      "_level": 1,
      "_components": [
        {
          "__type__": "cc.Sprite",
          "node": {
            "__id__": 7
          },
          "_materials": [
            {
              "__uuid__": "ecpdLyjvZBwrvm+cedCcQy"
            }
          ],
          "_spriteFrame": {
            "__uuid__": "44DuW9fnxLxr3//FzQRc7z"
          },
          "_sizeMode": 2,
          "_isTrimmedMode": false
        }
      ],
      "_prefab": {
        "__type__": "cc.PrefabInfo",
        "root": {
          "__id__": 1
        },
        "asset": {
          "__uuid__": "6b41q93ydIiavXjcYuRkb3"
        },
        "fileId": "caujMjvQZC0Z27vXZrdWQS"
      },
      "_color": {
        "__type__": "cc.Color"
      },
      "_contentSize": {
        "__type__": "cc.Size",
        "width": 92,
        "height": 92
      },
      "_position": {
        "__type__": "cc.Vec3",
        "x": 60,
        "y": -60
      },
      "_scale": {
        "__type__": "cc.Vec3",
        "x": 1.05,
        "y": 1.05,
        "z": 1
      }
    },
    {
      "__type__": "cc.Node",
      "_name": "Icon",
      "_parent": {
        "__id__": 5
      },
      "_level": 1,
      "_components": [
        {
          "__type__": "cc.Sprite",
          "node": {
            "__id__": 8
          },
          "_materials": [
            {
              "__uuid__": "ecpdLyjvZBwrvm+cedCcQy"
            }
          ],
          "_spriteFrame": {
            "__uuid__": "44DuW9fnxLxr3//FzQRc7z"
          },
          "_sizeMode": 2,
          "_isTrimmedMode": false
        }
      ],
      "_prefab": {
        "__type__": "cc.PrefabInfo",
        "root": {
          "__id__": 1
        },
        "asset": {
          "__uuid__": "6b41q93ydIiavXjcYuRkb3"
        },
        "fileId": "7e2zvGNJRME4fF2+XAsC2G"
      },
      "_contentSize": {
        "__type__": "cc.Size",
        "width": 92,
        "height": 92
      },
      "_position": {
        "__type__": "cc.Vec3",
        "x": 60,
        "y": -60
      },
      "groupIndex": 1
    },
    {
      "__type__": "cc.Node",
      "_name": "Num",
      "_parent": {
        "__id__": 5
      },
      "_components": [
        {
          "__type__": "cc.Label",
          "node": {
            "__id__": 9
          },
          "_materials": [
            {
              "__uuid__": "ecpdLyjvZBwrvm+cedCcQy"
            }
          ],
          "_string": "0:3",
          "_N$string": "0:3",
          "_fontSize": 36,
          "_lineHeight": 60,
          "_enableWrapText": false,
          "_N$horizontalAlign": 1,
          "_N$verticalAlign": 1,
          "_N$overflow": 2
        }
      ],
      "_prefab": {
        "__type__": "cc.PrefabInfo",
        "root": {
          "__id__": 1
        },
        "asset": {
          "__uuid__": "6b41q93ydIiavXjcYuRkb3"
        },
        "fileId": "92i5+X43lBh7gAi7Uy4irE"
      },
      "_contentSize": {
        "__type__": "cc.Size",
        "width": 111.21,
        "height": 100
      },
      "_position": {
        "__type__": "cc.Vec3",
        "x": 153,
        "y": -60
      }
    }
  ],
  {
    "__type__": "cc.SpriteFrame",
    "content": {
      "name": "scene_golden4682",
      "texture": "1b2Jm8OsFA4rKZwFButAYO",
      "rect": [
        0,
        0,
        118,
        100
      ],
      "offset": [
        0,
        0
      ],
      "originalSize": [
        118,
        100
      ],
      "capInsets": [
        0,
        0,
        0,
        0
      ]
    }
  }
]