[
  {
    "__type__": "cc.SpriteFrame",
    "content": {
      "name": "button21220",
      "texture": "99griAddFD9Yxz218V62NX",
      "rect": [
        0,
        0,
        336,
        112
      ],
      "offset": [
        0,
        0
      ],
      "originalSize": [
        336,
        112
      ],
      "capInsets": [
        20,
        20,
        20,
        20
      ]
    }
  },
  {
    "__type__": "cc.SpriteFrame",
    "content": {
      "name": "stone1",
      "texture": "bber9idBlF9Idt0PLrzGlc",
      "rect": [
        210,
        1387,
        49,
        57
      ],
      "offset": [
        0,
        0
      ],
      "originalSize": [
        49,
        57
      ],
      "rotated": 1,
      "capInsets": [
        0,
        0,
        0,
        0
      ]
    }
  },
  {
    "__type__": "cc.SpriteFrame",
    "content": {
      "name": "empty1356",
      "texture": "88tn/jEb1IUJjk+yo6qwK0",
      "rect": [
        0,
        0,
        2,
        2
      ],
      "offset": [
        0,
        0
      ],
      "originalSize": [
        2,
        2
      ],
      "capInsets": [
        0,
        0,
        0,
        0
      ]
    }
  },
  {
    "__type__": "cc.SpriteFrame",
    "content": {
      "name": "aslogo",
      "texture": "7c8si8SfNAbrTBZfqveR4C",
      "rect": [
        3,
        0,
        487,
        100
      ],
      "offset": [
        1.5,
        0
      ],
      "originalSize": [
        490,
        100
      ],
      "capInsets": [
        0,
        0,
        0,
        0
      ]
    }
  },
  {
    "__type__": "cc.SpriteFrame",
    "content": {
      "name": "gold_bg9253",
      "texture": "8d6jKdFOdKGKdQX7zrPBtA",
      "rect": [
        0,
        0,
        171,
        48
      ],
      "offset": [
        0,
        0
      ],
      "originalSize": [
        171,
        48
      ],
      "capInsets": [
        0,
        0,
        0,
        0
      ]
    }
  },
  {
    "__type__": "cc.SpriteFrame",
    "content": {
      "name": "button33866",
      "texture": "f1oiVrqVpALLxOCN0bQgyR",
      "rect": [
        0,
        0,
        336,
        112
      ],
      "offset": [
        0,
        0
      ],
      "originalSize": [
        336,
        112
      ],
      "capInsets": [
        20,
        20,
        20,
        20
      ]
    }
  },
  {
    "__type__": "cc.SpriteFrame",
    "content": {
      "name": "main_daily_gold6385",
      "texture": "6akrT6fx5CEqgTGtJXosS4",
      "rect": [
        0,
        0,
        110,
        146
      ],
      "offset": [
        0,
        0
      ],
      "originalSize": [
        110,
        146
      ],
      "capInsets": [
        0,
        0,
        0,
        0
      ]
    }
  },
  {
    "__type__": "cc.SpriteFrame",
    "content": {
      "name": "main_setting",
      "texture": "bber9idBlF9Idt0PLrzGlc",
      "rect": [
        130,
        1993,
        48,
        48
      ],
      "offset": [
        0,
        0
      ],
      "originalSize": [
        48,
        48
      ],
      "capInsets": [
        0,
        0,
        0,
        0
      ]
    }
  },
  {
    "__type__": "cc.SpriteFrame",
    "content": {
      "name": "main_bar15686",
      "texture": "5be41h5rtEQKmkT1koCBu0",
      "rect": [
        0,
        0,
        65,
        34
      ],
      "offset": [
        0,
        0
      ],
      "originalSize": [
        65,
        34
      ],
      "capInsets": [
        20,
        0,
        20,
        0
      ]
    }
  },
  {
    "__type__": "cc.SpriteFrame",
    "content": {
      "name": "default_sprite_splash",
      "texture": "02delMVqdBD70a/HSD99FK",
      "rect": [
        0,
        0,
        2,
        2
      ],
      "offset": [
        0,
        0
      ],
      "originalSize": [
        2,
        2
      ],
      "capInsets": [
        0,
        0,
        0,
        0
      ]
    }
  },
  {
    "__type__": "cc.SpriteFrame",
    "content": {
      "name": "assassinLeg111",
      "texture": "bber9idBlF9Idt0PLrzGlc",
      "rect": [
        48,
        1931,
        108,
        44
      ],
      "offset": [
        0,
        0
      ],
      "originalSize": [
        110,
        46
      ],
      "rotated": 1,
      "capInsets": [
        0,
        0,
        0,
        0
      ]
    }
  },
  {
    "__type__": "cc.SpriteFrame",
    "content": {
      "name": "button11239",
      "texture": "edyC3E/NRNl7ELWBM92Uv2",
      "rect": [
        0,
        0,
        336,
        112
      ],
      "offset": [
        0,
        0
      ],
      "originalSize": [
        336,
        112
      ],
      "capInsets": [
        20,
        20,
        20,
        20
      ]
    }
  },
  [
    {
      "__type__": "cc.Prefab",
      "_name": "MainUI",
      "data": {
        "__id__": 1
      }
    },
    {
      "__type__": "cc.Node",
      "_name": "MainUI",
      "_children": [
        {
          "__id__": 2
        },
        {
          "__id__": 3
        },
        {
          "__id__": 4
        },
        {
          "__id__": 5
        },
        {
          "__id__": 6
        },
        {
          "__id__": 7
        },
        {
          "__id__": 8
        },
        {
          "__id__": 9
        },
        {
          "__id__": 13
        },
        {
          "__id__": 20
        },
        {
          "__id__": 72
        },
        {
          "__id__": 75
        }
      ],
      "_level": 1,
      "_components": [
        {
          "__type__": "cc.BlockInputEvents",
          "node": {
            "__id__": 1
          }
        },
        {
          "__type__": "cf99eM+VCtL1J2uGXDgX58V",
          "node": {
            "__id__": 1
          },
          "onBack": false
        }
      ],
      "_prefab": {
        "__type__": "cc.PrefabInfo",
        "root": {
          "__id__": 1
        },
        "asset": {
          "__uuid__": "c50jRSb3dMq7Wgg1IqMUE4"
        },
        "fileId": "f64e+pL19J3YDFaaag9p5Z"
      },
      "_contentSize": {
        "__type__": "cc.Size",
        "width": 750,
        "height": 1334
      },
      "groupIndex": 1
    },
    {
      "__type__": "cc.Node",
      "_name": "New Sprite(Splash)",
      "_parent": {
        "__id__": 1
      },
      "_level": 2,
      "_components": [
        {
          "__type__": "cc.Sprite",
          "node": {
            "__id__": 2
          },
          "_materials": [
            {
              "__uuid__": "ecpdLyjvZBwrvm+cedCcQy"
            }
          ],
          "_spriteFrame": {
            "__uuid__": "a2MjXRFdtLlYQ5ouAFv/+R"
          },
          "_sizeMode": 0
        }
      ],
      "_prefab": {
        "__type__": "cc.PrefabInfo",
        "root": {
          "__id__": 1
        },
        "asset": {
          "__uuid__": "c50jRSb3dMq7Wgg1IqMUE4"
        },
        "fileId": "ecu96QlTpOC4sAW2qR6y7r"
      },
      "_contentSize": {
        "__type__": "cc.Size",
        "width": 3000,
        "height": 1000
      },
      "_position": {
        "__type__": "cc.Vec3",
        "y": 343.28
      }
    },
    {
      "__type__": "cc.Node",
      "_name": "New Sprite(Splash)",
      "_parent": {
        "__id__": 1
      },
      "_level": 2,
      "_components": [
        {
          "__type__": "cc.Sprite",
          "node": {
            "__id__": 3
          },
          "_materials": [
            {
              "__uuid__": "ecpdLyjvZBwrvm+cedCcQy"
            }
          ],
          "_spriteFrame": {
            "__uuid__": "a2MjXRFdtLlYQ5ouAFv/+R"
          },
          "_sizeMode": 0
        }
      ],
      "_prefab": {
        "__type__": "cc.PrefabInfo",
        "root": {
          "__id__": 1
        },
        "asset": {
          "__uuid__": "c50jRSb3dMq7Wgg1IqMUE4"
        },
        "fileId": "bb5E8dKoZLj49HJFqj0Fmw"
      },
      "_color": {
        "__type__": "cc.Color"
      },
      "_contentSize": {
        "__type__": "cc.Size",
        "width": 3000,
        "height": 1000
      },
      "_position": {
        "__type__": "cc.Vec3",
        "y": -662.292
      }
    },
    {
      "__type__": "cc.Node",
      "_name": "wallhaven-qdqvxl",
      "_parent": {
        "__id__": 1
      },
      "_level": 2,
      "_components": [
        {
          "__type__": "cc.Sprite",
          "node": {
            "__id__": 4
          },
          "_materials": [
            {
              "__uuid__": "ecpdLyjvZBwrvm+cedCcQy"
            }
          ],
          "_spriteFrame": {
            "__uuid__": "f9bkYXhexHdZ2JMZDD3wpe"
          },
          "_type": 1,
          "_sizeMode": 0
        }
      ],
      "_prefab": {
        "__type__": "cc.PrefabInfo",
        "root": {
          "__id__": 1
        },
        "asset": {
          "__uuid__": "c50jRSb3dMq7Wgg1IqMUE4"
        },
        "fileId": "734r7xw+lCZJUs8bSuk3nR"
      },
      "_contentSize": {
        "__type__": "cc.Size",
        "width": 1600,
        "height": 1200
      },
      "_position": {
        "__type__": "cc.Vec3",
        "x": -280.886,
        "y": -0.49
      }
    },
    {
      "__type__": "cc.Node",
      "_name": "wallhaven-qdqvxl",
      "_parent": {
        "__id__": 1
      },
      "_level": 2,
      "_components": [
        {
          "__type__": "cc.Sprite",
          "node": {
            "__id__": 5
          },
          "_materials": [
            {
              "__uuid__": "ecpdLyjvZBwrvm+cedCcQy"
            }
          ],
          "_spriteFrame": {
            "__uuid__": "f9bkYXhexHdZ2JMZDD3wpe"
          },
          "_type": 1,
          "_sizeMode": 0
        }
      ],
      "_prefab": {
        "__type__": "cc.PrefabInfo",
        "root": {
          "__id__": 1
        },
        "asset": {
          "__uuid__": "c50jRSb3dMq7Wgg1IqMUE4"
        },
        "fileId": "71YzwOcvFFfq6tB9q/MD6Y"
      },
      "_contentSize": {
        "__type__": "cc.Size",
        "width": 1600,
        "height": 1200
      },
      "_position": {
        "__type__": "cc.Vec3",
        "x": 217.055,
        "y": -2.878
      }
    },
    {
      "__type__": "cc.Node",
      "_name": "wallhaven-qdqvxl",
      "_parent": {
        "__id__": 1
      },
      "_level": 2,
      "_components": [
        {
          "__type__": "cc.Sprite",
          "node": {
            "__id__": 6
          },
          "_materials": [
            {
              "__uuid__": "ecpdLyjvZBwrvm+cedCcQy"
            }
          ],
          "_spriteFrame": {
            "__uuid__": "f9bkYXhexHdZ2JMZDD3wpe"
          },
          "_type": 1,
          "_sizeMode": 0
        }
      ],
      "_prefab": {
        "__type__": "cc.PrefabInfo",
        "root": {
          "__id__": 1
        },
        "asset": {
          "__uuid__": "c50jRSb3dMq7Wgg1IqMUE4"
        },
        "fileId": "72KJdWLZ1LxpD0v7Sm8xpE"
      },
      "_contentSize": {
        "__type__": "cc.Size",
        "width": 1600,
        "height": 1200
      },
      "_position": {
        "__type__": "cc.Vec3",
        "x": -14.694
      }
    },
    {
      "__type__": "cc.Node",
      "_name": "Back",
      "_parent": {
        "__id__": 1
      },
      "_level": 2,
      "_components": [
        {
          "__type__": "cc.Sprite",
          "node": {
            "__id__": 7
          },
          "_materials": [
            {
              "__uuid__": "ecpdLyjvZBwrvm+cedCcQy"
            }
          ],
          "_spriteFrame": {
            "__uuid__": "20MsNZ+lVL5IUu6DD9FWlF"
          },
          "_sizeMode": 0,
          "_isTrimmedMode": false
        },
        {
          "__type__": "cc.Widget",
          "node": {
            "__id__": 7
          },
          "_alignFlags": 45,
          "_originalWidth": 750,
          "_originalHeight": 1334
        }
      ],
      "_prefab": {
        "__type__": "cc.PrefabInfo",
        "root": {
          "__id__": 1
        },
        "asset": {
          "__uuid__": "c50jRSb3dMq7Wgg1IqMUE4"
        },
        "fileId": "77bUbayTZEtoRQJO0LJZpz"
      },
      "_opacity": 128,
      "_color": {
        "__type__": "cc.Color"
      },
      "_contentSize": {
        "__type__": "cc.Size",
        "width": 750,
        "height": 1334
      },
      "groupIndex": 1
    },
    {
      "__type__": "cc.Node",
      "_name": "Logo",
      "_parent": {
        "__id__": 1
      },
      "_level": 2,
      "_components": [
        {
          "__type__": "cc.Sprite",
          "node": {
            "__id__": 8
          },
          "_materials": [
            {
              "__uuid__": "ecpdLyjvZBwrvm+cedCcQy"
            }
          ],
          "_spriteFrame": {
            "__uuid__": "2a91nmGvhN647ww+2IbAgf"
          },
          "_sizeMode": 0,
          "_isTrimmedMode": false
        }
      ],
      "_prefab": {
        "__type__": "cc.PrefabInfo",
        "root": {
          "__id__": 1
        },
        "asset": {
          "__uuid__": "c50jRSb3dMq7Wgg1IqMUE4"
        },
        "fileId": "bbogHfp8JFJLsuzUpj1zyv"
      },
      "_contentSize": {
        "__type__": "cc.Size",
        "width": 490,
        "height": 100
      },
      "_position": {
        "__type__": "cc.Vec3",
        "y": 416.634
      },
      "_scale": {
        "__type__": "cc.Vec3",
        "x": 1.2,
        "y": 1.2,
        "z": 1
      },
      "groupIndex": 1
    },
    {
      "__type__": "cc.Node",
      "_name": "RightButtons",
      "_parent": {
        "__id__": 1
      },
      "_children": [
        {
          "__id__": 10
        },
        {
          "__id__": 11
        },
        {
          "__id__": 12
        }
      ],
      "_active": false,
      "_level": 2,
      "_components": [
        {
          "__type__": "cc.Widget",
          "node": {
            "__id__": 9
          },
          "_alignFlags": 32,
          "_originalWidth": 720
        }
      ],
      "_prefab": {
        "__type__": "cc.PrefabInfo",
        "root": {
          "__id__": 1
        },
        "asset": {
          "__uuid__": "c50jRSb3dMq7Wgg1IqMUE4"
        },
        "fileId": "97HxqA0rBJ8Y56nbdZvRoI"
      },
      "_contentSize": {
        "__type__": "cc.Size",
        "width": 750,
        "height": 1334
      },
      "_anchorPoint": {
        "__type__": "cc.Vec2",
        "x": 1,
        "y": 1
      },
      "_position": {
        "__type__": "cc.Vec3",
        "x": 375,
        "y": 667
      },
      "groupIndex": 1
    },
    {
      "__type__": "cc.Node",
      "_name": "LadderIcon",
      "_parent": {
        "__id__": 9
      },
      "_active": false,
      "_level": 2,
      "_components": [
        {
          "__type__": "cc.Button",
          "node": {
            "__id__": 10
          },
          "zoomScale": 0.9,
          "clickEvents": [
            {
              "__type__": "cc.ClickEvent",
              "target": {
                "__id__": 1
              },
              "_componentId": "cf99eM+VCtL1J2uGXDgX58V",
              "handler": "openRank"
            }
          ],
          "_N$transition": 3,
          "transition": 3,
          "_N$target": {
            "__id__": 10
          }
        }
      ],
      "_prefab": {
        "__type__": "cc.PrefabInfo",
        "root": {
          "__id__": 1
        },
        "asset": {
          "__uuid__": "c50jRSb3dMq7Wgg1IqMUE4"
        },
        "fileId": "19vdcztB1KX5+zTQksPW1B"
      },
      "_contentSize": {
        "__type__": "cc.Size",
        "width": 120,
        "height": 120
      },
      "_position": {
        "__type__": "cc.Vec3",
        "x": -70,
        "y": -517
      },
      "groupIndex": 1
    },
    {
      "__type__": "cc.Node",
      "_name": "FriendIcon",
      "_parent": {
        "__id__": 9
      },
      "_active": false,
      "_level": 2,
      "_components": [
        {
          "__type__": "cc.Button",
          "node": {
            "__id__": 11
          },
          "zoomScale": 0.9,
          "clickEvents": [
            {
              "__type__": "cc.ClickEvent",
              "target": {
                "__id__": 1
              },
              "_componentId": "cf99eM+VCtL1J2uGXDgX58V",
              "handler": "share"
            }
          ],
          "_N$transition": 3,
          "transition": 3,
          "_N$target": {
            "__id__": 11
          }
        }
      ],
      "_prefab": {
        "__type__": "cc.PrefabInfo",
        "root": {
          "__id__": 1
        },
        "asset": {
          "__uuid__": "c50jRSb3dMq7Wgg1IqMUE4"
        },
        "fileId": "eat3CvoeJDhZAw2TC712WE"
      },
      "_contentSize": {
        "__type__": "cc.Size",
        "width": 120,
        "height": 120
      },
      "_position": {
        "__type__": "cc.Vec3",
        "x": -70,
        "y": -662
      },
      "groupIndex": 1
    },
    {
      "__type__": "cc.Node",
      "_name": "DailyIcon",
      "_parent": {
        "__id__": 9
      },
      "_level": 2,
      "_components": [
        {
          "__type__": "cc.Sprite",
          "node": {
            "__id__": 12
          },
          "_materials": [
            {
              "__uuid__": "ecpdLyjvZBwrvm+cedCcQy"
            }
          ],
          "_spriteFrame": {
            "__uuid__": "64dhM/zw5MFaMoeAA7upnd"
          },
          "_sizeMode": 2,
          "_isTrimmedMode": false
        },
        {
          "__type__": "cc.Button",
          "node": {
            "__id__": 12
          },
          "zoomScale": 0.9,
          "clickEvents": [
            {
              "__type__": "cc.ClickEvent",
              "target": {
                "__id__": 1
              },
              "_componentId": "cf99eM+VCtL1J2uGXDgX58V",
              "handler": "signIn"
            }
          ],
          "_N$transition": 3,
          "transition": 3,
          "_N$target": {
            "__id__": 12
          }
        }
      ],
      "_prefab": {
        "__type__": "cc.PrefabInfo",
        "root": {
          "__id__": 1
        },
        "asset": {
          "__uuid__": "c50jRSb3dMq7Wgg1IqMUE4"
        },
        "fileId": "224TEZbCpMXqeOqjNw/7Aa"
      },
      "_contentSize": {
        "__type__": "cc.Size",
        "width": 110,
        "height": 146
      },
      "_position": {
        "__type__": "cc.Vec3",
        "x": -76.7,
        "y": -397.093
      },
      "groupIndex": 1
    },
    {
      "__type__": "cc.Node",
      "_name": "TopLayer",
      "_parent": {
        "__id__": 1
      },
      "_children": [
        {
          "__id__": 14
        },
        {
          "__id__": 18
        }
      ],
      "_level": 2,
      "_components": [
        {
          "__type__": "cc.Widget",
          "node": {
            "__id__": 13
          },
          "_alignFlags": 45,
          "_originalWidth": 750,
          "_originalHeight": 1334
        }
      ],
      "_prefab": {
        "__type__": "cc.PrefabInfo",
        "root": {
          "__id__": 1
        },
        "asset": {
          "__uuid__": "c50jRSb3dMq7Wgg1IqMUE4"
        },
        "fileId": "d0bG16ct5D1ZR/egt7gN6h"
      },
      "_contentSize": {
        "__type__": "cc.Size",
        "width": 750,
        "height": 1334
      },
      "_anchorPoint": {
        "__type__": "cc.Vec2",
        "y": 1
      },
      "_position": {
        "__type__": "cc.Vec3",
        "x": -375,
        "y": 667
      }
    },
    {
      "__type__": "cc.Node",
      "_name": "LeftButtons",
      "_parent": {
        "__id__": 13
      },
      "_children": [
        {
          "__id__": 15
        },
        {
          "__id__": 16
        },
        {
          "__id__": 17
        }
      ],
      "_level": 3,
      "_components": [
        {
          "__type__": "cc.Widget",
          "node": {
            "__id__": 14
          },
          "_alignFlags": 8
        }
      ],
      "_prefab": {
        "__type__": "cc.PrefabInfo",
        "root": {
          "__id__": 1
        },
        "asset": {
          "__uuid__": "c50jRSb3dMq7Wgg1IqMUE4"
        },
        "fileId": "a8Uzeg2W1NI5OyXqypCGPB"
      },
      "_contentSize": {
        "__type__": "cc.Size",
        "width": 750,
        "height": 1334
      },
      "_anchorPoint": {
        "__type__": "cc.Vec2",
        "y": 1
      },
      "groupIndex": 1
    },
    {
      "__type__": "cc.Node",
      "_name": "GoldBg",
      "_parent": {
        "__id__": 14
      },
      "_level": 3,
      "_components": [
        {
          "__type__": "cc.Sprite",
          "node": {
            "__id__": 15
          },
          "_materials": [
            {
              "__uuid__": "ecpdLyjvZBwrvm+cedCcQy"
            }
          ],
          "_spriteFrame": {
            "__uuid__": "3brYHGOfFCxJQcNH0xOv8t"
          },
          "_sizeMode": 2,
          "_isTrimmedMode": false
        }
      ],
      "_prefab": {
        "__type__": "cc.PrefabInfo",
        "root": {
          "__id__": 1
        },
        "asset": {
          "__uuid__": "c50jRSb3dMq7Wgg1IqMUE4"
        },
        "fileId": "d7xqfBWihNp6tlUCQCi21W"
      },
      "_contentSize": {
        "__type__": "cc.Size",
        "width": 171,
        "height": 48
      },
      "_position": {
        "__type__": "cc.Vec3",
        "x": 123,
        "y": -65
      },
      "groupIndex": 1
    },
    {
      "__type__": "cc.Node",
      "_name": "Setting",
      "_parent": {
        "__id__": 14
      },
      "_level": 2,
      "_components": [
        {
          "__type__": "cc.Sprite",
          "node": {
            "__id__": 16
          },
          "_materials": [
            {
              "__uuid__": "ecpdLyjvZBwrvm+cedCcQy"
            }
          ],
          "_spriteFrame": {
            "__uuid__": "80uQxqmcxN9I94bK19eMmB"
          },
          "_sizeMode": 0,
          "_isTrimmedMode": false
        },
        {
          "__type__": "cc.Button",
          "node": {
            "__id__": 16
          },
          "zoomScale": 0.9,
          "clickEvents": [
            {
              "__type__": "cc.ClickEvent",
              "target": {
                "__id__": 1
              },
              "_componentId": "cf99eM+VCtL1J2uGXDgX58V",
              "handler": "openSysSet"
            }
          ],
          "_N$transition": 3,
          "transition": 3,
          "_N$pressedColor": {
            "__type__": "cc.Color",
            "r": 255,
            "g": 255,
            "b": 255
          },
          "pressedColor": {
            "__type__": "cc.Color",
            "r": 255,
            "g": 255,
            "b": 255
          },
          "_N$disabledColor": {
            "__type__": "cc.Color",
            "r": 255,
            "g": 255,
            "b": 255
          },
          "_N$target": {
            "__id__": 16
          }
        }
      ],
      "_prefab": {
        "__type__": "cc.PrefabInfo",
        "root": {
          "__id__": 1
        },
        "asset": {
          "__uuid__": "c50jRSb3dMq7Wgg1IqMUE4"
        },
        "fileId": "daVXRyHcpNW7IW8C/EKJ3E"
      },
      "_contentSize": {
        "__type__": "cc.Size",
        "width": 64,
        "height": 64
      },
      "_position": {
        "__type__": "cc.Vec3",
        "x": 47,
        "y": -136
      },
      "groupIndex": 1
    },
    {
      "__type__": "cc.Node",
      "_name": "Gold",
      "_parent": {
        "__id__": 14
      },
      "_level": 2,
      "_components": [
        {
          "__type__": "cc.Sprite",
          "node": {
            "__id__": 17
          },
          "_materials": [
            {
              "__uuid__": "ecpdLyjvZBwrvm+cedCcQy"
            }
          ],
          "_spriteFrame": {
            "__uuid__": "05be20M4lGtLdrqpGeD0Lb"
          },
          "_sizeMode": 2,
          "_isTrimmedMode": false
        }
      ],
      "_prefab": {
        "__type__": "cc.PrefabInfo",
        "root": {
          "__id__": 1
        },
        "asset": {
          "__uuid__": "c50jRSb3dMq7Wgg1IqMUE4"
        },
        "fileId": "1a+Ezw+e1JoaMuIKa0jvnL"
      },
      "_contentSize": {
        "__type__": "cc.Size",
        "width": 49,
        "height": 57
      },
      "_position": {
        "__type__": "cc.Vec3",
        "x": 48,
        "y": -65
      },
      "groupIndex": 1
    },
    {
      "__type__": "cc.Node",
      "_name": "LeftLabels",
      "_parent": {
        "__id__": 13
      },
      "_children": [
        {
          "__id__": 19
        }
      ],
      "_level": 3,
      "_components": [
        {
          "__type__": "cc.Widget",
          "node": {
            "__id__": 18
          },
          "_alignFlags": 8
        }
      ],
      "_prefab": {
        "__type__": "cc.PrefabInfo",
        "root": {
          "__id__": 1
        },
        "asset": {
          "__uuid__": "c50jRSb3dMq7Wgg1IqMUE4"
        },
        "fileId": "1bsfuRv9BNQpRUAYSzhYdG"
      },
      "_contentSize": {
        "__type__": "cc.Size",
        "width": 750,
        "height": 1334
      },
      "_anchorPoint": {
        "__type__": "cc.Vec2",
        "y": 1
      },
      "groupIndex": 1
    },
    {
      "__type__": "cc.Node",
      "_name": "GoldLabel",
      "_parent": {
        "__id__": 18
      },
      "_level": 2,
      "_components": [
        {
          "__type__": "cc.Label",
          "node": {
            "__id__": 19
          },
          "_materials": [
            {
              "__uuid__": "ecpdLyjvZBwrvm+cedCcQy"
            }
          ],
          "_string": "200",
          "_N$string": "200",
          "_fontSize": 30,
          "_lineHeight": 47.52,
          "_enableWrapText": false,
          "_N$horizontalAlign": 1,
          "_N$verticalAlign": 1,
          "_N$overflow": 2
        }
      ],
      "_prefab": {
        "__type__": "cc.PrefabInfo",
        "root": {
          "__id__": 1
        },
        "asset": {
          "__uuid__": "c50jRSb3dMq7Wgg1IqMUE4"
        },
        "fileId": "8dSw4m99dAZYDt395NkVBp"
      },
      "_contentSize": {
        "__type__": "cc.Size",
        "width": 160,
        "height": 60
      },
      "_position": {
        "__type__": "cc.Vec3",
        "x": 137.8,
        "y": -64.5
      },
      "_scale": {
        "__type__": "cc.Vec3",
        "x": 0.7,
        "y": 0.7,
        "z": 1
      },
      "groupIndex": 1
    },
    {
      "__type__": "cc.Node",
      "_name": "Menu",
      "_parent": {
        "__id__": 1
      },
      "_children": [
        {
          "__id__": 21
        },
        {
          "__id__": 22
        },
        {
          "__id__": 23
        },
        {
          "__id__": 53
        }
      ],
      "_level": 2,
      "_components": [
        {
          "__type__": "cc.Sprite",
          "node": {
            "__id__": 20
          },
          "_enabled": false,
          "_materials": [
            {
              "__uuid__": "ecpdLyjvZBwrvm+cedCcQy"
            }
          ],
          "_spriteFrame": {
            "__uuid__": "f7E2X/7t1Gx5vMUIYeICpk"
          },
          "_type": 1,
          "_sizeMode": 0,
          "_isTrimmedMode": false
        },
        {
          "__type__": "cc.Widget",
          "node": {
            "__id__": 20
          },
          "_alignFlags": 16
        }
      ],
      "_prefab": {
        "__type__": "cc.PrefabInfo",
        "root": {
          "__id__": 1
        },
        "asset": {
          "__uuid__": "c50jRSb3dMq7Wgg1IqMUE4"
        },
        "fileId": "9dyMWz+NpM2oN8I5Klx/2M"
      },
      "_contentSize": {
        "__type__": "cc.Size",
        "width": 750,
        "height": 300
      },
      "_anchorPoint": {
        "__type__": "cc.Vec2",
        "y": 0.5
      },
      "_position": {
        "__type__": "cc.Vec3",
        "x": -375,
        "y": -384.353
      },
      "groupIndex": 1
    },
    {
      "__type__": "cc.Node",
      "_name": "main_list_bg4306",
      "_parent": {
        "__id__": 20
      },
      "_active": false,
      "_level": 3,
      "_components": [
        {
          "__type__": "cc.Sprite",
          "node": {
            "__id__": 21
          },
          "_materials": [
            {
              "__uuid__": "ecpdLyjvZBwrvm+cedCcQy"
            }
          ],
          "_spriteFrame": {
            "__uuid__": "f7E2X/7t1Gx5vMUIYeICpk"
          },
          "_type": 1,
          "_sizeMode": 0
        }
      ],
      "_prefab": {
        "__type__": "cc.PrefabInfo",
        "root": {
          "__id__": 1
        },
        "asset": {
          "__uuid__": "c50jRSb3dMq7Wgg1IqMUE4"
        },
        "fileId": "11RzvYMixCLI1sXJz8bb+G"
      },
      "_contentSize": {
        "__type__": "cc.Size",
        "width": 1000,
        "height": 306
      },
      "_position": {
        "__type__": "cc.Vec3",
        "x": 403.347,
        "y": -36.616
      }
    },
    {
      "__type__": "cc.Node",
      "_name": "Retract",
      "_parent": {
        "__id__": 20
      },
      "_level": 3,
      "_components": [
        {
          "__type__": "cc.Sprite",
          "node": {
            "__id__": 22
          },
          "_materials": [
            {
              "__uuid__": "ecpdLyjvZBwrvm+cedCcQy"
            }
          ],
          "_spriteFrame": {
            "__uuid__": "f79PgXeWVP75AAHBY9roDx"
          },
          "_sizeMode": 2,
          "_isTrimmedMode": false
        },
        {
          "__type__": "cc.Button",
          "node": {
            "__id__": 22
          },
          "zoomScale": 0.9,
          "clickEvents": [
            {
              "__type__": "cc.ClickEvent",
              "target": {
                "__id__": 1
              },
              "_componentId": "cf99eM+VCtL1J2uGXDgX58V",
              "handler": "retract"
            }
          ],
          "_N$transition": 3,
          "transition": 3,
          "_N$pressedColor": {
            "__type__": "cc.Color",
            "r": 255,
            "g": 255,
            "b": 255
          },
          "pressedColor": {
            "__type__": "cc.Color",
            "r": 255,
            "g": 255,
            "b": 255
          },
          "_N$disabledColor": {
            "__type__": "cc.Color",
            "r": 255,
            "g": 255,
            "b": 255
          },
          "_N$normalSprite": {
            "__uuid__": "f0BIwQ8D5Ml7nTNQbh1YlS"
          },
          "_N$target": {
            "__id__": 22
          }
        }
      ],
      "_prefab": {
        "__type__": "cc.PrefabInfo",
        "root": {
          "__id__": 1
        },
        "asset": {
          "__uuid__": "c50jRSb3dMq7Wgg1IqMUE4"
        },
        "fileId": "5ccVhI/cRO74qSY6gzPXrI"
      },
      "_contentSize": {
        "__type__": "cc.Size",
        "width": 34,
        "height": 44
      },
      "_position": {
        "__type__": "cc.Vec3",
        "x": 424,
        "y": 3
      },
      "_scale": {
        "__type__": "cc.Vec3",
        "x": -1,
        "y": 1,
        "z": 1
      },
      "groupIndex": 1
    },
    {
      "__type__": "cc.Node",
      "_name": "Sprites",
      "_parent": {
        "__id__": 20
      },
      "_children": [
        {
          "__id__": 24
        },
        {
          "__id__": 35
        },
        {
          "__id__": 41
        },
        {
          "__id__": 47
        }
      ],
      "_level": 3,
      "_components": [
        {
          "__type__": "cc.Layout",
          "node": {
            "__id__": 23
          },
          "_enabled": false,
          "_layoutSize": {
            "__type__": "cc.Size",
            "width": 750,
            "height": 240
          },
          "_resize": 1,
          "_N$layoutType": 3,
          "_N$paddingLeft": 10,
          "_N$paddingRight": 10,
          "_N$spacingX": 20
        }
      ],
      "_prefab": {
        "__type__": "cc.PrefabInfo",
        "root": {
          "__id__": 1
        },
        "asset": {
          "__uuid__": "c50jRSb3dMq7Wgg1IqMUE4"
        },
        "fileId": "3acDTXlb9GIINirkZgG8zp"
      },
      "_contentSize": {
        "__type__": "cc.Size",
        "width": 750,
        "height": 240
      },
      "_anchorPoint": {
        "__type__": "cc.Vec2",
        "y": 0.5
      },
      "_position": {
        "__type__": "cc.Vec3",
        "x": 10
      },
      "groupIndex": 1
    },
    {
      "__type__": "cc.Node",
      "_name": "item",
      "_parent": {
        "__id__": 23
      },
      "_children": [
        {
          "__id__": 25
        },
        {
          "__id__": 26
        },
        {
          "__id__": 32
        }
      ],
      "_level": 4,
      "_components": [
        {
          "__type__": "cc.Sprite",
          "node": {
            "__id__": 24
          },
          "_materials": [
            {
              "__uuid__": "ecpdLyjvZBwrvm+cedCcQy"
            }
          ],
          "_spriteFrame": {
            "__uuid__": "cdnfiK9EtPs5aF+PoQmGmB"
          },
          "_type": 1,
          "_sizeMode": 0,
          "_isTrimmedMode": false
        }
      ],
      "_prefab": {
        "__type__": "cc.PrefabInfo",
        "root": {
          "__id__": 1
        },
        "asset": {
          "__uuid__": "c50jRSb3dMq7Wgg1IqMUE4"
        },
        "fileId": "e22EUTXo5E07e2NeKZPvHt"
      },
      "_contentSize": {
        "__type__": "cc.Size",
        "width": 350,
        "height": 120
      },
      "_position": {
        "__type__": "cc.Vec3",
        "x": 185,
        "y": 60
      },
      "groupIndex": 1
    },
    {
      "__type__": "cc.Node",
      "_name": "Button",
      "_parent": {
        "__id__": 24
      },
      "_level": 5,
      "_components": [
        {
          "__type__": "cc.Sprite",
          "node": {
            "__id__": 25
          },
          "_materials": [
            {
              "__uuid__": "ecpdLyjvZBwrvm+cedCcQy"
            }
          ],
          "_spriteFrame": {
            "__uuid__": "04SZR5Ph5P3rSTuq5FILkt"
          },
          "_type": 1,
          "_sizeMode": 0,
          "_isTrimmedMode": false
        },
        {
          "__type__": "cc.Button",
          "node": {
            "__id__": 25
          },
          "zoomScale": 0.9,
          "clickEvents": [
            {
              "__type__": "cc.ClickEvent",
              "target": {
                "__id__": 1
              },
              "_componentId": "cf99eM+VCtL1J2uGXDgX58V",
              "handler": "openSkin"
            }
          ],
          "_N$transition": 3,
          "transition": 3,
          "_N$target": {
            "__id__": 25
          }
        }
      ],
      "_prefab": {
        "__type__": "cc.PrefabInfo",
        "root": {
          "__id__": 1
        },
        "asset": {
          "__uuid__": "c50jRSb3dMq7Wgg1IqMUE4"
        },
        "fileId": "90O9h1qJtDc5Tx7HECMCb+"
      },
      "_contentSize": {
        "__type__": "cc.Size",
        "width": 130,
        "height": 80
      },
      "_anchorPoint": {
        "__type__": "cc.Vec2",
        "x": 1,
        "y": 0.5
      },
      "_position": {
        "__type__": "cc.Vec3",
        "x": 161.907,
        "y": -2
      },
      "groupIndex": 1
    },
    {
      "__type__": "cc.Node",
      "_name": "Player",
      "_parent": {
        "__id__": 24
      },
      "_children": [
        {
          "__type__": "cc.Node",
          "_name": "Shadow",
          "_parent": {
            "__id__": 26
          },
          "_level": 2,
          "_prefab": {
            "__type__": "cc.PrefabInfo",
            "root": {
              "__id__": 1
            },
            "asset": {
              "__uuid__": "c50jRSb3dMq7Wgg1IqMUE4"
            },
            "fileId": "efRakhdIFF3bNwrsQ/gFqT"
          },
          "_contentSize": {
            "__type__": "cc.Size",
            "width": 120,
            "height": 120
          },
          "groupIndex": 1
        },
        {
          "__id__": 27
        }
      ],
      "_level": 5,
      "_prefab": {
        "__type__": "cc.PrefabInfo",
        "root": {
          "__id__": 1
        },
        "asset": {
          "__uuid__": "c50jRSb3dMq7Wgg1IqMUE4"
        },
        "fileId": "73q3nlszFHfqgdMqqd8bG/"
      },
      "_contentSize": {
        "__type__": "cc.Size",
        "width": 120,
        "height": 120
      },
      "_position": {
        "__type__": "cc.Vec3",
        "x": 88.927,
        "y": -2
      },
      "_eulerAngles": {
        "__type__": "cc.Vec3",
        "z": 180
      },
      "groupIndex": 1
    },
    {
      "__type__": "cc.Node",
      "_name": "Model",
      "_parent": {
        "__id__": 26
      },
      "_children": [
        {
          "__id__": 28
        },
        {
          "__id__": 31
        }
      ],
      "_level": 2,
      "_components": [
        {
          "__type__": "cc.Animation",
          "node": {
            "__id__": 27
          },
          "_defaultClip": {
            "__uuid__": "03FQFpLzxNEYnk5ECepZCi"
          },
          "_clips": [
            {
              "__uuid__": "03FQFpLzxNEYnk5ECepZCi"
            }
          ],
          "playOnLoad": true
        }
      ],
      "_prefab": {
        "__type__": "cc.PrefabInfo",
        "root": {
          "__id__": 1
        },
        "asset": {
          "__uuid__": "c50jRSb3dMq7Wgg1IqMUE4"
        },
        "fileId": "67efMXHOxOt6vFqL6aiOej"
      },
      "_contentSize": {
        "__type__": "cc.Size",
        "width": 289,
        "height": 224
      },
      "_scale": {
        "__type__": "cc.Vec3",
        "x": 0.3,
        "y": 0.3,
        "z": 1
      },
      "groupIndex": 1
    },
    {
      "__type__": "cc.Node",
      "_name": "Legs",
      "_parent": {
        "__id__": 27
      },
      "_children": [
        {
          "__id__": 29
        },
        {
          "__id__": 30
        }
      ],
      "_level": 3,
      "_prefab": {
        "__type__": "cc.PrefabInfo",
        "root": {
          "__id__": 1
        },
        "asset": {
          "__uuid__": "c50jRSb3dMq7Wgg1IqMUE4"
        },
        "fileId": "a8wZqinSxBa7X9+9RY4Tmz"
      },
      "_contentSize": {
        "__type__": "cc.Size",
        "width": 120,
        "height": 120
      },
      "groupIndex": 1
    },
    {
      "__type__": "cc.Node",
      "_name": "L",
      "_parent": {
        "__id__": 28
      },
      "_level": 3,
      "_components": [
        {
          "__type__": "cc.Sprite",
          "node": {
            "__id__": 29
          },
          "_materials": [
            {
              "__uuid__": "ecpdLyjvZBwrvm+cedCcQy"
            }
          ],
          "_spriteFrame": {
            "__uuid__": "a9S3SeiilIdrZveEpiqEDJ"
          },
          "_sizeMode": 2,
          "_isTrimmedMode": false
        }
      ],
      "_prefab": {
        "__type__": "cc.PrefabInfo",
        "root": {
          "__id__": 1
        },
        "asset": {
          "__uuid__": "c50jRSb3dMq7Wgg1IqMUE4"
        },
        "fileId": "088XvZoFBDepVfY6APdezk"
      },
      "_contentSize": {
        "__type__": "cc.Size",
        "width": 110,
        "height": 46
      },
      "_anchorPoint": {
        "__type__": "cc.Vec2",
        "y": 0.5
      },
      "_position": {
        "__type__": "cc.Vec3",
        "x": -54.093,
        "y": 27.471
      },
      "groupIndex": 1
    },
    {
      "__type__": "cc.Node",
      "_name": "R",
      "_parent": {
        "__id__": 28
      },
      "_level": 3,
      "_components": [
        {
          "__type__": "cc.Sprite",
          "node": {
            "__id__": 30
          },
          "_materials": [
            {
              "__uuid__": "ecpdLyjvZBwrvm+cedCcQy"
            }
          ],
          "_spriteFrame": {
            "__uuid__": "a9S3SeiilIdrZveEpiqEDJ"
          },
          "_sizeMode": 2,
          "_isTrimmedMode": false
        }
      ],
      "_prefab": {
        "__type__": "cc.PrefabInfo",
        "root": {
          "__id__": 1
        },
        "asset": {
          "__uuid__": "c50jRSb3dMq7Wgg1IqMUE4"
        },
        "fileId": "e54H0ECINOk42wU/jxDJUK"
      },
      "_contentSize": {
        "__type__": "cc.Size",
        "width": 110,
        "height": 46
      },
      "_anchorPoint": {
        "__type__": "cc.Vec2",
        "y": 0.5
      },
      "_position": {
        "__type__": "cc.Vec3",
        "x": -46.736,
        "y": -38.678
      },
      "_scale": {
        "__type__": "cc.Vec3",
        "x": -1,
        "y": 1,
        "z": 1
      },
      "groupIndex": 1
    },
    {
      "__type__": "cc.Node",
      "_name": "Body",
      "_parent": {
        "__id__": 27
      },
      "_level": 3,
      "_components": [
        {
          "__type__": "cc.Sprite",
          "node": {
            "__id__": 31
          },
          "_materials": [
            {
              "__uuid__": "ecpdLyjvZBwrvm+cedCcQy"
            }
          ],
          "_spriteFrame": {
            "__uuid__": "ecY6bikRpKSYNHC6cI+58a"
          },
          "_sizeMode": 2
        }
      ],
      "_prefab": {
        "__type__": "cc.PrefabInfo",
        "root": {
          "__id__": 1
        },
        "asset": {
          "__uuid__": "c50jRSb3dMq7Wgg1IqMUE4"
        },
        "fileId": "0aP+3Yg3ZDk56y4wP9qhCt"
      },
      "_contentSize": {
        "__type__": "cc.Size",
        "width": 249,
        "height": 183
      },
      "_position": {
        "__type__": "cc.Vec3",
        "x": 5.01,
        "y": 5.01
      },
      "groupIndex": 1
    },
    {
      "__type__": "cc.Node",
      "_name": "ProgressBar",
      "_parent": {
        "__id__": 24
      },
      "_children": [
        {
          "__id__": 33
        }
      ],
      "_level": 5,
      "_components": [
        {
          "__type__": "cc.Sprite",
          "node": {
            "__id__": 32
          },
          "_materials": [
            {
              "__uuid__": "ecpdLyjvZBwrvm+cedCcQy"
            }
          ],
          "_spriteFrame": {
            "__uuid__": "96FcA8z61LUL65R8Nm2J9M"
          },
          "_type": 1,
          "_sizeMode": 0,
          "_isTrimmedMode": false
        },
        {
          "__type__": "cc.ProgressBar",
          "node": {
            "__id__": 32
          },
          "_N$totalLength": 180,
          "_N$barSprite": {
            "__id__": 34
          },
          "_N$progress": 0
        }
      ],
      "_prefab": {
        "__type__": "cc.PrefabInfo",
        "root": {
          "__id__": 1
        },
        "asset": {
          "__uuid__": "c50jRSb3dMq7Wgg1IqMUE4"
        },
        "fileId": "d9BSBs5WRNGpkVxaqBN/0E"
      },
      "_contentSize": {
        "__type__": "cc.Size",
        "width": 180,
        "height": 30
      },
      "_anchorPoint": {
        "__type__": "cc.Vec2",
        "y": 0.5
      },
      "_position": {
        "__type__": "cc.Vec3",
        "x": -168.939,
        "y": -26
      },
      "groupIndex": 1
    },
    {
      "__type__": "cc.Node",
      "_name": "bar",
      "_parent": {
        "__id__": 32
      },
      "_components": [
        {
          "__id__": 34
        }
      ],
      "_prefab": {
        "__type__": "cc.PrefabInfo",
        "root": {
          "__id__": 1
        },
        "asset": {
          "__uuid__": "c50jRSb3dMq7Wgg1IqMUE4"
        },
        "fileId": "53GSdDiiNPg7KBv+/5ChwE"
      },
      "_contentSize": {
        "__type__": "cc.Size",
        "height": 26
      },
      "_anchorPoint": {
        "__type__": "cc.Vec2",
        "y": 0.5
      },
      "_position": {
        "__type__": "cc.Vec3",
        "x": 2
      },
      "groupIndex": 1
    },
    {
      "__type__": "cc.Sprite",
      "node": {
        "__id__": 33
      },
      "_materials": [
        {
          "__uuid__": "ecpdLyjvZBwrvm+cedCcQy"
        }
      ],
      "_spriteFrame": {
        "__uuid__": "f1SH76jZhELafmmNYGb7iy"
      },
      "_type": 1,
      "_sizeMode": 0,
      "_isTrimmedMode": false
    },
    {
      "__type__": "cc.Node",
      "_name": "item",
      "_parent": {
        "__id__": 23
      },
      "_children": [
        {
          "__id__": 36
        },
        {
          "__id__": 37
        },
        {
          "__id__": 40
        }
      ],
      "_level": 4,
      "_components": [
        {
          "__type__": "cc.Sprite",
          "node": {
            "__id__": 35
          },
          "_materials": [
            {
              "__uuid__": "ecpdLyjvZBwrvm+cedCcQy"
            }
          ],
          "_spriteFrame": {
            "__uuid__": "cdnfiK9EtPs5aF+PoQmGmB"
          },
          "_type": 1,
          "_sizeMode": 0,
          "_isTrimmedMode": false
        }
      ],
      "_prefab": {
        "__type__": "cc.PrefabInfo",
        "root": {
          "__id__": 1
        },
        "asset": {
          "__uuid__": "c50jRSb3dMq7Wgg1IqMUE4"
        },
        "fileId": "e9tnAIuuNB8Zq0m5osqE3C"
      },
      "_contentSize": {
        "__type__": "cc.Size",
        "width": 350,
        "height": 120
      },
      "_position": {
        "__type__": "cc.Vec3",
        "x": 555,
        "y": 60
      },
      "groupIndex": 1
    },
    {
      "__type__": "cc.Node",
      "_name": "Button",
      "_parent": {
        "__id__": 35
      },
      "_level": 4,
      "_components": [
        {
          "__type__": "cc.Sprite",
          "node": {
            "__id__": 36
          },
          "_materials": [
            {
              "__uuid__": "ecpdLyjvZBwrvm+cedCcQy"
            }
          ],
          "_spriteFrame": {
            "__uuid__": "42vamRVLdFybVkvn3t+Zwz"
          },
          "_type": 1,
          "_sizeMode": 0,
          "_isTrimmedMode": false
        },
        {
          "__type__": "cc.Button",
          "node": {
            "__id__": 36
          },
          "zoomScale": 0.9,
          "_N$transition": 3,
          "transition": 3,
          "_N$target": {
            "__id__": 36
          }
        }
      ],
      "_prefab": {
        "__type__": "cc.PrefabInfo",
        "root": {
          "__id__": 1
        },
        "asset": {
          "__uuid__": "c50jRSb3dMq7Wgg1IqMUE4"
        },
        "fileId": "02cHCX7NZB754m3hPkKLUI"
      },
      "_contentSize": {
        "__type__": "cc.Size",
        "width": 130,
        "height": 80
      },
      "_anchorPoint": {
        "__type__": "cc.Vec2",
        "x": 1,
        "y": 0.5
      },
      "_position": {
        "__type__": "cc.Vec3",
        "x": 165.509,
        "y": -2
      },
      "groupIndex": 1
    },
    {
      "__type__": "cc.Node",
      "_name": "ProgressBar",
      "_parent": {
        "__id__": 35
      },
      "_children": [
        {
          "__id__": 38
        }
      ],
      "_level": 4,
      "_components": [
        {
          "__type__": "cc.Sprite",
          "node": {
            "__id__": 37
          },
          "_materials": [
            {
              "__uuid__": "ecpdLyjvZBwrvm+cedCcQy"
            }
          ],
          "_spriteFrame": {
            "__uuid__": "96FcA8z61LUL65R8Nm2J9M"
          },
          "_type": 1,
          "_sizeMode": 0,
          "_isTrimmedMode": false
        },
        {
          "__type__": "cc.ProgressBar",
          "node": {
            "__id__": 37
          },
          "_N$totalLength": 180,
          "_N$barSprite": {
            "__id__": 39
          },
          "_N$progress": 0
        }
      ],
      "_prefab": {
        "__type__": "cc.PrefabInfo",
        "root": {
          "__id__": 1
        },
        "asset": {
          "__uuid__": "c50jRSb3dMq7Wgg1IqMUE4"
        },
        "fileId": "2fQxXyRihGuJ7NYoAtXiCm"
      },
      "_contentSize": {
        "__type__": "cc.Size",
        "width": 180,
        "height": 30
      },
      "_anchorPoint": {
        "__type__": "cc.Vec2",
        "y": 0.5
      },
      "_position": {
        "__type__": "cc.Vec3",
        "x": -169.251,
        "y": -26
      },
      "groupIndex": 1
    },
    {
      "__type__": "cc.Node",
      "_name": "bar",
      "_parent": {
        "__id__": 37
      },
      "_components": [
        {
          "__id__": 39
        }
      ],
      "_prefab": {
        "__type__": "cc.PrefabInfo",
        "root": {
          "__id__": 1
        },
        "asset": {
          "__uuid__": "c50jRSb3dMq7Wgg1IqMUE4"
        },
        "fileId": "59W43YJ+xJTYW9tNefY4EI"
      },
      "_contentSize": {
        "__type__": "cc.Size",
        "height": 26
      },
      "_anchorPoint": {
        "__type__": "cc.Vec2",
        "y": 0.5
      },
      "_position": {
        "__type__": "cc.Vec3",
        "x": 2
      },
      "groupIndex": 1
    },
    {
      "__type__": "cc.Sprite",
      "node": {
        "__id__": 38
      },
      "_materials": [
        {
          "__uuid__": "ecpdLyjvZBwrvm+cedCcQy"
        }
      ],
      "_spriteFrame": {
        "__uuid__": "f1SH76jZhELafmmNYGb7iy"
      },
      "_type": 1,
      "_sizeMode": 0,
      "_isTrimmedMode": false
    },
    {
      "__type__": "cc.Node",
      "_name": "RewardIcon",
      "_parent": {
        "__id__": 35
      },
      "_level": 4,
      "_components": [
        {
          "__type__": "cc.Sprite",
          "node": {
            "__id__": 40
          },
          "_materials": [
            {
              "__uuid__": "ecpdLyjvZBwrvm+cedCcQy"
            }
          ],
          "_spriteFrame": {
            "__uuid__": "05be20M4lGtLdrqpGeD0Lb"
          },
          "_sizeMode": 2,
          "_isTrimmedMode": false
        }
      ],
      "_prefab": {
        "__type__": "cc.PrefabInfo",
        "root": {
          "__id__": 1
        },
        "asset": {
          "__uuid__": "c50jRSb3dMq7Wgg1IqMUE4"
        },
        "fileId": "f8GFgN9s9IOYvLenr9LEEU"
      },
      "_contentSize": {
        "__type__": "cc.Size",
        "width": 49,
        "height": 57
      },
      "_position": {
        "__type__": "cc.Vec3",
        "x": 75,
        "y": 19
      },
      "_scale": {
        "__type__": "cc.Vec3",
        "x": 0.5,
        "y": 0.5,
        "z": 1
      },
      "groupIndex": 1
    },
    {
      "__type__": "cc.Node",
      "_name": "item",
      "_parent": {
        "__id__": 23
      },
      "_children": [
        {
          "__id__": 42
        },
        {
          "__id__": 43
        },
        {
          "__id__": 46
        }
      ],
      "_level": 4,
      "_components": [
        {
          "__type__": "cc.Sprite",
          "node": {
            "__id__": 41
          },
          "_materials": [
            {
              "__uuid__": "ecpdLyjvZBwrvm+cedCcQy"
            }
          ],
          "_spriteFrame": {
            "__uuid__": "cdnfiK9EtPs5aF+PoQmGmB"
          },
          "_type": 1,
          "_sizeMode": 0,
          "_isTrimmedMode": false
        }
      ],
      "_prefab": {
        "__type__": "cc.PrefabInfo",
        "root": {
          "__id__": 1
        },
        "asset": {
          "__uuid__": "c50jRSb3dMq7Wgg1IqMUE4"
        },
        "fileId": "e6vs/cC7pMCbHFIeArOqAK"
      },
      "_contentSize": {
        "__type__": "cc.Size",
        "width": 350,
        "height": 120
      },
      "_position": {
        "__type__": "cc.Vec3",
        "x": 185,
        "y": -60
      },
      "groupIndex": 1
    },
    {
      "__type__": "cc.Node",
      "_name": "Button",
      "_parent": {
        "__id__": 41
      },
      "_level": 4,
      "_components": [
        {
          "__type__": "cc.Sprite",
          "node": {
            "__id__": 42
          },
          "_materials": [
            {
              "__uuid__": "ecpdLyjvZBwrvm+cedCcQy"
            }
          ],
          "_spriteFrame": {
            "__uuid__": "42vamRVLdFybVkvn3t+Zwz"
          },
          "_type": 1,
          "_sizeMode": 0,
          "_isTrimmedMode": false
        },
        {
          "__type__": "cc.Button",
          "node": {
            "__id__": 42
          },
          "zoomScale": 0.9,
          "_N$transition": 3,
          "transition": 3,
          "_N$target": {
            "__id__": 42
          }
        }
      ],
      "_prefab": {
        "__type__": "cc.PrefabInfo",
        "root": {
          "__id__": 1
        },
        "asset": {
          "__uuid__": "c50jRSb3dMq7Wgg1IqMUE4"
        },
        "fileId": "38otBycrtBUY+j40jUoDxh"
      },
      "_contentSize": {
        "__type__": "cc.Size",
        "width": 130,
        "height": 80
      },
      "_anchorPoint": {
        "__type__": "cc.Vec2",
        "x": 1,
        "y": 0.5
      },
      "_position": {
        "__type__": "cc.Vec3",
        "x": 165.509,
        "y": -2
      },
      "groupIndex": 1
    },
    {
      "__type__": "cc.Node",
      "_name": "ProgressBar",
      "_parent": {
        "__id__": 41
      },
      "_children": [
        {
          "__id__": 44
        }
      ],
      "_level": 4,
      "_components": [
        {
          "__type__": "cc.Sprite",
          "node": {
            "__id__": 43
          },
          "_materials": [
            {
              "__uuid__": "ecpdLyjvZBwrvm+cedCcQy"
            }
          ],
          "_spriteFrame": {
            "__uuid__": "96FcA8z61LUL65R8Nm2J9M"
          },
          "_type": 1,
          "_sizeMode": 0,
          "_isTrimmedMode": false
        },
        {
          "__type__": "cc.ProgressBar",
          "node": {
            "__id__": 43
          },
          "_N$totalLength": 180,
          "_N$barSprite": {
            "__id__": 45
          },
          "_N$progress": 0
        }
      ],
      "_prefab": {
        "__type__": "cc.PrefabInfo",
        "root": {
          "__id__": 1
        },
        "asset": {
          "__uuid__": "c50jRSb3dMq7Wgg1IqMUE4"
        },
        "fileId": "69SlbEvZtMNqxoOEzMSmHe"
      },
      "_contentSize": {
        "__type__": "cc.Size",
        "width": 180,
        "height": 30
      },
      "_anchorPoint": {
        "__type__": "cc.Vec2",
        "y": 0.5
      },
      "_position": {
        "__type__": "cc.Vec3",
        "x": -168.279,
        "y": -26
      },
      "groupIndex": 1
    },
    {
      "__type__": "cc.Node",
      "_name": "bar",
      "_parent": {
        "__id__": 43
      },
      "_components": [
        {
          "__id__": 45
        }
      ],
      "_prefab": {
        "__type__": "cc.PrefabInfo",
        "root": {
          "__id__": 1
        },
        "asset": {
          "__uuid__": "c50jRSb3dMq7Wgg1IqMUE4"
        },
        "fileId": "d02lQ9PyNOHYXz3GSEJ2gu"
      },
      "_contentSize": {
        "__type__": "cc.Size",
        "height": 26
      },
      "_anchorPoint": {
        "__type__": "cc.Vec2",
        "y": 0.5
      },
      "_position": {
        "__type__": "cc.Vec3",
        "x": 2
      },
      "groupIndex": 1
    },
    {
      "__type__": "cc.Sprite",
      "node": {
        "__id__": 44
      },
      "_materials": [
        {
          "__uuid__": "ecpdLyjvZBwrvm+cedCcQy"
        }
      ],
      "_spriteFrame": {
        "__uuid__": "f1SH76jZhELafmmNYGb7iy"
      },
      "_type": 1,
      "_sizeMode": 0,
      "_isTrimmedMode": false
    },
    {
      "__type__": "cc.Node",
      "_name": "RewardIcon",
      "_parent": {
        "__id__": 41
      },
      "_level": 4,
      "_components": [
        {
          "__type__": "cc.Sprite",
          "node": {
            "__id__": 46
          },
          "_materials": [
            {
              "__uuid__": "ecpdLyjvZBwrvm+cedCcQy"
            }
          ],
          "_spriteFrame": {
            "__uuid__": "05be20M4lGtLdrqpGeD0Lb"
          },
          "_sizeMode": 2,
          "_isTrimmedMode": false
        }
      ],
      "_prefab": {
        "__type__": "cc.PrefabInfo",
        "root": {
          "__id__": 1
        },
        "asset": {
          "__uuid__": "c50jRSb3dMq7Wgg1IqMUE4"
        },
        "fileId": "1aDk03FuJKpL8RjD4VbCYC"
      },
      "_contentSize": {
        "__type__": "cc.Size",
        "width": 49,
        "height": 57
      },
      "_position": {
        "__type__": "cc.Vec3",
        "x": 75,
        "y": 19
      },
      "_scale": {
        "__type__": "cc.Vec3",
        "x": 0.5,
        "y": 0.5,
        "z": 1
      },
      "groupIndex": 1
    },
    {
      "__type__": "cc.Node",
      "_name": "item",
      "_parent": {
        "__id__": 23
      },
      "_children": [
        {
          "__id__": 48
        },
        {
          "__id__": 49
        },
        {
          "__id__": 52
        }
      ],
      "_level": 4,
      "_components": [
        {
          "__type__": "cc.Sprite",
          "node": {
            "__id__": 47
          },
          "_materials": [
            {
              "__uuid__": "ecpdLyjvZBwrvm+cedCcQy"
            }
          ],
          "_spriteFrame": {
            "__uuid__": "cdnfiK9EtPs5aF+PoQmGmB"
          },
          "_type": 1,
          "_sizeMode": 0,
          "_isTrimmedMode": false
        }
      ],
      "_prefab": {
        "__type__": "cc.PrefabInfo",
        "root": {
          "__id__": 1
        },
        "asset": {
          "__uuid__": "c50jRSb3dMq7Wgg1IqMUE4"
        },
        "fileId": "65TG+W/LJB/qOUYImfW+ap"
      },
      "_contentSize": {
        "__type__": "cc.Size",
        "width": 350,
        "height": 120
      },
      "_position": {
        "__type__": "cc.Vec3",
        "x": 555,
        "y": -60
      },
      "groupIndex": 1
    },
    {
      "__type__": "cc.Node",
      "_name": "Button",
      "_parent": {
        "__id__": 47
      },
      "_level": 4,
      "_components": [
        {
          "__type__": "cc.Sprite",
          "node": {
            "__id__": 48
          },
          "_materials": [
            {
              "__uuid__": "ecpdLyjvZBwrvm+cedCcQy"
            }
          ],
          "_spriteFrame": {
            "__uuid__": "42vamRVLdFybVkvn3t+Zwz"
          },
          "_type": 1,
          "_sizeMode": 0,
          "_isTrimmedMode": false
        },
        {
          "__type__": "cc.Button",
          "node": {
            "__id__": 48
          },
          "zoomScale": 0.9,
          "_N$transition": 3,
          "transition": 3,
          "_N$target": {
            "__id__": 48
          }
        }
      ],
      "_prefab": {
        "__type__": "cc.PrefabInfo",
        "root": {
          "__id__": 1
        },
        "asset": {
          "__uuid__": "c50jRSb3dMq7Wgg1IqMUE4"
        },
        "fileId": "f0B46+CSRA3Zp+z9DhnzEi"
      },
      "_contentSize": {
        "__type__": "cc.Size",
        "width": 130,
        "height": 80
      },
      "_anchorPoint": {
        "__type__": "cc.Vec2",
        "x": 1,
        "y": 0.5
      },
      "_position": {
        "__type__": "cc.Vec3",
        "x": 165.509,
        "y": -2
      },
      "groupIndex": 1
    },
    {
      "__type__": "cc.Node",
      "_name": "ProgressBar",
      "_parent": {
        "__id__": 47
      },
      "_children": [
        {
          "__id__": 50
        }
      ],
      "_level": 4,
      "_components": [
        {
          "__type__": "cc.Sprite",
          "node": {
            "__id__": 49
          },
          "_materials": [
            {
              "__uuid__": "ecpdLyjvZBwrvm+cedCcQy"
            }
          ],
          "_spriteFrame": {
            "__uuid__": "96FcA8z61LUL65R8Nm2J9M"
          },
          "_type": 1,
          "_sizeMode": 0,
          "_isTrimmedMode": false
        },
        {
          "__type__": "cc.ProgressBar",
          "node": {
            "__id__": 49
          },
          "_N$totalLength": 180,
          "_N$barSprite": {
            "__id__": 51
          },
          "_N$progress": 0
        }
      ],
      "_prefab": {
        "__type__": "cc.PrefabInfo",
        "root": {
          "__id__": 1
        },
        "asset": {
          "__uuid__": "c50jRSb3dMq7Wgg1IqMUE4"
        },
        "fileId": "adz1xCl6hAcba11UyMv8rK"
      },
      "_contentSize": {
        "__type__": "cc.Size",
        "width": 180,
        "height": 30
      },
      "_anchorPoint": {
        "__type__": "cc.Vec2",
        "y": 0.5
      },
      "_position": {
        "__type__": "cc.Vec3",
        "x": -170.223,
        "y": -26
      },
      "groupIndex": 1
    },
    {
      "__type__": "cc.Node",
      "_name": "bar",
      "_parent": {
        "__id__": 49
      },
      "_components": [
        {
          "__id__": 51
        }
      ],
      "_prefab": {
        "__type__": "cc.PrefabInfo",
        "root": {
          "__id__": 1
        },
        "asset": {
          "__uuid__": "c50jRSb3dMq7Wgg1IqMUE4"
        },
        "fileId": "7dB614r4FDRLE1/vJdM6BD"
      },
      "_contentSize": {
        "__type__": "cc.Size",
        "height": 26
      },
      "_anchorPoint": {
        "__type__": "cc.Vec2",
        "y": 0.5
      },
      "_position": {
        "__type__": "cc.Vec3",
        "x": 2
      },
      "groupIndex": 1
    },
    {
      "__type__": "cc.Sprite",
      "node": {
        "__id__": 50
      },
      "_materials": [
        {
          "__uuid__": "ecpdLyjvZBwrvm+cedCcQy"
        }
      ],
      "_spriteFrame": {
        "__uuid__": "f1SH76jZhELafmmNYGb7iy"
      },
      "_type": 1,
      "_sizeMode": 0,
      "_isTrimmedMode": false
    },
    {
      "__type__": "cc.Node",
      "_name": "RewardIcon",
      "_parent": {
        "__id__": 47
      },
      "_level": 4,
      "_components": [
        {
          "__type__": "cc.Sprite",
          "node": {
            "__id__": 52
          },
          "_materials": [
            {
              "__uuid__": "ecpdLyjvZBwrvm+cedCcQy"
            }
          ],
          "_spriteFrame": {
            "__uuid__": "05be20M4lGtLdrqpGeD0Lb"
          },
          "_sizeMode": 2,
          "_isTrimmedMode": false
        }
      ],
      "_prefab": {
        "__type__": "cc.PrefabInfo",
        "root": {
          "__id__": 1
        },
        "asset": {
          "__uuid__": "c50jRSb3dMq7Wgg1IqMUE4"
        },
        "fileId": "bbwt6gE4FA2YkVpsuG/PuN"
      },
      "_contentSize": {
        "__type__": "cc.Size",
        "width": 49,
        "height": 57
      },
      "_position": {
        "__type__": "cc.Vec3",
        "x": 75,
        "y": 19
      },
      "_scale": {
        "__type__": "cc.Vec3",
        "x": 0.5,
        "y": 0.5,
        "z": 1
      },
      "groupIndex": 1
    },
    {
      "__type__": "cc.Node",
      "_name": "Labels",
      "_parent": {
        "__id__": 20
      },
      "_children": [
        {
          "__id__": 54
        },
        {
          "__id__": 57
        },
        {
          "__id__": 62
        },
        {
          "__id__": 67
        }
      ],
      "_level": 3,
      "_components": [
        {
          "__type__": "cc.Layout",
          "node": {
            "__id__": 53
          },
          "_layoutSize": {
            "__type__": "cc.Size",
            "width": 750,
            "height": 240
          },
          "_resize": 1,
          "_N$layoutType": 3,
          "_N$paddingLeft": 10,
          "_N$paddingRight": 10,
          "_N$spacingX": 20
        }
      ],
      "_prefab": {
        "__type__": "cc.PrefabInfo",
        "root": {
          "__id__": 1
        },
        "asset": {
          "__uuid__": "c50jRSb3dMq7Wgg1IqMUE4"
        },
        "fileId": "2fR9nBqZBMkoY8OwKaUte8"
      },
      "_contentSize": {
        "__type__": "cc.Size",
        "width": 750,
        "height": 240
      },
      "_anchorPoint": {
        "__type__": "cc.Vec2",
        "y": 0.5
      },
      "_position": {
        "__type__": "cc.Vec3",
        "x": 10
      },
      "groupIndex": 1
    },
    {
      "__type__": "cc.Node",
      "_name": "item",
      "_parent": {
        "__id__": 53
      },
      "_children": [
        {
          "__id__": 55
        },
        {
          "__id__": 56
        }
      ],
      "_level": 4,
      "_prefab": {
        "__type__": "cc.PrefabInfo",
        "root": {
          "__id__": 1
        },
        "asset": {
          "__uuid__": "c50jRSb3dMq7Wgg1IqMUE4"
        },
        "fileId": "cdi/GbObdOBprI0UnU41WI"
      },
      "_contentSize": {
        "__type__": "cc.Size",
        "width": 350,
        "height": 120
      },
      "_position": {
        "__type__": "cc.Vec3",
        "x": 185,
        "y": 60
      },
      "groupIndex": 1
    },
    {
      "__type__": "cc.Node",
      "_name": "Title",
      "_parent": {
        "__id__": 54
      },
      "_level": 5,
      "_components": [
        {
          "__type__": "cc.Label",
          "node": {
            "__id__": 55
          },
          "_materials": [
            {
              "__uuid__": "ecpdLyjvZBwrvm+cedCcQy"
            }
          ],
          "_useOriginalSize": false,
          "_string": "Upgrade Assassin",
          "_N$string": "Upgrade Assassin",
          "_fontSize": 26,
          "_lineHeight": 30,
          "_N$overflow": 3
        }
      ],
      "_prefab": {
        "__type__": "cc.PrefabInfo",
        "root": {
          "__id__": 1
        },
        "asset": {
          "__uuid__": "c50jRSb3dMq7Wgg1IqMUE4"
        },
        "fileId": "69YcJPLaxKTJ6Y5lorOKQC"
      },
      "_contentSize": {
        "__type__": "cc.Size",
        "width": 200,
        "height": 67.8
      },
      "_anchorPoint": {
        "__type__": "cc.Vec2",
        "y": 0.5
      },
      "_position": {
        "__type__": "cc.Vec3",
        "x": -165.866,
        "y": 20.6
      },
      "groupIndex": 1
    },
    {
      "__type__": "cc.Node",
      "_name": "Text",
      "_parent": {
        "__id__": 54
      },
      "_level": 5,
      "_components": [
        {
          "__type__": "cc.Label",
          "node": {
            "__id__": 56
          },
          "_materials": [
            {
              "__uuid__": "ecpdLyjvZBwrvm+cedCcQy"
            }
          ],
          "_useOriginalSize": false,
          "_string": "0:1",
          "_N$string": "0:1",
          "_fontSize": 22,
          "_lineHeight": 47.52,
          "_enableWrapText": false,
          "_N$horizontalAlign": 1,
          "_N$verticalAlign": 1,
          "_N$overflow": 2
        }
      ],
      "_prefab": {
        "__type__": "cc.PrefabInfo",
        "root": {
          "__id__": 1
        },
        "asset": {
          "__uuid__": "c50jRSb3dMq7Wgg1IqMUE4"
        },
        "fileId": "80C+BmwupPko8DErILw089"
      },
      "_contentSize": {
        "__type__": "cc.Size",
        "width": 180,
        "height": 50
      },
      "_position": {
        "__type__": "cc.Vec3",
        "x": -75,
        "y": -25
      },
      "groupIndex": 1
    },
    {
      "__type__": "cc.Node",
      "_name": "item",
      "_parent": {
        "__id__": 53
      },
      "_children": [
        {
          "__id__": 58
        },
        {
          "__id__": 59
        },
        {
          "__id__": 60
        },
        {
          "__id__": 61
        }
      ],
      "_level": 4,
      "_prefab": {
        "__type__": "cc.PrefabInfo",
        "root": {
          "__id__": 1
        },
        "asset": {
          "__uuid__": "c50jRSb3dMq7Wgg1IqMUE4"
        },
        "fileId": "45Red1QtVNIppwmLbSTk/L"
      },
      "_contentSize": {
        "__type__": "cc.Size",
        "width": 350,
        "height": 120
      },
      "_position": {
        "__type__": "cc.Vec3",
        "x": 555,
        "y": 60
      },
      "groupIndex": 1
    },
    {
      "__type__": "cc.Node",
      "_name": "RewardText",
      "_parent": {
        "__id__": 57
      },
      "_level": 5,
      "_components": [
        {
          "__type__": "cc.Label",
          "node": {
            "__id__": 58
          },
          "_materials": [
            {
              "__uuid__": "ecpdLyjvZBwrvm+cedCcQy"
            }
          ],
          "_useOriginalSize": false,
          "_string": "Collect",
          "_N$string": "Collect",
          "_fontSize": 30,
          "_lineHeight": 60,
          "_enableWrapText": false,
          "_N$horizontalAlign": 1,
          "_N$verticalAlign": 1,
          "_N$overflow": 2
        },
        {
          "__type__": "744dcs4DCdNprNhG0xwq6FK",
          "node": {
            "__id__": 58
          },
          "_dataID": "label_text.collect"
        }
      ],
      "_prefab": {
        "__type__": "cc.PrefabInfo",
        "root": {
          "__id__": 1
        },
        "asset": {
          "__uuid__": "c50jRSb3dMq7Wgg1IqMUE4"
        },
        "fileId": "72wltgK1JKuq5eeNPtgFok"
      },
      "_color": {
        "__type__": "cc.Color",
        "r": 76,
        "g": 33
      },
      "_contentSize": {
        "__type__": "cc.Size",
        "width": 120,
        "height": 36
      },
      "_position": {
        "__type__": "cc.Vec3",
        "x": 100.933,
        "y": -16
      },
      "groupIndex": 1
    },
    {
      "__type__": "cc.Node",
      "_name": "RewardNum",
      "_parent": {
        "__id__": 57
      },
      "_level": 4,
      "_components": [
        {
          "__type__": "cc.Label",
          "node": {
            "__id__": 59
          },
          "_materials": [
            {
              "__uuid__": "ecpdLyjvZBwrvm+cedCcQy"
            }
          ],
          "_useOriginalSize": false,
          "_string": "200",
          "_N$string": "200",
          "_fontSize": 36,
          "_lineHeight": 60,
          "_enableWrapText": false,
          "_N$horizontalAlign": 1,
          "_N$verticalAlign": 1,
          "_N$overflow": 2
        }
      ],
      "_prefab": {
        "__type__": "cc.PrefabInfo",
        "root": {
          "__id__": 1
        },
        "asset": {
          "__uuid__": "c50jRSb3dMq7Wgg1IqMUE4"
        },
        "fileId": "6czOXkWvFH6L5dfSOttn8e"
      },
      "_color": {
        "__type__": "cc.Color",
        "r": 154,
        "g": 44,
        "b": 1
      },
      "_contentSize": {
        "__type__": "cc.Size",
        "width": 100,
        "height": 40
      },
      "_position": {
        "__type__": "cc.Vec3",
        "x": 120,
        "y": 19
      },
      "groupIndex": 1
    },
    {
      "__type__": "cc.Node",
      "_name": "Title",
      "_parent": {
        "__id__": 57
      },
      "_level": 4,
      "_components": [
        {
          "__type__": "cc.Label",
          "node": {
            "__id__": 60
          },
          "_materials": [
            {
              "__uuid__": "ecpdLyjvZBwrvm+cedCcQy"
            }
          ],
          "_useOriginalSize": false,
          "_string": "Upgrade Assassin",
          "_N$string": "Upgrade Assassin",
          "_fontSize": 26,
          "_lineHeight": 30,
          "_N$verticalAlign": 1,
          "_N$overflow": 3
        }
      ],
      "_prefab": {
        "__type__": "cc.PrefabInfo",
        "root": {
          "__id__": 1
        },
        "asset": {
          "__uuid__": "c50jRSb3dMq7Wgg1IqMUE4"
        },
        "fileId": "4cgxYf2qBPQ5JNg2EIe/61"
      },
      "_contentSize": {
        "__type__": "cc.Size",
        "width": 200,
        "height": 67.8
      },
      "_anchorPoint": {
        "__type__": "cc.Vec2",
        "y": 0.5
      },
      "_position": {
        "__type__": "cc.Vec3",
        "x": -163.999,
        "y": 22.815
      },
      "groupIndex": 1
    },
    {
      "__type__": "cc.Node",
      "_name": "Text",
      "_parent": {
        "__id__": 57
      },
      "_level": 4,
      "_components": [
        {
          "__type__": "cc.Label",
          "node": {
            "__id__": 61
          },
          "_materials": [
            {
              "__uuid__": "ecpdLyjvZBwrvm+cedCcQy"
            }
          ],
          "_useOriginalSize": false,
          "_string": "0:1",
          "_N$string": "0:1",
          "_fontSize": 22,
          "_lineHeight": 47.52,
          "_enableWrapText": false,
          "_N$horizontalAlign": 1,
          "_N$verticalAlign": 1,
          "_N$overflow": 2
        }
      ],
      "_prefab": {
        "__type__": "cc.PrefabInfo",
        "root": {
          "__id__": 1
        },
        "asset": {
          "__uuid__": "c50jRSb3dMq7Wgg1IqMUE4"
        },
        "fileId": "09/IbVeClPupYkbtHnTcKl"
      },
      "_contentSize": {
        "__type__": "cc.Size",
        "width": 180,
        "height": 50
      },
      "_position": {
        "__type__": "cc.Vec3",
        "x": -75,
        "y": -25
      },
      "groupIndex": 1
    },
    {
      "__type__": "cc.Node",
      "_name": "item",
      "_parent": {
        "__id__": 53
      },
      "_children": [
        {
          "__id__": 63
        },
        {
          "__id__": 64
        },
        {
          "__id__": 65
        },
        {
          "__id__": 66
        }
      ],
      "_level": 4,
      "_prefab": {
        "__type__": "cc.PrefabInfo",
        "root": {
          "__id__": 1
        },
        "asset": {
          "__uuid__": "c50jRSb3dMq7Wgg1IqMUE4"
        },
        "fileId": "34jZyROk5Ie7A4QUFNjAyB"
      },
      "_contentSize": {
        "__type__": "cc.Size",
        "width": 350,
        "height": 120
      },
      "_position": {
        "__type__": "cc.Vec3",
        "x": 185,
        "y": -60
      },
      "groupIndex": 1
    },
    {
      "__type__": "cc.Node",
      "_name": "RewardText",
      "_parent": {
        "__id__": 62
      },
      "_level": 4,
      "_components": [
        {
          "__type__": "cc.Label",
          "node": {
            "__id__": 63
          },
          "_materials": [
            {
              "__uuid__": "ecpdLyjvZBwrvm+cedCcQy"
            }
          ],
          "_useOriginalSize": false,
          "_string": "Collect",
          "_N$string": "Collect",
          "_fontSize": 30,
          "_lineHeight": 60,
          "_enableWrapText": false,
          "_N$horizontalAlign": 1,
          "_N$verticalAlign": 1,
          "_N$overflow": 2
        },
        {
          "__type__": "744dcs4DCdNprNhG0xwq6FK",
          "node": {
            "__id__": 63
          },
          "_dataID": "label_text.collect"
        }
      ],
      "_prefab": {
        "__type__": "cc.PrefabInfo",
        "root": {
          "__id__": 1
        },
        "asset": {
          "__uuid__": "c50jRSb3dMq7Wgg1IqMUE4"
        },
        "fileId": "84T1MYCFlMhomGnD1/BFZN"
      },
      "_color": {
        "__type__": "cc.Color",
        "r": 76,
        "g": 33
      },
      "_contentSize": {
        "__type__": "cc.Size",
        "width": 120,
        "height": 36
      },
      "_position": {
        "__type__": "cc.Vec3",
        "x": 100.933,
        "y": -16
      },
      "groupIndex": 1
    },
    {
      "__type__": "cc.Node",
      "_name": "RewardNum",
      "_parent": {
        "__id__": 62
      },
      "_level": 4,
      "_components": [
        {
          "__type__": "cc.Label",
          "node": {
            "__id__": 64
          },
          "_materials": [
            {
              "__uuid__": "ecpdLyjvZBwrvm+cedCcQy"
            }
          ],
          "_useOriginalSize": false,
          "_string": "200",
          "_N$string": "200",
          "_fontSize": 36,
          "_lineHeight": 60,
          "_enableWrapText": false,
          "_N$horizontalAlign": 1,
          "_N$verticalAlign": 1,
          "_N$overflow": 2
        }
      ],
      "_prefab": {
        "__type__": "cc.PrefabInfo",
        "root": {
          "__id__": 1
        },
        "asset": {
          "__uuid__": "c50jRSb3dMq7Wgg1IqMUE4"
        },
        "fileId": "cfrlk/uKtNWqwcl9GVC7LW"
      },
      "_color": {
        "__type__": "cc.Color",
        "r": 154,
        "g": 44,
        "b": 1
      },
      "_contentSize": {
        "__type__": "cc.Size",
        "width": 100,
        "height": 40
      },
      "_position": {
        "__type__": "cc.Vec3",
        "x": 120,
        "y": 19
      },
      "groupIndex": 1
    },
    {
      "__type__": "cc.Node",
      "_name": "Title",
      "_parent": {
        "__id__": 62
      },
      "_level": 4,
      "_components": [
        {
          "__type__": "cc.Label",
          "node": {
            "__id__": 65
          },
          "_materials": [
            {
              "__uuid__": "ecpdLyjvZBwrvm+cedCcQy"
            }
          ],
          "_useOriginalSize": false,
          "_string": "Upgrade Assassin",
          "_N$string": "Upgrade Assassin",
          "_fontSize": 26,
          "_lineHeight": 30,
          "_N$overflow": 3
        }
      ],
      "_prefab": {
        "__type__": "cc.PrefabInfo",
        "root": {
          "__id__": 1
        },
        "asset": {
          "__uuid__": "c50jRSb3dMq7Wgg1IqMUE4"
        },
        "fileId": "d4oQxK15xPSrVLUnYJEUmU"
      },
      "_contentSize": {
        "__type__": "cc.Size",
        "width": 200,
        "height": 67.8
      },
      "_anchorPoint": {
        "__type__": "cc.Vec2",
        "y": 0.5
      },
      "_position": {
        "__type__": "cc.Vec3",
        "x": -166.46,
        "y": 20.475
      },
      "groupIndex": 1
    },
    {
      "__type__": "cc.Node",
      "_name": "Text",
      "_parent": {
        "__id__": 62
      },
      "_level": 4,
      "_components": [
        {
          "__type__": "cc.Label",
          "node": {
            "__id__": 66
          },
          "_materials": [
            {
              "__uuid__": "ecpdLyjvZBwrvm+cedCcQy"
            }
          ],
          "_useOriginalSize": false,
          "_string": "0:1",
          "_N$string": "0:1",
          "_fontSize": 22,
          "_lineHeight": 47.52,
          "_enableWrapText": false,
          "_N$horizontalAlign": 1,
          "_N$verticalAlign": 1,
          "_N$overflow": 2
        }
      ],
      "_prefab": {
        "__type__": "cc.PrefabInfo",
        "root": {
          "__id__": 1
        },
        "asset": {
          "__uuid__": "c50jRSb3dMq7Wgg1IqMUE4"
        },
        "fileId": "f1PBi6IkhBlJQmnIJPxOlX"
      },
      "_contentSize": {
        "__type__": "cc.Size",
        "width": 180,
        "height": 50
      },
      "_position": {
        "__type__": "cc.Vec3",
        "x": -75,
        "y": -25
      },
      "groupIndex": 1
    },
    {
      "__type__": "cc.Node",
      "_name": "item",
      "_parent": {
        "__id__": 53
      },
      "_children": [
        {
          "__id__": 68
        },
        {
          "__id__": 69
        },
        {
          "__id__": 70
        },
        {
          "__id__": 71
        }
      ],
      "_level": 4,
      "_prefab": {
        "__type__": "cc.PrefabInfo",
        "root": {
          "__id__": 1
        },
        "asset": {
          "__uuid__": "c50jRSb3dMq7Wgg1IqMUE4"
        },
        "fileId": "60OK1TxIVKLZOLG0az8a6b"
      },
      "_contentSize": {
        "__type__": "cc.Size",
        "width": 350,
        "height": 120
      },
      "_position": {
        "__type__": "cc.Vec3",
        "x": 555,
        "y": -60
      },
      "groupIndex": 1
    },
    {
      "__type__": "cc.Node",
      "_name": "RewardText",
      "_parent": {
        "__id__": 67
      },
      "_level": 4,
      "_components": [
        {
          "__type__": "cc.Label",
          "node": {
            "__id__": 68
          },
          "_materials": [
            {
              "__uuid__": "ecpdLyjvZBwrvm+cedCcQy"
            }
          ],
          "_useOriginalSize": false,
          "_string": "Collect",
          "_N$string": "Collect",
          "_fontSize": 30,
          "_lineHeight": 60,
          "_enableWrapText": false,
          "_N$horizontalAlign": 1,
          "_N$verticalAlign": 1,
          "_N$overflow": 2
        },
        {
          "__type__": "744dcs4DCdNprNhG0xwq6FK",
          "node": {
            "__id__": 68
          },
          "_dataID": "label_text.collect"
        }
      ],
      "_prefab": {
        "__type__": "cc.PrefabInfo",
        "root": {
          "__id__": 1
        },
        "asset": {
          "__uuid__": "c50jRSb3dMq7Wgg1IqMUE4"
        },
        "fileId": "31sLNoI49FlbS2j2ao9tAI"
      },
      "_color": {
        "__type__": "cc.Color",
        "r": 76,
        "g": 33
      },
      "_contentSize": {
        "__type__": "cc.Size",
        "width": 120,
        "height": 36
      },
      "_position": {
        "__type__": "cc.Vec3",
        "x": 100.933,
        "y": -16
      },
      "groupIndex": 1
    },
    {
      "__type__": "cc.Node",
      "_name": "RewardNum",
      "_parent": {
        "__id__": 67
      },
      "_level": 4,
      "_components": [
        {
          "__type__": "cc.Label",
          "node": {
            "__id__": 69
          },
          "_materials": [
            {
              "__uuid__": "ecpdLyjvZBwrvm+cedCcQy"
            }
          ],
          "_useOriginalSize": false,
          "_string": "200",
          "_N$string": "200",
          "_fontSize": 36,
          "_lineHeight": 60,
          "_enableWrapText": false,
          "_N$horizontalAlign": 1,
          "_N$verticalAlign": 1,
          "_N$overflow": 2
        }
      ],
      "_prefab": {
        "__type__": "cc.PrefabInfo",
        "root": {
          "__id__": 1
        },
        "asset": {
          "__uuid__": "c50jRSb3dMq7Wgg1IqMUE4"
        },
        "fileId": "1aGZNPZ0hN7I90rKtOjx2j"
      },
      "_color": {
        "__type__": "cc.Color",
        "r": 154,
        "g": 44,
        "b": 1
      },
      "_contentSize": {
        "__type__": "cc.Size",
        "width": 100,
        "height": 40
      },
      "_position": {
        "__type__": "cc.Vec3",
        "x": 120,
        "y": 19
      },
      "groupIndex": 1
    },
    {
      "__type__": "cc.Node",
      "_name": "Title",
      "_parent": {
        "__id__": 67
      },
      "_level": 4,
      "_components": [
        {
          "__type__": "cc.Label",
          "node": {
            "__id__": 70
          },
          "_materials": [
            {
              "__uuid__": "ecpdLyjvZBwrvm+cedCcQy"
            }
          ],
          "_useOriginalSize": false,
          "_string": "Upgrade Assassin",
          "_N$string": "Upgrade Assassin",
          "_fontSize": 26,
          "_lineHeight": 30,
          "_N$overflow": 3
        }
      ],
      "_prefab": {
        "__type__": "cc.PrefabInfo",
        "root": {
          "__id__": 1
        },
        "asset": {
          "__uuid__": "c50jRSb3dMq7Wgg1IqMUE4"
        },
        "fileId": "c09pbX/8hHjrLUDI4V/6r1"
      },
      "_contentSize": {
        "__type__": "cc.Size",
        "width": 200,
        "height": 67.8
      },
      "_anchorPoint": {
        "__type__": "cc.Vec2",
        "y": 0.5
      },
      "_position": {
        "__type__": "cc.Vec3",
        "x": -164.577,
        "y": 18.061
      },
      "groupIndex": 1
    },
    {
      "__type__": "cc.Node",
      "_name": "Text",
      "_parent": {
        "__id__": 67
      },
      "_level": 4,
      "_components": [
        {
          "__type__": "cc.Label",
          "node": {
            "__id__": 71
          },
          "_materials": [
            {
              "__uuid__": "ecpdLyjvZBwrvm+cedCcQy"
            }
          ],
          "_useOriginalSize": false,
          "_string": "0:1",
          "_N$string": "0:1",
          "_fontSize": 22,
          "_lineHeight": 47.52,
          "_enableWrapText": false,
          "_N$horizontalAlign": 1,
          "_N$verticalAlign": 1,
          "_N$overflow": 2
        }
      ],
      "_prefab": {
        "__type__": "cc.PrefabInfo",
        "root": {
          "__id__": 1
        },
        "asset": {
          "__uuid__": "c50jRSb3dMq7Wgg1IqMUE4"
        },
        "fileId": "37SrOX7VlAfJbIq2VbOwkU"
      },
      "_contentSize": {
        "__type__": "cc.Size",
        "width": 180,
        "height": 50
      },
      "_position": {
        "__type__": "cc.Vec3",
        "x": -75,
        "y": -25
      },
      "groupIndex": 1
    },
    {
      "__type__": "cc.Node",
      "_name": "Start",
      "_parent": {
        "__id__": 1
      },
      "_children": [
        {
          "__id__": 73
        },
        {
          "__id__": 74
        }
      ],
      "_components": [
        {
          "__type__": "cc.Sprite",
          "node": {
            "__id__": 72
          },
          "_materials": [
            {
              "__uuid__": "ecpdLyjvZBwrvm+cedCcQy"
            }
          ],
          "_spriteFrame": {
            "__uuid__": "c5TYm+URZFK6rkqxOEv+NG"
          },
          "_sizeMode": 2
        },
        {
          "__type__": "cc.Button",
          "node": {
            "__id__": 72
          },
          "zoomScale": 0.9,
          "clickEvents": [
            {
              "__type__": "cc.ClickEvent",
              "target": {
                "__id__": 1
              },
              "_componentId": "cf99eM+VCtL1J2uGXDgX58V",
              "handler": "enterGame"
            }
          ],
          "_N$transition": 3,
          "transition": 3,
          "_N$pressedColor": {
            "__type__": "cc.Color",
            "r": 255,
            "g": 255,
            "b": 255
          },
          "pressedColor": {
            "__type__": "cc.Color",
            "r": 255,
            "g": 255,
            "b": 255
          },
          "_N$disabledColor": {
            "__type__": "cc.Color",
            "r": 255,
            "g": 255,
            "b": 255
          },
          "_N$normalSprite": {
            "__uuid__": "f0BIwQ8D5Ml7nTNQbh1YlS"
          },
          "_N$target": {
            "__id__": 72
          }
        }
      ],
      "_prefab": {
        "__type__": "cc.PrefabInfo",
        "root": {
          "__id__": 1
        },
        "asset": {
          "__uuid__": "c50jRSb3dMq7Wgg1IqMUE4"
        },
        "fileId": "2983EbedpJFp1Ti8KFKJC3"
      },
      "_contentSize": {
        "__type__": "cc.Size",
        "width": 336,
        "height": 112
      },
      "_position": {
        "__type__": "cc.Vec3",
        "y": -138.263
      },
      "groupIndex": 1
    },
    {
      "__type__": "cc.Node",
      "_name": "Text",
      "_parent": {
        "__id__": 72
      },
      "_level": 1,
      "_components": [
        {
          "__type__": "cc.Label",
          "node": {
            "__id__": 73
          },
          "_materials": [
            {
              "__uuid__": "ecpdLyjvZBwrvm+cedCcQy"
            }
          ],
          "_useOriginalSize": false,
          "_string": "Start Game",
          "_N$string": "Start Game",
          "_fontSize": 32,
          "_lineHeight": 60,
          "_enableWrapText": false,
          "_N$horizontalAlign": 1,
          "_N$verticalAlign": 1
        },
        {
          "__type__": "cc.LabelOutline",
          "node": {
            "__id__": 73
          },
          "_color": {
            "__type__": "cc.Color"
          },
          "_width": 2
        }
      ],
      "_prefab": {
        "__type__": "cc.PrefabInfo",
        "root": {
          "__id__": 1
        },
        "asset": {
          "__uuid__": "c50jRSb3dMq7Wgg1IqMUE4"
        },
        "fileId": "97LjLhffJPSp/blm7Wtmt1"
      },
      "_contentSize": {
        "__type__": "cc.Size",
        "width": 167.61,
        "height": 79.6
      },
      "_position": {
        "__type__": "cc.Vec3",
        "x": 7,
        "y": 28
      },
      "groupIndex": 1
    },
    {
      "__type__": "cc.Node",
      "_name": "Level",
      "_parent": {
        "__id__": 72
      },
      "_level": 1,
      "_components": [
        {
          "__type__": "cc.Label",
          "node": {
            "__id__": 74
          },
          "_materials": [
            {
              "__uuid__": "ecpdLyjvZBwrvm+cedCcQy"
            }
          ],
          "_useOriginalSize": false,
          "_string": "LV  1",
          "_N$string": "LV  1",
          "_fontSize": 32,
          "_lineHeight": 60,
          "_enableWrapText": false,
          "_N$horizontalAlign": 1,
          "_N$verticalAlign": 1
        }
      ],
      "_prefab": {
        "__type__": "cc.PrefabInfo",
        "root": {
          "__id__": 1
        },
        "asset": {
          "__uuid__": "c50jRSb3dMq7Wgg1IqMUE4"
        },
        "fileId": "9250AYst9HnK8bs06ogrjW"
      },
      "_color": {
        "__type__": "cc.Color",
        "r": 49,
        "g": 20
      },
      "_contentSize": {
        "__type__": "cc.Size",
        "width": 72.34,
        "height": 75.6
      },
      "_position": {
        "__type__": "cc.Vec3",
        "y": -20
      },
      "groupIndex": 1
    },
    {
      "__type__": "cc.Node",
      "_name": "RightLabels",
      "_parent": {
        "__id__": 1
      },
      "_children": [
        {
          "__id__": 76
        }
      ],
      "_active": false,
      "_level": 2,
      "_components": [
        {
          "__type__": "cc.Widget",
          "node": {
            "__id__": 75
          },
          "_alignFlags": 32,
          "_originalWidth": 720
        }
      ],
      "_prefab": {
        "__type__": "cc.PrefabInfo",
        "root": {
          "__id__": 1
        },
        "asset": {
          "__uuid__": "c50jRSb3dMq7Wgg1IqMUE4"
        },
        "fileId": "03TtRMYP1O1Jww3NVTXerk"
      },
      "_contentSize": {
        "__type__": "cc.Size",
        "width": 750,
        "height": 1334
      },
      "_anchorPoint": {
        "__type__": "cc.Vec2",
        "x": 1,
        "y": 1
      },
      "_position": {
        "__type__": "cc.Vec3",
        "x": 375,
        "y": 667
      },
      "groupIndex": 1
    },
    {
      "__type__": "cc.Node",
      "_name": "DailyLabel",
      "_parent": {
        "__id__": 75
      },
      "_level": 2,
      "_components": [
        {
          "__type__": "cc.Label",
          "node": {
            "__id__": 76
          },
          "_materials": [
            {
              "__uuid__": "ecpdLyjvZBwrvm+cedCcQy"
            }
          ],
          "_string": "100",
          "_N$string": "100",
          "_fontSize": 38,
          "_lineHeight": 60,
          "_enableWrapText": false,
          "_N$horizontalAlign": 1,
          "_N$verticalAlign": 1,
          "_N$overflow": 2
        }
      ],
      "_prefab": {
        "__type__": "cc.PrefabInfo",
        "root": {
          "__id__": 1
        },
        "asset": {
          "__uuid__": "c50jRSb3dMq7Wgg1IqMUE4"
        },
        "fileId": "3fO2Nof4JKnImWxU51Pcql"
      },
      "_color": {
        "__type__": "cc.Color",
        "r": 255,
        "g": 235,
        "b": 99
      },
      "_contentSize": {
        "__type__": "cc.Size",
        "width": 100,
        "height": 48
      },
      "_position": {
        "__type__": "cc.Vec3",
        "x": -76.7,
        "y": -438.981
      },
      "groupIndex": 1
    }
  ],
  {
    "__type__": "cc.SpriteFrame",
    "content": {
      "name": "main_list5375",
      "texture": "9fioFvQK5CA4z1fWViHAfA",
      "rect": [
        0,
        0,
        60,
        60
      ],
      "offset": [
        0,
        0
      ],
      "originalSize": [
        60,
        60
      ],
      "capInsets": [
        10,
        10,
        10,
        10
      ]
    }
  },
  {
    "__type__": "cc.SpriteFrame",
    "content": {
      "name": "assassin111",
      "texture": "bber9idBlF9Idt0PLrzGlc",
      "rect": [
        519,
        742,
        249,
        183
      ],
      "offset": [
        0,
        0
      ],
      "originalSize": [
        249,
        183
      ],
      "capInsets": [
        0,
        0,
        0,
        0
      ]
    }
  },
  {
    "__type__": "cc.SpriteFrame",
    "content": {
      "name": "default_btn_normal",
      "texture": "e8Ueib+qJEhL6mXAHdnwbi",
      "rect": [
        0,
        0,
        40,
        40
      ],
      "offset": [
        0,
        0
      ],
      "originalSize": [
        40,
        40
      ],
      "capInsets": [
        12,
        12,
        12,
        12
      ]
    }
  },
  {
    "__type__": "cc.SpriteFrame",
    "content": {
      "name": "main_bar29088",
      "texture": "51zUaLjVZNjYnXHZhnU1du",
      "rect": [
        0,
        0,
        60,
        30
      ],
      "offset": [
        0,
        0
      ],
      "originalSize": [
        60,
        30
      ],
      "capInsets": [
        20,
        0,
        20,
        0
      ]
    }
  },
  {
    "__type__": "cc.SpriteFrame",
    "content": {
      "name": "main_list_bg",
      "texture": "bber9idBlF9Idt0PLrzGlc",
      "rect": [
        2,
        635,
        196,
        306
      ],
      "offset": [
        0,
        0
      ],
      "originalSize": [
        196,
        306
      ],
      "rotated": 1,
      "capInsets": [
        10,
        20,
        80,
        20
      ]
    }
  },
  {
    "__type__": "cc.SpriteFrame",
    "content": {
      "name": "main_arrow5121",
      "texture": "76Go1eUElEXIPDTta7Q1Lp",
      "rect": [
        0,
        0,
        34,
        44
      ],
      "offset": [
        0,
        0
      ],
      "originalSize": [
        34,
        44
      ],
      "capInsets": [
        0,
        0,
        0,
        0
      ]
    }
  },
  {
    "__type__": "cc.SpriteFrame",
    "content": {
      "name": "wallhaven-qdqvxl",
      "texture": "22RcOSPEhHP7Xt5knmI+mC",
      "rect": [
        0,
        0,
        1600,
        1200
      ],
      "offset": [
        0,
        0
      ],
      "originalSize": [
        1600,
        1200
      ],
      "capInsets": [
        0,
        125,
        0,
        310
      ]
    }
  }
]