[
  {
    "__type__": "cc.SpriteFrame",
    "content": {
      "name": "setting_vibrate_on",
      "texture": "bber9idBlF9Idt0PLrzGlc",
      "rect": [
        200,
        1795,
        34,
        34
      ],
      "offset": [
        0,
        0
      ],
      "originalSize": [
        36,
        36
      ],
      "capInsets": [
        0,
        0,
        0,
        0
      ]
    }
  },
  {
    "__type__": "cc.SpriteFrame",
    "content": {
      "name": "setting_sound_on",
      "texture": "bber9idBlF9Idt0PLrzGlc",
      "rect": [
        713,
        1271,
        32,
        26
      ],
      "offset": [
        0,
        0
      ],
      "originalSize": [
        34,
        28
      ],
      "rotated": 1,
      "capInsets": [
        0,
        0,
        0,
        0
      ]
    }
  },
  [
    {
      "__type__": "cc.Prefab",
      "_name": "SystemUI",
      "data": {
        "__id__": 1
      }
    },
    {
      "__type__": "cc.Node",
      "_name": "SystemUI",
      "_children": [
        {
          "__id__": 2
        }
      ],
      "_level": 1,
      "_components": [
        {
          "__type__": "cc.BlockInputEvents",
          "node": {
            "__id__": 1
          }
        },
        {
          "__type__": "7a0afb3WSJDzaAxxoToIXsz",
          "node": {
            "__id__": 1
          },
          "sortOrder": 2
        }
      ],
      "_prefab": {
        "__type__": "cc.PrefabInfo",
        "root": {
          "__id__": 1
        },
        "asset": {
          "__uuid__": "8ecZ48HPJNDqZox+p8i2Id"
        },
        "fileId": "688HcyPp1EwJ69aoq5XKAA"
      },
      "_contentSize": {
        "__type__": "cc.Size",
        "width": 750,
        "height": 1334
      },
      "groupIndex": 1
    },
    {
      "__type__": "cc.Node",
      "_name": "TopLayer",
      "_parent": {
        "__id__": 1
      },
      "_children": [
        {
          "__id__": 3
        },
        {
          "__id__": 4
        },
        {
          "__id__": 5
        },
        {
          "__id__": 6
        },
        {
          "__id__": 7
        }
      ],
      "_level": 2,
      "_components": [
        {
          "__type__": "cc.Widget",
          "node": {
            "__id__": 2
          },
          "_alignFlags": 45,
          "_originalWidth": 750,
          "_originalHeight": 1334
        },
        {
          "__type__": "cc.Button",
          "node": {
            "__id__": 2
          },
          "clickEvents": [
            {
              "__type__": "cc.ClickEvent",
              "target": {
                "__id__": 1
              },
              "_componentId": "7a0afb3WSJDzaAxxoToIXsz",
              "handler": "close"
            }
          ],
          "_N$target": {
            "__id__": 2
          }
        }
      ],
      "_prefab": {
        "__type__": "cc.PrefabInfo",
        "root": {
          "__id__": 1
        },
        "asset": {
          "__uuid__": "8ecZ48HPJNDqZox+p8i2Id"
        },
        "fileId": "5dtENjfw9FxLLdn8/HOxhi"
      },
      "_color": {
        "__type__": "cc.Color",
        "r": 255,
        "g": 255,
        "b": 254
      },
      "_contentSize": {
        "__type__": "cc.Size",
        "width": 750,
        "height": 1334
      },
      "_anchorPoint": {
        "__type__": "cc.Vec2",
        "y": 1
      },
      "_position": {
        "__type__": "cc.Vec3",
        "x": -375,
        "y": 667
      },
      "groupIndex": 1
    },
    {
      "__type__": "cc.Node",
      "_name": "Back",
      "_parent": {
        "__id__": 2
      },
      "_level": 3,
      "_components": [
        {
          "__type__": "cc.Sprite",
          "node": {
            "__id__": 3
          },
          "_materials": [
            {
              "__uuid__": "ecpdLyjvZBwrvm+cedCcQy"
            }
          ],
          "_spriteFrame": {
            "__uuid__": "d0bGpZjcBFhptErI6H2PzY"
          },
          "_type": 1,
          "_sizeMode": 0,
          "_isTrimmedMode": false
        }
      ],
      "_prefab": {
        "__type__": "cc.PrefabInfo",
        "root": {
          "__id__": 1
        },
        "asset": {
          "__uuid__": "8ecZ48HPJNDqZox+p8i2Id"
        },
        "fileId": "7f45i22YxIkI9S8rC1SudJ"
      },
      "_color": {
        "__type__": "cc.Color",
        "r": 255,
        "g": 255,
        "b": 254
      },
      "_contentSize": {
        "__type__": "cc.Size",
        "width": 48,
        "height": 172
      },
      "_anchorPoint": {
        "__type__": "cc.Vec2",
        "x": 0.5,
        "y": 1
      },
      "_position": {
        "__type__": "cc.Vec3",
        "x": 47,
        "y": -175
      },
      "groupIndex": 1
    },
    {
      "__type__": "cc.Node",
      "_name": "Sound",
      "_parent": {
        "__id__": 2
      },
      "_level": 3,
      "_components": [
        {
          "__type__": "cc.Sprite",
          "node": {
            "__id__": 4
          },
          "_materials": [
            {
              "__uuid__": "ecpdLyjvZBwrvm+cedCcQy"
            }
          ],
          "_spriteFrame": {
            "__uuid__": "27cb/QtcdFwYbp7Amh8lqC"
          },
          "_sizeMode": 2,
          "_isTrimmedMode": false
        },
        {
          "__type__": "cc.Button",
          "node": {
            "__id__": 4
          },
          "zoomScale": 0.9,
          "clickEvents": [
            {
              "__type__": "cc.ClickEvent",
              "target": {
                "__id__": 1
              },
              "_componentId": "7a0afb3WSJDzaAxxoToIXsz",
              "handler": "switchMusicState"
            }
          ],
          "_N$transition": 3,
          "transition": 3,
          "_N$target": {
            "__id__": 4
          }
        }
      ],
      "_prefab": {
        "__type__": "cc.PrefabInfo",
        "root": {
          "__id__": 1
        },
        "asset": {
          "__uuid__": "8ecZ48HPJNDqZox+p8i2Id"
        },
        "fileId": "23fCmdvS9CUaDea5Nzrqrg"
      },
      "_contentSize": {
        "__type__": "cc.Size",
        "width": 40,
        "height": 40
      },
      "_position": {
        "__type__": "cc.Vec3",
        "x": 47,
        "y": -211
      },
      "groupIndex": 1
    },
    {
      "__type__": "cc.Node",
      "_name": "Vibrate",
      "_parent": {
        "__id__": 2
      },
      "_active": false,
      "_level": 3,
      "_components": [
        {
          "__type__": "cc.Sprite",
          "node": {
            "__id__": 5
          },
          "_materials": [
            {
              "__uuid__": "ecpdLyjvZBwrvm+cedCcQy"
            }
          ],
          "_spriteFrame": {
            "__uuid__": "1fJfOMHTpDAKZbqv8hquPj"
          },
          "_sizeMode": 2,
          "_isTrimmedMode": false
        },
        {
          "__type__": "cc.Button",
          "node": {
            "__id__": 5
          },
          "zoomScale": 0.9,
          "clickEvents": [
            {
              "__type__": "cc.ClickEvent",
              "target": {
                "__id__": 1
              },
              "_componentId": "7a0afb3WSJDzaAxxoToIXsz",
              "handler": "switchVibrateState"
            }
          ],
          "_N$transition": 3,
          "transition": 3,
          "_N$target": {
            "__id__": 5
          }
        }
      ],
      "_prefab": {
        "__type__": "cc.PrefabInfo",
        "root": {
          "__id__": 1
        },
        "asset": {
          "__uuid__": "8ecZ48HPJNDqZox+p8i2Id"
        },
        "fileId": "f8QvN8H/BI2rzcRp1BHU1f"
      },
      "_contentSize": {
        "__type__": "cc.Size",
        "width": 40,
        "height": 40
      },
      "_position": {
        "__type__": "cc.Vec3",
        "x": 47,
        "y": -263
      },
      "groupIndex": 1
    },
    {
      "__type__": "cc.Node",
      "_name": "Collect",
      "_parent": {
        "__id__": 2
      },
      "_level": 3,
      "_components": [
        {
          "__type__": "cc.Sprite",
          "node": {
            "__id__": 6
          },
          "_materials": [
            {
              "__uuid__": "ecpdLyjvZBwrvm+cedCcQy"
            }
          ],
          "_spriteFrame": {
            "__uuid__": "a4NhyRHwhN4bJ63uK9fAl1"
          },
          "_sizeMode": 2,
          "_isTrimmedMode": false
        },
        {
          "__type__": "cc.Button",
          "node": {
            "__id__": 6
          },
          "zoomScale": 0.9,
          "clickEvents": [
            {
              "__type__": "cc.ClickEvent",
              "target": {
                "__id__": 1
              },
              "_componentId": "7a0afb3WSJDzaAxxoToIXsz",
              "handler": "openService"
            }
          ],
          "_N$transition": 3,
          "transition": 3,
          "_N$target": {
            "__id__": 6
          }
        }
      ],
      "_prefab": {
        "__type__": "cc.PrefabInfo",
        "root": {
          "__id__": 1
        },
        "asset": {
          "__uuid__": "8ecZ48HPJNDqZox+p8i2Id"
        },
        "fileId": "69tq9+IMNCjaFtkvy/w7WF"
      },
      "_contentSize": {
        "__type__": "cc.Size",
        "width": 40,
        "height": 40
      },
      "_position": {
        "__type__": "cc.Vec3",
        "x": 47,
        "y": -293.494
      },
      "groupIndex": 1
    },
    {
      "__type__": "cc.Node",
      "_name": "Service",
      "_parent": {
        "__id__": 2
      },
      "_active": false,
      "_level": 3,
      "_components": [
        {
          "__type__": "cc.Sprite",
          "node": {
            "__id__": 7
          },
          "_materials": [
            {
              "__uuid__": "ecpdLyjvZBwrvm+cedCcQy"
            }
          ],
          "_spriteFrame": {
            "__uuid__": "fer9Zkt1VP1rP0S8a8Ef90"
          },
          "_sizeMode": 2,
          "_isTrimmedMode": false
        },
        {
          "__type__": "cc.Button",
          "node": {
            "__id__": 7
          },
          "zoomScale": 0.9,
          "clickEvents": [
            {
              "__type__": "cc.ClickEvent",
              "target": {
                "__id__": 1
              },
              "_componentId": "7a0afb3WSJDzaAxxoToIXsz",
              "handler": "openService"
            }
          ],
          "_N$transition": 3,
          "transition": 3,
          "_N$target": {
            "__id__": 7
          }
        }
      ],
      "_prefab": {
        "__type__": "cc.PrefabInfo",
        "root": {
          "__id__": 1
        },
        "asset": {
          "__uuid__": "8ecZ48HPJNDqZox+p8i2Id"
        },
        "fileId": "62d8431fZCS73GCA4SwqA7"
      },
      "_contentSize": {
        "__type__": "cc.Size",
        "width": 40,
        "height": 40
      },
      "_position": {
        "__type__": "cc.Vec3",
        "x": 47,
        "y": -311
      },
      "groupIndex": 1
    }
  ],
  {
    "__type__": "cc.SpriteFrame",
    "content": {
      "name": "setting_collect",
      "texture": "bber9idBlF9Idt0PLrzGlc",
      "rect": [
        235,
        1355,
        32,
        30
      ],
      "offset": [
        0,
        0
      ],
      "originalSize": [
        34,
        32
      ],
      "capInsets": [
        0,
        0,
        0,
        0
      ]
    }
  },
  {
    "__type__": "cc.SpriteFrame",
    "content": {
      "name": "setting_bg",
      "texture": "bber9idBlF9Idt0PLrzGlc",
      "rect": [
        813,
        1603,
        48,
        209
      ],
      "offset": [
        0,
        0
      ],
      "originalSize": [
        48,
        209
      ],
      "rotated": 1,
      "capInsets": [
        0,
        30,
        0,
        30
      ]
    }
  },
  {
    "__type__": "cc.SpriteFrame",
    "content": {
      "name": "setting_service",
      "texture": "bber9idBlF9Idt0PLrzGlc",
      "rect": [
        464,
        1040,
        32,
        32
      ],
      "offset": [
        0,
        0
      ],
      "originalSize": [
        34,
        34
      ],
      "capInsets": [
        0,
        0,
        0,
        0
      ]
    }
  }
]