[{"__type__":"cc.Prefab","_name":"shezhi_mc","data":{"__id__":1}},{"__type__":"cc.Node","_name":"shezhi_mc","_children":[{"__id__":2},{"__id__":3},{"__id__":4},{"__id__":5},{"__id__":6},{"__id__":7},{"__id__":8},{"__id__":9},{"__id__":10}],"_components":[{"__type__":"4a25fHAflRHQpC2JOXB6Run","node":{"__id__":1},"kai":{"__uuid__":"57nMWgaOlLN5pe0X8nSpgU"},"guan":{"__uuid__":"169Vv5JcxPra/tl9qNtksJ"}}],"_prefab":{"__type__":"cc.PrefabInfo","root":{"__id__":1},"asset":{"__uuid__":"3cfUnDYLhOBJcjBFPc6CcF"}},"_trs":{"__type__":"TypedArray","ctor":"Float64Array","array":[0,0,0,0,0,0,1,1,1,1]}},{"__type__":"cc.Node","_name":"bj","_parent":{"__id__":1},"_components":[{"__type__":"e97baXNkTtEN5txJxjMsMQL","node":{"__id__":2},"_materials":[{"__uuid__":"ecpdLyjvZBwrvm+cedCcQy"}],"_spriteFrame":{"__uuid__":"f7y79NZn9Ny5V9r6BD3zm1"},"_sizeMode":0}],"_prefab":{"__type__":"cc.PrefabInfo","root":{"__id__":1},"asset":{"__uuid__":"3cfUnDYLhOBJcjBFPc6CcF"},"fileId":"b4n5hexehLPoWJbtkBsf42"},"_opacity":50,"_contentSize":{"__type__":"cc.Size","width":779,"height":405},"_trs":{"__type__":"TypedArray","ctor":"Float64Array","array":[210.765,13.71,0,0,0,0,1,1,1,1]}},{"__type__":"cc.Node","_name":"bj","_parent":{"__id__":1},"_components":[{"__type__":"e97baXNkTtEN5txJxjMsMQL","node":{"__id__":3},"_materials":[{"__uuid__":"ecpdLyjvZBwrvm+cedCcQy"}],"_spriteFrame":{"__uuid__":"f7y79NZn9Ny5V9r6BD3zm1"},"_sizeMode":0}],"_prefab":{"__type__":"cc.PrefabInfo","root":{"__id__":1},"asset":{"__uuid__":"3cfUnDYLhOBJcjBFPc6CcF"},"fileId":"07r/kFSZtFCr/u8MHUZV8H"},"_contentSize":{"__type__":"cc.Size","width":269,"height":70},"_trs":{"__type__":"TypedArray","ctor":"Float64Array","array":[203.791,258.178,0,0,0,0,1,1,1,1]}},{"__type__":"cc.Node","_name":"label","_parent":{"__id__":1},"_components":[{"__type__":"169900iLpFDSrelEizBDC4Z","node":{"__id__":4},"_materials":[{"__uuid__":"ecpdLyjvZBwrvm+cedCcQy"}],"_string":"设置","_N$string":"设置","_fontSize":38,"_N$horizontalAlign":1,"_N$verticalAlign":1}],"_prefab":{"__type__":"cc.PrefabInfo","root":{"__id__":1},"asset":{"__uuid__":"3cfUnDYLhOBJcjBFPc6CcF"},"fileId":"b9zjbfimhMgLBujE+vcnCg"},"_contentSize":{"__type__":"cc.Size","width":76,"height":50.4},"_trs":{"__type__":"TypedArray","ctor":"Float64Array","array":[202.651,260.847,0,0,0,0,1,1,1,1]}},{"__type__":"cc.Node","_name":"label","_parent":{"__id__":1},"_components":[{"__type__":"169900iLpFDSrelEizBDC4Z","node":{"__id__":5},"_materials":[{"__uuid__":"ecpdLyjvZBwrvm+cedCcQy"}],"_string":"音乐：","_N$string":"音乐：","_fontSize":25,"_N$horizontalAlign":1,"_N$verticalAlign":1}],"_prefab":{"__type__":"cc.PrefabInfo","root":{"__id__":1},"asset":{"__uuid__":"3cfUnDYLhOBJcjBFPc6CcF"},"fileId":"baWus5CwBKBYXatfM2v/vO"},"_contentSize":{"__type__":"cc.Size","width":75,"height":50.4},"_anchorPoint":{"__type__":"cc.Vec2","x":1,"y":0.5},"_trs":{"__type__":"TypedArray","ctor":"Float64Array","array":[190.523,94.834,0,0,0,0,1,1,1,1]}},{"__type__":"cc.Node","_name":"label","_parent":{"__id__":1},"_components":[{"__type__":"169900iLpFDSrelEizBDC4Z","node":{"__id__":6},"_materials":[{"__uuid__":"ecpdLyjvZBwrvm+cedCcQy"}],"_string":"震动：","_N$string":"震动：","_fontSize":25,"_N$horizontalAlign":1,"_N$verticalAlign":1}],"_prefab":{"__type__":"cc.PrefabInfo","root":{"__id__":1},"asset":{"__uuid__":"3cfUnDYLhOBJcjBFPc6CcF"},"fileId":"97dOLOO5pCa6ar2m49m04U"},"_contentSize":{"__type__":"cc.Size","width":75,"height":50.4},"_trs":{"__type__":"TypedArray","ctor":"Float64Array","array":[-1568.942,-72.919,0,0,0,0,1,1,1,1]}},{"__type__":"cc.Node","_name":"cxks_btn2","_parent":{"__id__":1},"_active":false,"_components":[{"__type__":"e97baXNkTtEN5txJxjMsMQL","node":{"__id__":7},"_materials":[{"__uuid__":"ecpdLyjvZBwrvm+cedCcQy"}],"_spriteFrame":{"__uuid__":"f7y79NZn9Ny5V9r6BD3zm1"},"_sizeMode":0}],"_prefab":{"__type__":"cc.PrefabInfo","root":{"__id__":1},"asset":{"__uuid__":"3cfUnDYLhOBJcjBFPc6CcF"},"fileId":"3foW+POJhMpqaDDOmSUqNi"},"_contentSize":{"__type__":"cc.Size","width":130,"height":50},"_trs":{"__type__":"TypedArray","ctor":"Float64Array","array":[210.461,-79.89,0,0,0,0,1,1,1,1]}},{"__type__":"cc.Node","_name":"kaiguan1","_parent":{"__id__":1},"_components":[{"__type__":"e97baXNkTtEN5txJxjMsMQL","node":{"__id__":8},"_materials":[{"__uuid__":"ecpdLyjvZBwrvm+cedCcQy"}],"_spriteFrame":{"__uuid__":"57nMWgaOlLN5pe0X8nSpgU"}}],"_prefab":{"__type__":"cc.PrefabInfo","root":{"__id__":1},"asset":{"__uuid__":"3cfUnDYLhOBJcjBFPc6CcF"},"fileId":"28S3yWFr5Ec6jPD38yS+/p"},"_contentSize":{"__type__":"cc.Size","width":72,"height":19},"_trs":{"__type__":"TypedArray","ctor":"Float64Array","array":[286.469,93.99,0,0,0,0,1,1.5,1.5,1]}},{"__type__":"cc.Node","_name":"kaiguan2","_parent":{"__id__":1},"_components":[{"__type__":"e97baXNkTtEN5txJxjMsMQL","node":{"__id__":9},"_materials":[{"__uuid__":"ecpdLyjvZBwrvm+cedCcQy"}],"_spriteFrame":{"__uuid__":"169Vv5JcxPra/tl9qNtksJ"}}],"_prefab":{"__type__":"cc.PrefabInfo","root":{"__id__":1},"asset":{"__uuid__":"3cfUnDYLhOBJcjBFPc6CcF"},"fileId":"57MhhtmcBEy6/uOsN2shF8"},"_contentSize":{"__type__":"cc.Size","width":72,"height":19},"_trs":{"__type__":"TypedArray","ctor":"Float64Array","array":[-1419.572,-75.97,0,0,0,0,1,1.5,1.5,1]}},{"__type__":"cc.Node","_name":"label","_parent":{"__id__":1},"_active":false,"_components":[{"__type__":"169900iLpFDSrelEizBDC4Z","node":{"__id__":10},"_materials":[{"__uuid__":"ecpdLyjvZBwrvm+cedCcQy"}],"_string":"删除存档","_N$string":"删除存档","_fontSize":25,"_N$horizontalAlign":1,"_N$verticalAlign":1}],"_prefab":{"__type__":"cc.PrefabInfo","root":{"__id__":1},"asset":{"__uuid__":"3cfUnDYLhOBJcjBFPc6CcF"},"fileId":"1aAlVBdb5KUpvZKLGUcbU4"},"_contentSize":{"__type__":"cc.Size","width":100,"height":50.4},"_trs":{"__type__":"TypedArray","ctor":"Float64Array","array":[211.806,-78.558,0,0,0,0,1,1,1,1]}}]