[1,["1a6ce1326","ecpdLyjvZBwrvm+cedCcQy","01uTK3+c1NEK+4Zqdf5CL4"],["_textureSetter","root","node","data","_spriteFrame"],[["cc.Node",["_name","_prefab","_contentSize","_children","_parent","_components"],2,4,5,2,1,9],["cc.PrefabInfo",["fileId","root"],2,1],"cc.SpriteFrame",["cc.Prefab",["_name"],2],["cc.Sprite",["node","_materials","_spriteFrame"],3,1,3,6]],[[3,0,2],[0,0,3,1,2,2],[0,0,4,5,1,2,2],[1,1,1],[1,0,1,2],[4,0,1,2,1]],[[[{"name":"map1","rect":[556,2,400,700],"offset":[0,0],"originalSize":[400,700],"capInsets":[0,0,0,0]}],[2],0,[0],[0],[0]],[[[0,"map1"],[1,"map1",[-2],[3,-1],[5,400,700]],[2,"map1",1,[[5,-3,[0],1]],[4,"6cJJNc5jJP8517rsRTBPC5",1],[5,400,700]]],0,[0,1,1,0,-1,2,0,2,2,0,3,1,3],[0,0],[-1,4],[1,2]]]]