[1,["1a6ce1326","ecpdLyjvZBwrvm+cedCcQy","6dS6kGFbpBz7fQ/DFGQ8wE"],["_textureSetter","root","node","data","_spriteFrame"],["cc.SpriteFrame",["cc.Prefab",["_name"],2],["cc.Node",["_name","_components","_prefab","_contentSize"],2,9,4,5],["cc.Sprite",["node","_materials","_spriteFrame"],3,1,3,6],["cc.PrefabInfo",["root"],3,1]],[[1,0,2],[2,0,1,2,3,2],[3,0,1,2,1],[4,0,1]],[[[{"name":"map9","rect":[1364,473,80,160],"offset":[0,0],"originalSize":[80,160],"capInsets":[0,0,0,0]}],[0],0,[0],[0],[0]],[[[0,"map9"],[1,"map9",[[2,-2,[0],1]],[3,-1],[5,80,160]]],0,[0,1,1,0,2,1,0,3,1,2],[0,0],[-1,4],[1,2]]]]