[1,["ecpdLyjvZBwrvm+cedCcQy","f21SUmfalNDrPxx+oW2/++","1a6ce1326","165c85a4a","94ywwigo1IhLlUzFuiwd6m","6eusQlHnpC9YxytM9i9EpF","b7AmBzxb1HprVbMTtJBKoq","d9XBdwv6VGzYyWIwpMpFhs"],["node","_spriteFrame","_textureSetter","root","data"],[["cc.Node",["_name","_active","_groupIndex","_components","_prefab","_contentSize","_trs","_parent","_children"],0,9,4,5,7,1,2],"cc.SpriteFrame",["cc.Sprite",["_sizeMode","node","_materials","_spriteFrame"],2,1,3,6],["cc.PrefabInfo",["fileId","root"],2,1],["cc.Prefab",["_name"],2],["cc.Widget",["_alignFlags","_originalWidth","_originalHeight","node"],0,1],["cc.BlockInputEvents",["node"],3,1]],[[2,1,2,3,1],[3,0,1,2],[0,0,2,7,3,4,5,6,3],[4,0,2],[0,0,8,3,4,5,6,2],[0,0,7,3,4,5,6,2],[0,0,1,7,3,4,5,6,3],[2,0,1,2,3,2],[5,0,1,2,3,4],[6,0,1],[3,1,1]],[[[{"name":"leadbg4","rect":[1561,1454,532,382],"offset":[0,0],"originalSize":[532,382],"rotated":1,"capInsets":[0,0,0,0]}],[1],0,[0],[2],[3]],[[{"name":"leadbg3","rect":[1228,1484,532,382],"offset":[0,0],"originalSize":[532,382],"capInsets":[0,0,0,0]}],[1],0,[0],[2],[2]],[[[3,"Leader"],[4,"Leader",[-5,-6,-7,-8,-9,-10],[[7,0,-2,[12],13],[8,45,128,128,-3],[9,-4]],[10,-1],[5,640,1136],[320,568,0,0,0,0,1,1,1,1]],[5,"icon1",1,[[0,-11,[0],1]],[1,"09fOhdBghFNYtunD+5owJP",1],[5,532,382],[0,120,0,0,0,0,1,1,1,1]],[6,"icon2",false,1,[[0,-12,[2],3]],[1,"b7cymCcoFOu6c1GVPrlo1J",1],[5,532,382],[0,120,0,0,0,0,1,1,1,1]],[2,"leadcircle3",1,1,[[0,-13,[4],5]],[1,"1dT12lwJhNT5nv+iCLgWlv",1],[5,100,100],[113.099,-180.258,0,0,0,0,1,0.5,0.5,0.25]],[2,"leadcircle2",1,1,[[0,-14,[6],7]],[1,"f04xn0UBlP64VkBajw90JA",1],[5,100,100],[113.099,-180.258,0,0,0,0,1,0.5,0.5,1]],[2,"leadcircle1",1,1,[[0,-15,[8],9]],[1,"faT9Aci91LVpxxqyorfyhG",1],[5,100,100],[113.099,-180.258,0,0,0,0,1,0.5,0.5,1]],[2,"leadhand",1,1,[[0,-16,[10],11]],[1,"26nRRPSABB/J3WiHcRixZT",1],[5,86,128],[144.86,-237.977,0,0,0,0,1,1,1,1]]],0,[0,3,1,0,0,1,0,0,1,0,0,1,0,-1,2,0,-2,3,0,-3,4,0,-4,5,0,-5,6,0,-6,7,0,0,2,0,0,3,0,0,4,0,0,5,0,0,6,0,0,7,0,4,1,16],[0,0,0,0,0,0,0,0,0,0,0,0,0,0],[-1,1,-1,1,-1,1,-1,1,-1,1,-1,1,-1,1],[0,4,0,5,0,1,0,1,0,1,0,6,0,7]],[[{"name":"leadbg2","rect":[1359,341,86,128],"offset":[0,0],"originalSize":[86,128],"capInsets":[0,0,0,0]}],[1],0,[0],[2],[2]]]]