[1,["ecpdLyjvZBwrvm+cedCcQy","f0eTUQA1JGWqfzqJTM0qKG","1a6ce1326"],["root","node","data","_spriteFrame","_textureSetter"],[["cc.Node",["_name","_prefab","_contentSize","_children","_parent","_components"],2,4,5,2,1,9],["cc.PrefabInfo",["fileId","root"],2,1],"cc.SpriteFrame",["cc.Prefab",["_name"],2],["cc.Sprite",["node","_materials","_spriteFrame"],3,1,3,6]],[[3,0,2],[0,0,3,1,2,2],[0,0,4,5,1,2,2],[1,1,1],[1,0,1,2],[4,0,1,2,1]],[[[[0,"map7"],[1,"map7",[-2],[3,-1],[5,150,700]],[2,"map7",1,[[5,-3,[0],1]],[4,"1cXNzcRKNG1613mQSaUshG",1],[5,150,700]]],0,[0,0,1,0,-1,2,0,1,2,0,2,1,3],[0,0],[-1,3],[0,1]],[[{"name":"map7","rect":[1164,780,150,700],"offset":[0,0],"originalSize":[150,700],"capInsets":[0,0,0,0]}],[2],0,[0],[4],[2]]]]