{
	"groups": [
		{
			"keys": "gameBox_jpg,roundthumb_png,track_sb_png,dt_base_loading_png,effAnim_json,share1_jpg,shuzi_fnt,shuzi_0_png,dt_base_tipbg_png,map1_png,map2_png,map3_png,map4_png,map5_png,ZM004_0000_png,ZM004_0001_png,ZM004_0002_png,ZM004_0003_png,ZM004_0004_png,ZM004_0005_png,ZM004_0006_png,ZM004_0007_png,ZM004_0008_png,ZM004_0009_png,ZM004_0010_png,ZM004_0011_png,ZM004_0012_png,ZM004_0013_png,ZM004_0014_png,ZM004_0015_png,ZM002_0000_png,ZM002_0001_png,ZM002_0002_png,ZM002_0003_png,ZM002_0004_png,ZM002_0005_png,ZM002_0006_png,ZM002_0007_png,ZM002_0008_png,ZM002_0009_png,ZM002_0010_png,ZM002_0011_png,ZM001_0000_png,ZM001_0001_png,ZM001_0002_png,ZM001_0003_png,ZM001_0004_png,ZM001_0005_png,ZM001_0006_png,ZM001_0007_png,ZM001_0008_png,ZM001_0009_png,ZM001_0010_png,ZM001_0011_png,ZM001_0012_png,ZM001_0013_png,ZM001_0014_png,ZM001_0015_png,star01_png,star02_png,star03_png,ZM03_0000_png,ZM03_0001_png,ZM03_0002_png,ZM03_0003_png,ZM03_0004_png,ZM03_0005_png,ZM03_0006_png,ZM03_0007_png,ZM03_0008_png,ZM03_0009_png,ZM03_0010_png,ZM03_0011_png,mapBk_jpg,homeBk_jpg,score_fnt,score_0_png,xc_bg_001_png,wfg001_0000_png,wfg001_0001_png,wfg001_0002_png,wfg001_0003_png,wfg001_0004_png,wfg001_0005_png,wfg001_0006_png,wfg001_0007_png,wfg001_0008_png,wfg001_0009_png,wfg001_0010_png,wfg001_0011_png,head_0_jpg,head_1_jpg,head_10_jpg,head_11_jpg,head_12_jpg,head_13_jpg,head_14_jpg,head_15_jpg,head_16_jpg,head_17_jpg,head_18_jpg,head_19_jpg,head_2_jpg,head_20_jpg,head_21_jpg,head_22_jpg,head_23_jpg,head_24_jpg,head_25_jpg,head_26_jpg,head_27_jpg,head_28_jpg,head_29_jpg,head_3_jpg,head_30_jpg,head_31_jpg,head_32_jpg,head_33_jpg,head_34_jpg,head_35_jpg,head_4_jpg,head_5_jpg,head_6_jpg,head_7_jpg,head_8_jpg,head_9_jpg,gameEui_json,zmj_frame_10_png,zmj_frame_09_png,zmj_font_08_png,zmj_frame_08_png,zmj_frame_07_png,zmj_frame_15_png,zmj_frame_16_png,zmj_icon_07_png,zmj_icon_08_png,zmj_icon_09_png,zmj_buttom_15_png,quanfuBtn_png,map6_png,map7_png,zmj_line2_png,zmj_line1_png,play_json,video_png,4399_png",
			"name": "preload"
		},
		{
			"keys": "dt_base_loading_png",
			"name": "base"
		},
		{
			"keys": "backg_black_png",
			"name": "common"
		}
	],
	"resources": [
		{
			"url": "assets/social/wxshare/gameBox.jpg",
			"type": "image",
			"name": "gameBox_jpg"
		},
		{
			"url": "assets/ScrollBar/roundthumb.png",
			"type": "image",
			"name": "roundthumb_png"
		},
		{
			"url": "assets/ScrollBar/track_sb.png",
			"type": "image",
			"name": "track_sb_png"
		},
		{
			"url": "assets/ui/base/dt_base_loading.png",
			"type": "image",
			"name": "dt_base_loading_png"
		},
		{
			"url": "assets/effect/effAnim.json",
			"type": "json",
			"name": "effAnim_json"
		},
		{
			"url": "assets/social/wxshare/share1.jpg",
			"type": "image",
			"name": "share1_jpg"
		},
		{
			"url": "assets/ui/font/shuzi.fnt",
			"type": "font",
			"name": "shuzi_fnt"
		},
		{
			"url": "assets/ui/font/shuzi_0.png",
			"type": "image",
			"name": "shuzi_0_png"
		},
		{
			"url": "assets/ui/common/backg_black.png",
			"type": "image",
			"name": "backg_black_png"
		},
		{
			"url": "assets/ui/common/dt_base_tipbg.png",
			"type": "image",
			"name": "dt_base_tipbg_png"
		},
		{
			"url": "assets/ui/play/map1.png",
			"type": "image",
			"name": "map1_png"
		},
		{
			"url": "assets/ui/play/map2.png",
			"type": "image",
			"name": "map2_png"
		},
		{
			"url": "assets/ui/play/map3.png",
			"type": "image",
			"name": "map3_png"
		},
		{
			"url": "assets/ui/play/map4.png",
			"type": "image",
			"name": "map4_png"
		},
		{
			"url": "assets/ui/play/map5.png",
			"type": "image",
			"name": "map5_png"
		},
		{
			"url": "assets/effect/heidong/ZM004_0000.png",
			"type": "image",
			"name": "ZM004_0000_png"
		},
		{
			"url": "assets/effect/heidong/ZM004_0001.png",
			"type": "image",
			"name": "ZM004_0001_png"
		},
		{
			"url": "assets/effect/heidong/ZM004_0002.png",
			"type": "image",
			"name": "ZM004_0002_png"
		},
		{
			"url": "assets/effect/heidong/ZM004_0003.png",
			"type": "image",
			"name": "ZM004_0003_png"
		},
		{
			"url": "assets/effect/heidong/ZM004_0004.png",
			"type": "image",
			"name": "ZM004_0004_png"
		},
		{
			"url": "assets/effect/heidong/ZM004_0005.png",
			"type": "image",
			"name": "ZM004_0005_png"
		},
		{
			"url": "assets/effect/heidong/ZM004_0006.png",
			"type": "image",
			"name": "ZM004_0006_png"
		},
		{
			"url": "assets/effect/heidong/ZM004_0007.png",
			"type": "image",
			"name": "ZM004_0007_png"
		},
		{
			"url": "assets/effect/heidong/ZM004_0008.png",
			"type": "image",
			"name": "ZM004_0008_png"
		},
		{
			"url": "assets/effect/heidong/ZM004_0009.png",
			"type": "image",
			"name": "ZM004_0009_png"
		},
		{
			"url": "assets/effect/heidong/ZM004_0010.png",
			"type": "image",
			"name": "ZM004_0010_png"
		},
		{
			"url": "assets/effect/heidong/ZM004_0011.png",
			"type": "image",
			"name": "ZM004_0011_png"
		},
		{
			"url": "assets/effect/heidong/ZM004_0012.png",
			"type": "image",
			"name": "ZM004_0012_png"
		},
		{
			"url": "assets/effect/heidong/ZM004_0013.png",
			"type": "image",
			"name": "ZM004_0013_png"
		},
		{
			"url": "assets/effect/heidong/ZM004_0014.png",
			"type": "image",
			"name": "ZM004_0014_png"
		},
		{
			"url": "assets/effect/heidong/ZM004_0015.png",
			"type": "image",
			"name": "ZM004_0015_png"
		},
		{
			"url": "assets/effect/qipaosuilie/ZM002_0000.png",
			"type": "image",
			"name": "ZM002_0000_png"
		},
		{
			"url": "assets/effect/qipaosuilie/ZM002_0001.png",
			"type": "image",
			"name": "ZM002_0001_png"
		},
		{
			"url": "assets/effect/qipaosuilie/ZM002_0002.png",
			"type": "image",
			"name": "ZM002_0002_png"
		},
		{
			"url": "assets/effect/qipaosuilie/ZM002_0003.png",
			"type": "image",
			"name": "ZM002_0003_png"
		},
		{
			"url": "assets/effect/qipaosuilie/ZM002_0004.png",
			"type": "image",
			"name": "ZM002_0004_png"
		},
		{
			"url": "assets/effect/qipaosuilie/ZM002_0005.png",
			"type": "image",
			"name": "ZM002_0005_png"
		},
		{
			"url": "assets/effect/qipaosuilie/ZM002_0006.png",
			"type": "image",
			"name": "ZM002_0006_png"
		},
		{
			"url": "assets/effect/qipaosuilie/ZM002_0007.png",
			"type": "image",
			"name": "ZM002_0007_png"
		},
		{
			"url": "assets/effect/qipaosuilie/ZM002_0008.png",
			"type": "image",
			"name": "ZM002_0008_png"
		},
		{
			"url": "assets/effect/qipaosuilie/ZM002_0009.png",
			"type": "image",
			"name": "ZM002_0009_png"
		},
		{
			"url": "assets/effect/qipaosuilie/ZM002_0010.png",
			"type": "image",
			"name": "ZM002_0010_png"
		},
		{
			"url": "assets/effect/qipaosuilie/ZM002_0011.png",
			"type": "image",
			"name": "ZM002_0011_png"
		},
		{
			"url": "assets/effect/xiaochu/ZM001_0000.png",
			"type": "image",
			"name": "ZM001_0000_png"
		},
		{
			"url": "assets/effect/xiaochu/ZM001_0001.png",
			"type": "image",
			"name": "ZM001_0001_png"
		},
		{
			"url": "assets/effect/xiaochu/ZM001_0002.png",
			"type": "image",
			"name": "ZM001_0002_png"
		},
		{
			"url": "assets/effect/xiaochu/ZM001_0003.png",
			"type": "image",
			"name": "ZM001_0003_png"
		},
		{
			"url": "assets/effect/xiaochu/ZM001_0004.png",
			"type": "image",
			"name": "ZM001_0004_png"
		},
		{
			"url": "assets/effect/xiaochu/ZM001_0005.png",
			"type": "image",
			"name": "ZM001_0005_png"
		},
		{
			"url": "assets/effect/xiaochu/ZM001_0006.png",
			"type": "image",
			"name": "ZM001_0006_png"
		},
		{
			"url": "assets/effect/xiaochu/ZM001_0007.png",
			"type": "image",
			"name": "ZM001_0007_png"
		},
		{
			"url": "assets/effect/xiaochu/ZM001_0008.png",
			"type": "image",
			"name": "ZM001_0008_png"
		},
		{
			"url": "assets/effect/xiaochu/ZM001_0009.png",
			"type": "image",
			"name": "ZM001_0009_png"
		},
		{
			"url": "assets/effect/xiaochu/ZM001_0010.png",
			"type": "image",
			"name": "ZM001_0010_png"
		},
		{
			"url": "assets/effect/xiaochu/ZM001_0011.png",
			"type": "image",
			"name": "ZM001_0011_png"
		},
		{
			"url": "assets/effect/xiaochu/ZM001_0012.png",
			"type": "image",
			"name": "ZM001_0012_png"
		},
		{
			"url": "assets/effect/xiaochu/ZM001_0013.png",
			"type": "image",
			"name": "ZM001_0013_png"
		},
		{
			"url": "assets/effect/xiaochu/ZM001_0014.png",
			"type": "image",
			"name": "ZM001_0014_png"
		},
		{
			"url": "assets/effect/xiaochu/ZM001_0015.png",
			"type": "image",
			"name": "ZM001_0015_png"
		},
		{
			"url": "assets/effect/xingxing/star01.png",
			"type": "image",
			"name": "star01_png"
		},
		{
			"url": "assets/effect/xingxing/star02.png",
			"type": "image",
			"name": "star02_png"
		},
		{
			"url": "assets/effect/xingxing/star03.png",
			"type": "image",
			"name": "star03_png"
		},
		{
			"url": "assets/effect/zhadanbaozha/ZM03_0000.png",
			"type": "image",
			"name": "ZM03_0000_png"
		},
		{
			"url": "assets/effect/zhadanbaozha/ZM03_0001.png",
			"type": "image",
			"name": "ZM03_0001_png"
		},
		{
			"url": "assets/effect/zhadanbaozha/ZM03_0002.png",
			"type": "image",
			"name": "ZM03_0002_png"
		},
		{
			"url": "assets/effect/zhadanbaozha/ZM03_0003.png",
			"type": "image",
			"name": "ZM03_0003_png"
		},
		{
			"url": "assets/effect/zhadanbaozha/ZM03_0004.png",
			"type": "image",
			"name": "ZM03_0004_png"
		},
		{
			"url": "assets/effect/zhadanbaozha/ZM03_0005.png",
			"type": "image",
			"name": "ZM03_0005_png"
		},
		{
			"url": "assets/effect/zhadanbaozha/ZM03_0006.png",
			"type": "image",
			"name": "ZM03_0006_png"
		},
		{
			"url": "assets/effect/zhadanbaozha/ZM03_0007.png",
			"type": "image",
			"name": "ZM03_0007_png"
		},
		{
			"url": "assets/effect/zhadanbaozha/ZM03_0008.png",
			"type": "image",
			"name": "ZM03_0008_png"
		},
		{
			"url": "assets/effect/zhadanbaozha/ZM03_0009.png",
			"type": "image",
			"name": "ZM03_0009_png"
		},
		{
			"url": "assets/effect/zhadanbaozha/ZM03_0010.png",
			"type": "image",
			"name": "ZM03_0010_png"
		},
		{
			"url": "assets/effect/zhadanbaozha/ZM03_0011.png",
			"type": "image",
			"name": "ZM03_0011_png"
		},
		{
			"url": "assets/ui/play/mapBk.jpg",
			"type": "image",
			"name": "mapBk_jpg"
		},
		{
			"url": "assets/ui/play/homeBk.jpg",
			"type": "image",
			"name": "homeBk_jpg"
		},
		{
			"url": "assets/sound/button.mp3",
			"type": "sound",
			"name": "button_mp3"
		},
		{
			"url": "assets/sound/bgm.mp3",
			"type": "sound",
			"name": "bgm_mp3"
		},
		{
			"url": "assets/ui/font/score.fnt",
			"type": "font",
			"name": "score_fnt"
		},
		{
			"url": "assets/ui/font/score_0.png",
			"type": "image",
			"name": "score_0_png"
		},
		{
			"url": "assets/ui/common/xc_bg_001.png",
			"type": "image",
			"name": "xc_bg_001_png"
		},
		{
			"url": "assets/sound/beidong.mp3",
			"type": "sound",
			"name": "beidong_mp3"
		},
		{
			"url": "assets/sound/fashe.mp3",
			"type": "sound",
			"name": "fashe_mp3"
		},
		{
			"url": "assets/sound/heidong.mp3",
			"type": "sound",
			"name": "heidong_mp3"
		},
		{
			"url": "assets/sound/pengzhuang.mp3",
			"type": "sound",
			"name": "pengzhuang_mp3"
		},
		{
			"url": "assets/sound/xiaochu1.mp3",
			"type": "sound",
			"name": "xiaochu1_mp3"
		},
		{
			"url": "assets/sound/xiaochu2.mp3",
			"type": "sound",
			"name": "xiaochu2_mp3"
		},
		{
			"url": "assets/sound/xiaochu3.mp3",
			"type": "sound",
			"name": "xiaochu3_mp3"
		},
		{
			"url": "assets/sound/xiaochu4.mp3",
			"type": "sound",
			"name": "xiaochu4_mp3"
		},
		{
			"url": "assets/sound/zhadan.mp3",
			"type": "sound",
			"name": "zhadan_mp3"
		},
		{
			"name": "wfg001_0000_png",
			"type": "image",
			"url": "assets/effect/daojishan/wfg001_0000.png"
		},
		{
			"name": "wfg001_0001_png",
			"type": "image",
			"url": "assets/effect/daojishan/wfg001_0001.png"
		},
		{
			"name": "wfg001_0002_png",
			"type": "image",
			"url": "assets/effect/daojishan/wfg001_0002.png"
		},
		{
			"name": "wfg001_0003_png",
			"type": "image",
			"url": "assets/effect/daojishan/wfg001_0003.png"
		},
		{
			"name": "wfg001_0004_png",
			"type": "image",
			"url": "assets/effect/daojishan/wfg001_0004.png"
		},
		{
			"name": "wfg001_0005_png",
			"type": "image",
			"url": "assets/effect/daojishan/wfg001_0005.png"
		},
		{
			"name": "wfg001_0006_png",
			"type": "image",
			"url": "assets/effect/daojishan/wfg001_0006.png"
		},
		{
			"name": "wfg001_0007_png",
			"type": "image",
			"url": "assets/effect/daojishan/wfg001_0007.png"
		},
		{
			"name": "wfg001_0008_png",
			"type": "image",
			"url": "assets/effect/daojishan/wfg001_0008.png"
		},
		{
			"name": "wfg001_0009_png",
			"type": "image",
			"url": "assets/effect/daojishan/wfg001_0009.png"
		},
		{
			"name": "wfg001_0010_png",
			"type": "image",
			"url": "assets/effect/daojishan/wfg001_0010.png"
		},
		{
			"name": "wfg001_0011_png",
			"type": "image",
			"url": "assets/effect/daojishan/wfg001_0011.png"
		},
		{
			"name": "head_0_jpg",
			"type": "image",
			"url": "assets/social/head/head_0.jpg"
		},
		{
			"name": "head_1_jpg",
			"type": "image",
			"url": "assets/social/head/head_1.jpg"
		},
		{
			"name": "head_10_jpg",
			"type": "image",
			"url": "assets/social/head/head_10.jpg"
		},
		{
			"name": "head_11_jpg",
			"type": "image",
			"url": "assets/social/head/head_11.jpg"
		},
		{
			"name": "head_12_jpg",
			"type": "image",
			"url": "assets/social/head/head_12.jpg"
		},
		{
			"name": "head_13_jpg",
			"type": "image",
			"url": "assets/social/head/head_13.jpg"
		},
		{
			"name": "head_14_jpg",
			"type": "image",
			"url": "assets/social/head/head_14.jpg"
		},
		{
			"name": "head_15_jpg",
			"type": "image",
			"url": "assets/social/head/head_15.jpg"
		},
		{
			"name": "head_16_jpg",
			"type": "image",
			"url": "assets/social/head/head_16.jpg"
		},
		{
			"name": "head_17_jpg",
			"type": "image",
			"url": "assets/social/head/head_17.jpg"
		},
		{
			"name": "head_18_jpg",
			"type": "image",
			"url": "assets/social/head/head_18.jpg"
		},
		{
			"name": "head_19_jpg",
			"type": "image",
			"url": "assets/social/head/head_19.jpg"
		},
		{
			"name": "head_2_jpg",
			"type": "image",
			"url": "assets/social/head/head_2.jpg"
		},
		{
			"name": "head_20_jpg",
			"type": "image",
			"url": "assets/social/head/head_20.jpg"
		},
		{
			"name": "head_21_jpg",
			"type": "image",
			"url": "assets/social/head/head_21.jpg"
		},
		{
			"name": "head_22_jpg",
			"type": "image",
			"url": "assets/social/head/head_22.jpg"
		},
		{
			"name": "head_23_jpg",
			"type": "image",
			"url": "assets/social/head/head_23.jpg"
		},
		{
			"name": "head_24_jpg",
			"type": "image",
			"url": "assets/social/head/head_24.jpg"
		},
		{
			"name": "head_25_jpg",
			"type": "image",
			"url": "assets/social/head/head_25.jpg"
		},
		{
			"name": "head_26_jpg",
			"type": "image",
			"url": "assets/social/head/head_26.jpg"
		},
		{
			"name": "head_27_jpg",
			"type": "image",
			"url": "assets/social/head/head_27.jpg"
		},
		{
			"name": "head_28_jpg",
			"type": "image",
			"url": "assets/social/head/head_28.jpg"
		},
		{
			"name": "head_29_jpg",
			"type": "image",
			"url": "assets/social/head/head_29.jpg"
		},
		{
			"name": "head_3_jpg",
			"type": "image",
			"url": "assets/social/head/head_3.jpg"
		},
		{
			"name": "head_30_jpg",
			"type": "image",
			"url": "assets/social/head/head_30.jpg"
		},
		{
			"name": "head_31_jpg",
			"type": "image",
			"url": "assets/social/head/head_31.jpg"
		},
		{
			"name": "head_32_jpg",
			"type": "image",
			"url": "assets/social/head/head_32.jpg"
		},
		{
			"name": "head_33_jpg",
			"type": "image",
			"url": "assets/social/head/head_33.jpg"
		},
		{
			"name": "head_34_jpg",
			"type": "image",
			"url": "assets/social/head/head_34.jpg"
		},
		{
			"name": "head_35_jpg",
			"type": "image",
			"url": "assets/social/head/head_35.jpg"
		},
		{
			"name": "head_4_jpg",
			"type": "image",
			"url": "assets/social/head/head_4.jpg"
		},
		{
			"name": "head_5_jpg",
			"type": "image",
			"url": "assets/social/head/head_5.jpg"
		},
		{
			"name": "head_6_jpg",
			"type": "image",
			"url": "assets/social/head/head_6.jpg"
		},
		{
			"name": "head_7_jpg",
			"type": "image",
			"url": "assets/social/head/head_7.jpg"
		},
		{
			"name": "head_8_jpg",
			"type": "image",
			"url": "assets/social/head/head_8.jpg"
		},
		{
			"name": "head_9_jpg",
			"type": "image",
			"url": "assets/social/head/head_9.jpg"
		},
		{
			"name": "gameEui_json",
			"type": "json",
			"url": "gameEui.json"
		},
		{
			"name": "zmj_frame_10_png",
			"type": "image",
			"url": "assets/ui/imgs/zmj_frame_10.png"
		},
		{
			"name": "zmj_frame_09_png",
			"type": "image",
			"url": "assets/ui/imgs/zmj_frame_09.png"
		},
		{
			"name": "zmj_font_08_png",
			"type": "image",
			"url": "assets/ui/imgs/zmj_font_08.png"
		},
		{
			"name": "zmj_frame_08_png",
			"type": "image",
			"url": "assets/ui/imgs/zmj_frame_08.png"
		},
		{
			"name": "zmj_frame_07_png",
			"type": "image",
			"url": "assets/ui/imgs/zmj_frame_07.png"
		},
		{
			"name": "zmj_frame_15_png",
			"type": "image",
			"url": "assets/ui/imgs/zmj_frame_15.png"
		},
		{
			"name": "zmj_frame_16_png",
			"type": "image",
			"url": "assets/ui/imgs/zmj_frame_16.png"
		},
		{
			"name": "zmj_icon_07_png",
			"type": "image",
			"url": "assets/ui/imgs/zmj_icon_07.png"
		},
		{
			"name": "zmj_icon_08_png",
			"type": "image",
			"url": "assets/ui/imgs/zmj_icon_08.png"
		},
		{
			"name": "zmj_icon_09_png",
			"type": "image",
			"url": "assets/ui/imgs/zmj_icon_09.png"
		},
		{
			"name": "zmj_buttom_15_png",
			"type": "image",
			"url": "assets/ui/imgs/zmj_buttom_15.png"
		},
		{
			"name": "quanfuBtn_png",
			"type": "image",
			"url": "assets/ui/imgs/quanfuBtn.png"
		},
		{
			"name": "map6_png",
			"type": "image",
			"url": "assets/ui/play/map6.png"
		},
		{
			"name": "map7_png",
			"type": "image",
			"url": "assets/ui/play/map7.png"
		},
		{
			"name": "zmj_line2_png",
			"type": "image",
			"url": "assets/ui/base/zmj_line2.png"
		},
		{
			"name": "zmj_line1_png",
			"type": "image",
			"url": "assets/ui/base/zmj_line1.png"
		},
		{
			"name": "play_json",
			"type": "sheet",
			"url": "assets/ui/play/play.json",
			"subkeys": "ball_1_01,ball_1_02,ball_1_03,ball_1_04,ball_1_05,ball_1_06,ball_1_07,ball_1_08,ball_1_09,ball_1_10,ball_1_11,ball_1_12,ball_1_13,ball_1_14,ball_1_15,ball_1_16,ball_1_17,ball_1_18,ball_1_19,ball_1_20,ball_1_21,ball_1_22,ball_1_23,ball_1_24,ball_1_25,ball_1_26,ball_1_27,ball_1_28,ball_1_29,ball_1_30,ball_1_31,ball_1_32,ball_1_33,ball_1_34,ball_1_35,ball_1_36,ball_1_37,ball_1_38,ball_1_39,ball_1_40,ball_1_41,ball_1_42,ball_1_43,ball_1_44,ball_1_45,ball_1_46,ball_1_47,ball_1_48,ball_yinying,cxks,diamond_head,fud_anniu1,fud_anniu2,fud_anniu3,fud_backg1,fud_backg2,fud_backg3,fud_backg4,fud_bt1,fud_bt2,fud_close1,fud_close2,fud_fud1,fud_fuq1,fud_fuq2,fud_jp0,fud_jp1,fud_jp2,fud_jp3,fud_jp4,fud_jp5,fud_jp6,fud_jp7,fud_jp8,hull,hyjl,icon_heidong,icon_zhadan,ji,ji_biyan,ji_dianzi,ji_pao,ji_zhengyan,jxyx,lingquzuans,LOGO-1,lxjl,map_out,mffh,mfhd,mrqiandao,qsgwz_icon_04,spbz,tixian,tzhy,xinyunbaoxiang,zlyf,zmj_buttom_01,zmj_buttom_02,zmj_buttom_03,zmj_buttom_04,zmj_buttom_05,zmj_buttom_06,zmj_buttom_07,zmj_buttom_08,zmj_buttom_09,zmj_buttom_10,zmj_buttom_11,zmj_buttom_12,zmj_buttom_13,zmj_buttom_14,zmj_buttom_16,zmj_buttom_17,zmj_buttom_18,zmj_buttom_19,zmj_buttom_20,zmj_font_01,zmj_font_02,zmj_font_03,zmj_font_04,zmj_font_05,zmj_font_06,zmj_font_07,zmj_font_08,zmj_font_09,zmj_font_10,zmj_font_11,zmj_font_12,zmj_font_13,zmj_font_14,zmj_font_15,zmj_font_16,zmj_font_17,zmj_font_18,zmj_font_19,zmj_font_2,zmj_font_20,zmj_font_21,zmj_font_22,zmj_font_23,zmj_font_24,zmj_font_25,zmj_font_26,zmj_font_27,zmj_font_279,zmj_font_28,zmj_font_29,zmj_font_299,zmj_font_30,zmj_font_31,zmj_font_32,zmj_font_33,zmj_font_34,zmj_font_35,zmj_font_36,zmj_font_37,zmj_font_38,zmj_font_39,zmj_font_40,zmj_font_41,zmj_font_42,zmj_font_43,zmj_font_44,zmj_font_45,zmj_font_46,zmj_font_47,zmj_font_48,zmj_font_49,zmj_font_50,zmj_font_51,zmj_font_52,zmj_font_53,zmj_font_54,zmj_font_55,zmj_font_56,zmj_font_57,zmj_font_58,zmj_font_59,zmj_font_60,zmj_font_61,zmj_font_62,zmj_font_63,zmj_font_64,zmj_font_65,zmj_font_66,zmj_font_67,zmj_font_68,zmj_font_69,zmj_font_70,zmj_font_71,zmj_font_72,zmj_font_73,zmj_font_74,zmj_font_75,zmj_font_76,zmj_font_77,zmj_font_78,zmj_font_79,zmj_font_80,zmj_font_92,zmj_font_93,zmj_font_94,zmj_font_97,zmj_font_98,zmj_font_99,zmj_frame_01,zmj_frame_02,zmj_frame_03,zmj_frame_04,zmj_frame_05,zmj_frame_06,zmj_frame_07,zmj_frame_08,zmj_frame_09,zmj_frame_10,zmj_frame_11,zmj_frame_12,zmj_frame_13,zmj_frame_14,zmj_frame_15,zmj_frame_16,zmj_frame_17,zmj_frame_18,zmj_frame_19,zmj_frame_20,zmj_frame_21,zmj_frame_22,zmj_frame_23,zmj_frame_24,zmj_frame_25,zmj_frame_26,zmj_frame_27,zmj_frame_28,zmj_frame_29,zmj_frame_30,zmj_frame_31,zmj_frame_32,zmj_frame_33,zmj_frame_34,zmj_frame_35,zmj_frame_36,zmj_frame_37,zmj_icon_01,zmj_icon_02,zmj_icon_03,zmj_icon_04,zmj_icon_05,zmj_icon_06,zmj_icon_07,zmj_icon_08,zmj_icon_09,zmj_icon_11,zmj_icon_12,zmj_icon_13,zmj_icon_14,zmj_icon_15,zmj_icon_16,zmj_icon_17,zmj_icon_18,zmj_icon_19,zmj_icon_20,zmj_icon_21,zmj_icon_22,zmj_icon_23,zmj_icon_24,zmj_icon_25,zmj_icon_26,zmj_icon_27,zmj_icon_28,zmj_icon_29,zmj_icon_30,zmj_icon_31,zmj_icon_33,zmj_icon_34,zmj_icon_35,zmj_icon_36,zmj_icon_37,zmj_icon_88"
		},
		{
			"name": "video_png",
			"type": "image",
			"url": "assets/ui/base/video.png"
		},
		{
			"name": "4399_png",
			"type": "image",
			"url": "assets/ui/base/4399.png"
		}
	]
}