[
  {
    "__type__": "cc.SpriteFrame",
    "content": {
      "name": "img_close2",
      "texture": "757IMoHdVAQ43aAte2WXlE",
      "rect": [
        0,
        0,
        78,
        78
      ],
      "offset": [
        0,
        0
      ],
      "originalSize": [
        78,
        78
      ],
      "capInsets": [
        0,
        0,
        0,
        0
      ]
    }
  },
  {
    "__type__": "cc.SpriteFrame",
    "content": {
      "name": "native_insters_layerBg",
      "texture": "83YjLkSwhG96FPggBsRDIn",
      "rect": [
        0,
        0,
        100,
        100
      ],
      "offset": [
        0,
        0
      ],
      "originalSize": [
        100,
        100
      ],
      "capInsets": [
        0,
        0,
        0,
        0
      ]
    }
  },
  {
    "__type__": "cc.SpriteFrame",
    "content": {
      "name": "img_banner_blank",
      "texture": "1cFLApuwxGwKf4SCssikWe",
      "rect": [
        0,
        0,
        94,
        94
      ],
      "offset": [
        0,
        0
      ],
      "originalSize": [
        94,
        94
      ],
      "capInsets": [
        27,
        26,
        26,
        31
      ]
    }
  },
  [
    {
      "__type__": "cc.Prefab",
      "_name": "native_bannernew",
      "data": {
        "__id__": 1
      }
    },
    {
      "__type__": "cc.Node",
      "_name": "native_bannernew",
      "_children": [
        {
          "__id__": 2
        },
        {
          "__id__": 3
        },
        {
          "__id__": 4
        },
        {
          "__id__": 5
        },
        {
          "__id__": 6
        },
        {
          "__id__": 7
        },
        {
          "__id__": 8
        }
      ],
      "_level": 1,
      "_components": [
        {
          "__type__": "cc.Widget",
          "node": {
            "__id__": 1
          },
          "_alignFlags": 4
        }
      ],
      "_prefab": {
        "__type__": "cc.PrefabInfo",
        "root": {
          "__id__": 1
        },
        "asset": {
          "__uuid__": "d31l2yKlRG3Kn2cZfEwClm"
        },
        "fileId": "6bDcLaDP1H5aligPF/4Wwf"
      },
      "_contentSize": {
        "__type__": "cc.Size",
        "width": 755,
        "height": 300
      },
      "_position": {
        "__type__": "cc.Vec3",
        "y": 150
      },
      "groupIndex": 1
    },
    {
      "__type__": "cc.Node",
      "_name": "bg",
      "_parent": {
        "__id__": 1
      },
      "_level": 3,
      "_components": [
        {
          "__type__": "cc.Sprite",
          "node": {
            "__id__": 2
          },
          "_materials": [
            {
              "__uuid__": "ecpdLyjvZBwrvm+cedCcQy"
            }
          ],
          "_spriteFrame": {
            "__uuid__": "d2+UHahtFPP7Ti+IVOUlad"
          },
          "_type": 1,
          "_sizeMode": 0
        },
        {
          "__type__": "cc.Widget",
          "node": {
            "__id__": 2
          },
          "_enabled": false,
          "_left": 98.19400000000002,
          "_top": 74.334
        }
      ],
      "_prefab": {
        "__type__": "cc.PrefabInfo",
        "root": {
          "__id__": 1
        },
        "asset": {
          "__uuid__": "d31l2yKlRG3Kn2cZfEwClm"
        },
        "fileId": "03Zpg+bDJN1YiXcCGkpFUa"
      },
      "_contentSize": {
        "__type__": "cc.Size",
        "width": 660,
        "height": 300
      }
    },
    {
      "__type__": "cc.Node",
      "_name": "SpotNativeAD",
      "_parent": {
        "__id__": 1
      },
      "_level": 3,
      "_components": [
        {
          "__type__": "cc.Sprite",
          "node": {
            "__id__": 3
          },
          "_materials": [
            {
              "__uuid__": "ecpdLyjvZBwrvm+cedCcQy"
            }
          ],
          "_spriteFrame": {
            "__uuid__": "f8O/VuoGhEUpBFr9mlBcqm"
          }
        }
      ],
      "_prefab": {
        "__type__": "cc.PrefabInfo",
        "root": {
          "__id__": 1
        },
        "asset": {
          "__uuid__": "d31l2yKlRG3Kn2cZfEwClm"
        },
        "fileId": "cb5cMDkPpPB7TGI6WDYgH6"
      },
      "_contentSize": {
        "__type__": "cc.Size",
        "width": 51,
        "height": 26
      },
      "_position": {
        "__type__": "cc.Vec3",
        "x": 292.986,
        "y": -131.607
      }
    },
    {
      "__type__": "cc.Node",
      "_name": "title",
      "_parent": {
        "__id__": 1
      },
      "_level": 3,
      "_components": [
        {
          "__type__": "cc.Label",
          "node": {
            "__id__": 4
          },
          "_materials": [
            {
              "__uuid__": "ecpdLyjvZBwrvm+cedCcQy"
            }
          ],
          "_string": "标题标题标题标题标题标题标题标题标题",
          "_N$string": "标题标题标题标题标题标题标题标题标题",
          "_fontSize": 30,
          "_lineHeight": 30,
          "_N$horizontalAlign": 1,
          "_N$verticalAlign": 1
        },
        {
          "__type__": "cc.Widget",
          "node": {
            "__id__": 4
          },
          "_alignFlags": 1,
          "_left": 108.69400000000003,
          "_right": 299.452,
          "_top": 9.580999999999989
        }
      ],
      "_prefab": {
        "__type__": "cc.PrefabInfo",
        "root": {
          "__id__": 1
        },
        "asset": {
          "__uuid__": "d31l2yKlRG3Kn2cZfEwClm"
        },
        "fileId": "f3u3VAuOxH3K9Iw00pmFO/"
      },
      "_color": {
        "__type__": "cc.Color"
      },
      "_contentSize": {
        "__type__": "cc.Size",
        "width": 540,
        "height": 37.8
      },
      "_position": {
        "__type__": "cc.Vec3",
        "x": 1.194,
        "y": 121.519
      }
    },
    {
      "__type__": "cc.Node",
      "_name": "adimg",
      "_parent": {
        "__id__": 1
      },
      "_level": 3,
      "_components": [
        {
          "__type__": "cc.Sprite",
          "node": {
            "__id__": 5
          },
          "_materials": [
            {
              "__uuid__": "ecpdLyjvZBwrvm+cedCcQy"
            }
          ],
          "_spriteFrame": {
            "__uuid__": "c1XHorWfZM57WBpgh2OulP"
          },
          "_sizeMode": 0
        },
        {
          "__type__": "cc.Widget",
          "node": {
            "__id__": 5
          },
          "_alignFlags": 9,
          "_left": 73.45799999999997,
          "_top": 51.867999999999995
        }
      ],
      "_prefab": {
        "__type__": "cc.PrefabInfo",
        "root": {
          "__id__": 1
        },
        "asset": {
          "__uuid__": "d31l2yKlRG3Kn2cZfEwClm"
        },
        "fileId": "8cnA3WdOpC2JQ/oFmRsLcB"
      },
      "_contentSize": {
        "__type__": "cc.Size",
        "width": 409.6,
        "height": 230
      },
      "_position": {
        "__type__": "cc.Vec3",
        "x": -99.24200000000002,
        "y": -16.867999999999995
      }
    },
    {
      "__type__": "cc.Node",
      "_name": "desc",
      "_parent": {
        "__id__": 1
      },
      "_level": 3,
      "_components": [
        {
          "__type__": "cc.Label",
          "node": {
            "__id__": 6
          },
          "_materials": [
            {
              "__uuid__": "ecpdLyjvZBwrvm+cedCcQy"
            }
          ],
          "_string": "描述描述书描述描述书描述描述书",
          "_N$string": "描述描述书描述描述书描述描述书",
          "_fontSize": 25,
          "_lineHeight": 30,
          "_N$horizontalAlign": 1,
          "_N$verticalAlign": 1,
          "_N$overflow": 3
        },
        {
          "__type__": "cc.Widget",
          "node": {
            "__id__": 6
          },
          "_alignFlags": 4,
          "_left": 495.77099999999996,
          "_top": 204.75900000000001,
          "_bottom": 27.44099999999999,
          "_originalHeight": 67.8
        }
      ],
      "_prefab": {
        "__type__": "cc.PrefabInfo",
        "root": {
          "__id__": 1
        },
        "asset": {
          "__uuid__": "d31l2yKlRG3Kn2cZfEwClm"
        },
        "fileId": "f4LDJWJzBHArvZ146t8Yu/"
      },
      "_color": {
        "__type__": "cc.Color"
      },
      "_contentSize": {
        "__type__": "cc.Size",
        "width": 200,
        "height": 67.8
      },
      "_anchorPoint": {
        "__type__": "cc.Vec2",
        "x": 0.5
      },
      "_position": {
        "__type__": "cc.Vec3",
        "x": 218.27099999999996,
        "y": -122.55900000000001
      }
    },
    {
      "__type__": "cc.Node",
      "_name": "closeimg",
      "_parent": {
        "__id__": 1
      },
      "_level": 3,
      "_components": [
        {
          "__type__": "cc.Sprite",
          "node": {
            "__id__": 7
          },
          "_materials": [
            {
              "__uuid__": "ecpdLyjvZBwrvm+cedCcQy"
            }
          ],
          "_spriteFrame": {
            "__uuid__": "bfUK3sXX1IkIbWYO056bf+"
          },
          "_sizeMode": 0
        }
      ],
      "_prefab": {
        "__type__": "cc.PrefabInfo",
        "root": {
          "__id__": 1
        },
        "asset": {
          "__uuid__": "d31l2yKlRG3Kn2cZfEwClm"
        },
        "fileId": "606cmwoEFAea7Q/R+FSDnG"
      },
      "_opacity": 200,
      "_contentSize": {
        "__type__": "cc.Size",
        "width": 38,
        "height": 38
      },
      "_position": {
        "__type__": "cc.Vec3",
        "x": 296.19399999999996,
        "y": 126.02199999999999
      }
    },
    {
      "__type__": "cc.Node",
      "_name": "close",
      "_parent": {
        "__id__": 1
      },
      "_level": 3,
      "_components": [
        {
          "__type__": "cc.Sprite",
          "node": {
            "__id__": 8
          },
          "_materials": [
            {
              "__uuid__": "ecpdLyjvZBwrvm+cedCcQy"
            }
          ],
          "_spriteFrame": {
            "__uuid__": "f7iBCccEJJsKk1/CuOBAbv"
          },
          "_sizeMode": 0
        }
      ],
      "_prefab": {
        "__type__": "cc.PrefabInfo",
        "root": {
          "__id__": 1
        },
        "asset": {
          "__uuid__": "d31l2yKlRG3Kn2cZfEwClm"
        },
        "fileId": "2fOO5BsgJPKIz/HOni0Erb"
      },
      "_contentSize": {
        "__type__": "cc.Size",
        "width": 30,
        "height": 30
      },
      "_position": {
        "__type__": "cc.Vec3",
        "x": 299.25299999999993,
        "y": 126.02199999999999
      }
    }
  ],
  {
    "__type__": "cc.SpriteFrame",
    "content": {
      "name": "zz_black",
      "texture": "0eXPDZ7cFJs4d4I6ngXl8p",
      "rect": [
        49,
        49,
        1,
        1
      ],
      "offset": [
        24.5,
        -24.5
      ],
      "originalSize": [
        50,
        50
      ],
      "capInsets": [
        0,
        0,
        0,
        0
      ]
    }
  },
  {
    "__type__": "cc.SpriteFrame",
    "content": {
      "name": "bannerNativeAD",
      "texture": "51pV8xrghC3ZWcfXxiLz/Y",
      "rect": [
        0,
        0,
        51,
        26
      ],
      "offset": [
        0,
        0
      ],
      "originalSize": [
        51,
        26
      ],
      "capInsets": [
        0,
        0,
        0,
        0
      ]
    }
  }
]