[
  {
    "__type__": "cc.SpriteFrame",
    "content": {
      "name": "reward_get",
      "texture": "bber9idBlF9Idt0PLrzGlc",
      "rect": [
        2,
        1477,
        137,
        36
      ],
      "offset": [
        0,
        0
      ],
      "originalSize": [
        137,
        36
      ],
      "capInsets": [
        0,
        0,
        0,
        0
      ]
    }
  },
  {
    "__type__": "cc.SpriteFrame",
    "content": {
      "name": "revive_circle",
      "texture": "bber9idBlF9Idt0PLrzGlc",
      "rect": [
        2,
        939,
        265,
        265
      ],
      "offset": [
        0,
        0
      ],
      "originalSize": [
        265,
        265
      ],
      "capInsets": [
        0,
        0,
        0,
        0
      ]
    }
  },
  {
    "__type__": "cc.SpriteFrame",
    "content": {
      "name": "shineWhite",
      "texture": "bber9idBlF9Idt0PLrzGlc",
      "rect": [
        269,
        1513,
        128,
        128
      ],
      "offset": [
        0,
        0
      ],
      "originalSize": [
        128,
        128
      ],
      "capInsets": [
        0,
        0,
        0,
        0
      ]
    }
  },
  {
    "__type__": "cc.SpriteFrame",
    "content": {
      "name": "stone1",
      "texture": "bber9idBlF9Idt0PLrzGlc",
      "rect": [
        210,
        1387,
        49,
        57
      ],
      "offset": [
        0,
        0
      ],
      "originalSize": [
        49,
        57
      ],
      "rotated": 1,
      "capInsets": [
        0,
        0,
        0,
        0
      ]
    }
  },
  {
    "__type__": "cc.SpriteFrame",
    "content": {
      "name": "assassinLeg4",
      "texture": "bber9idBlF9Idt0PLrzGlc",
      "rect": [
        2,
        1775,
        108,
        44
      ],
      "offset": [
        0,
        0
      ],
      "originalSize": [
        110,
        46
      ],
      "capInsets": [
        0,
        0,
        0,
        0
      ]
    }
  },
  {
    "__type__": "cc.SpriteFrame",
    "content": {
      "name": "round_blank",
      "texture": "bber9idBlF9Idt0PLrzGlc",
      "rect": [
        235,
        1321,
        32,
        32
      ],
      "offset": [
        0,
        0
      ],
      "originalSize": [
        32,
        32
      ],
      "capInsets": [
        9,
        9,
        9,
        9
      ]
    }
  },
  {
    "__type__": "cc.SpriteFrame",
    "content": {
      "name": "shine",
      "texture": "bber9idBlF9Idt0PLrzGlc",
      "rect": [
        2,
        1553,
        128,
        128
      ],
      "offset": [
        0,
        0
      ],
      "originalSize": [
        128,
        128
      ],
      "capInsets": [
        0,
        0,
        0,
        0
      ]
    }
  },
  {
    "__type__": "cc.SpriteFrame",
    "content": {
      "name": "assassin2",
      "texture": "bber9idBlF9Idt0PLrzGlc",
      "rect": [
        858,
        559,
        259,
        162
      ],
      "offset": [
        0,
        0
      ],
      "originalSize": [
        289,
        224
      ],
      "rotated": 1,
      "capInsets": [
        0,
        0,
        0,
        0
      ]
    }
  },
  {
    "__type__": "cc.SpriteFrame",
    "content": {
      "name": "success_bg",
      "texture": "bber9idBlF9Idt0PLrzGlc",
      "rect": [
        399,
        1599,
        60,
        60
      ],
      "offset": [
        0,
        0
      ],
      "originalSize": [
        60,
        60
      ],
      "capInsets": [
        20,
        20,
        20,
        20
      ]
    }
  },
  {
    "__type__": "cc.SpriteFrame",
    "content": {
      "name": "rank1",
      "texture": "bber9idBlF9Idt0PLrzGlc",
      "rect": [
        132,
        1602,
        61,
        61
      ],
      "offset": [
        0,
        0
      ],
      "originalSize": [
        61,
        61
      ],
      "capInsets": [
        0,
        0,
        0,
        0
      ]
    }
  },
  {
    "__type__": "cc.SpriteFrame",
    "content": {
      "name": "indicator",
      "texture": "bber9idBlF9Idt0PLrzGlc",
      "rect": [
        770,
        742,
        80,
        80
      ],
      "offset": [
        0,
        0
      ],
      "originalSize": [
        80,
        80
      ],
      "capInsets": [
        0,
        0,
        0,
        0
      ]
    }
  },
  {
    "__type__": "cc.SpriteFrame",
    "content": {
      "name": "guardDiamondLeg",
      "texture": "bber9idBlF9Idt0PLrzGlc",
      "rect": [
        310,
        687,
        110,
        52
      ],
      "offset": [
        0,
        0
      ],
      "originalSize": [
        112,
        54
      ],
      "rotated": 1,
      "capInsets": [
        0,
        0,
        0,
        0
      ]
    }
  },
  {
    "__type__": "cc.SpriteFrame",
    "content": {
      "name": "main_getTomorrow",
      "texture": "bber9idBlF9Idt0PLrzGlc",
      "rect": [
        713,
        1338,
        113,
        60
      ],
      "offset": [
        0,
        0
      ],
      "originalSize": [
        113,
        60
      ],
      "capInsets": [
        0,
        0,
        0,
        0
      ]
    }
  },
  {
    "__type__": "cc.SpriteFrame",
    "content": {
      "name": "rank_toggle1",
      "texture": "bber9idBlF9Idt0PLrzGlc",
      "rect": [
        762,
        972,
        188,
        69
      ],
      "offset": [
        0,
        0
      ],
      "originalSize": [
        188,
        69
      ],
      "rotated": 1,
      "capInsets": [
        0,
        0,
        0,
        0
      ]
    }
  },
  {
    "__type__": "cc.SpriteFrame",
    "content": {
      "name": "setting_vibrate_on",
      "texture": "bber9idBlF9Idt0PLrzGlc",
      "rect": [
        200,
        1795,
        34,
        34
      ],
      "offset": [
        0,
        0
      ],
      "originalSize": [
        36,
        36
      ],
      "capInsets": [
        0,
        0,
        0,
        0
      ]
    }
  },
  {
    "__type__": "cc.SpriteFrame",
    "content": {
      "name": "assassin10",
      "texture": "bber9idBlF9Idt0PLrzGlc",
      "rect": [
        490,
        1443,
        211,
        170
      ],
      "offset": [
        0,
        1
      ],
      "originalSize": [
        289,
        224
      ],
      "capInsets": [
        0,
        0,
        0,
        0
      ]
    }
  },
  {
    "__type__": "cc.SpriteFrame",
    "content": {
      "name": "setting_sound_on",
      "texture": "bber9idBlF9Idt0PLrzGlc",
      "rect": [
        713,
        1271,
        32,
        26
      ],
      "offset": [
        0,
        0
      ],
      "originalSize": [
        34,
        28
      ],
      "rotated": 1,
      "capInsets": [
        0,
        0,
        0,
        0
      ]
    }
  },
  {
    "__type__": "cc.SpriteFrame",
    "content": {
      "name": "empty",
      "texture": "bber9idBlF9Idt0PLrzGlc",
      "rect": [
        524,
        336,
        2,
        2
      ],
      "offset": [
        0,
        0
      ],
      "originalSize": [
        2,
        2
      ],
      "capInsets": [
        0,
        0,
        0,
        0
      ]
    }
  },
  {
    "__type__": "cc.SpriteFrame",
    "content": {
      "name": "video",
      "texture": "bber9idBlF9Idt0PLrzGlc",
      "rect": [
        967,
        58,
        55,
        42
      ],
      "offset": [
        0,
        0
      ],
      "originalSize": [
        55,
        42
      ],
      "capInsets": [
        0,
        0,
        0,
        0
      ]
    }
  },
  {
    "__type__": "cc.SpriteFrame",
    "content": {
      "name": "skin_bg1",
      "texture": "bber9idBlF9Idt0PLrzGlc",
      "rect": [
        278,
        859,
        84,
        104
      ],
      "offset": [
        0,
        0
      ],
      "originalSize": [
        84,
        104
      ],
      "capInsets": [
        20,
        20,
        20,
        40
      ]
    }
  },
  {
    "__type__": "cc.SpriteFrame",
    "content": {
      "name": "assassin8",
      "texture": "bber9idBlF9Idt0PLrzGlc",
      "rect": [
        852,
        820,
        243,
        170
      ],
      "offset": [
        -1,
        0
      ],
      "originalSize": [
        289,
        224
      ],
      "rotated": 1,
      "capInsets": [
        0,
        0,
        0,
        0
      ]
    }
  },
  {
    "__type__": "cc.SpriteFrame",
    "content": {
      "name": "scene_golden",
      "texture": "bber9idBlF9Idt0PLrzGlc",
      "rect": [
        426,
        114,
        118,
        100
      ],
      "offset": [
        0,
        0
      ],
      "originalSize": [
        118,
        100
      ],
      "rotated": 1,
      "capInsets": [
        0,
        0,
        0,
        0
      ]
    }
  },
  {
    "__type__": "cc.SpriteFrame",
    "content": {
      "name": "success_next",
      "texture": "bber9idBlF9Idt0PLrzGlc",
      "rect": [
        2,
        1378,
        206,
        49
      ],
      "offset": [
        0,
        0
      ],
      "originalSize": [
        206,
        49
      ],
      "capInsets": [
        0,
        0,
        0,
        0
      ]
    }
  },
  {
    "__type__": "cc.SpriteFrame",
    "content": {
      "name": "rank3",
      "texture": "bber9idBlF9Idt0PLrzGlc",
      "rect": [
        141,
        1539,
        61,
        61
      ],
      "offset": [
        0,
        0
      ],
      "originalSize": [
        61,
        61
      ],
      "capInsets": [
        0,
        0,
        0,
        0
      ]
    }
  },
  {
    "__type__": "cc.SpriteFrame",
    "content": {
      "name": "success_multi_bg",
      "texture": "bber9idBlF9Idt0PLrzGlc",
      "rect": [
        359,
        988,
        67,
        69
      ],
      "offset": [
        0,
        0
      ],
      "originalSize": [
        67,
        69
      ],
      "capInsets": [
        0,
        0,
        0,
        0
      ]
    }
  },
  {
    "__type__": "cc.SpriteFrame",
    "content": {
      "name": "revive_video_text",
      "texture": "bber9idBlF9Idt0PLrzGlc",
      "rect": [
        269,
        1255,
        221,
        46
      ],
      "offset": [
        0,
        0
      ],
      "originalSize": [
        221,
        46
      ],
      "capInsets": [
        0,
        0,
        0,
        0
      ]
    }
  },
  {
    "__type__": "cc.SpriteFrame",
    "content": {
      "name": "revive_skip_text",
      "texture": "bber9idBlF9Idt0PLrzGlc",
      "rect": [
        2,
        1515,
        137,
        36
      ],
      "offset": [
        0,
        0
      ],
      "originalSize": [
        137,
        36
      ],
      "capInsets": [
        0,
        0,
        0,
        0
      ]
    }
  },
  {
    "__type__": "cc.SpriteFrame",
    "content": {
      "name": "reward_shine",
      "texture": "bber9idBlF9Idt0PLrzGlc",
      "rect": [
        528,
        2,
        437,
        396
      ],
      "offset": [
        0,
        0
      ],
      "originalSize": [
        437,
        396
      ],
      "capInsets": [
        0,
        0,
        0,
        0
      ]
    }
  },
  {
    "__type__": "cc.SpriteFrame",
    "content": {
      "name": "muzzleFlashRound",
      "texture": "bber9idBlF9Idt0PLrzGlc",
      "rect": [
        267,
        1643,
        128,
        128
      ],
      "offset": [
        0,
        0
      ],
      "originalSize": [
        128,
        128
      ],
      "capInsets": [
        0,
        0,
        0,
        0
      ]
    }
  },
  {
    "__type__": "cc.SpriteFrame",
    "content": {
      "name": "assassinLeg2",
      "texture": "bber9idBlF9Idt0PLrzGlc",
      "rect": [
        2,
        1931,
        108,
        44
      ],
      "offset": [
        0,
        0
      ],
      "originalSize": [
        110,
        46
      ],
      "rotated": 1,
      "capInsets": [
        0,
        0,
        0,
        0
      ]
    }
  },
  {
    "__type__": "cc.SpriteFrame",
    "content": {
      "name": "scene_target",
      "texture": "bber9idBlF9Idt0PLrzGlc",
      "rect": [
        862,
        400,
        92,
        92
      ],
      "offset": [
        0,
        0
      ],
      "originalSize": [
        92,
        92
      ],
      "capInsets": [
        0,
        0,
        0,
        0
      ]
    }
  },
  {
    "__type__": "cc.SpriteFrame",
    "content": {
      "name": "main_bar2",
      "texture": "bber9idBlF9Idt0PLrzGlc",
      "rect": [
        138,
        1857,
        60,
        30
      ],
      "offset": [
        0,
        0
      ],
      "originalSize": [
        60,
        30
      ],
      "rotated": 1,
      "capInsets": [
        20,
        0,
        20,
        0
      ]
    }
  },
  {
    "__type__": "cc.SpriteFrame",
    "content": {
      "name": "assassinLeg1",
      "texture": "bber9idBlF9Idt0PLrzGlc",
      "rect": [
        48,
        1931,
        108,
        44
      ],
      "offset": [
        0,
        0
      ],
      "originalSize": [
        110,
        46
      ],
      "rotated": 1,
      "capInsets": [
        0,
        0,
        0,
        0
      ]
    }
  },
  {
    "__type__": "cc.SpriteFrame",
    "content": {
      "name": "main_arrow",
      "texture": "bber9idBlF9Idt0PLrzGlc",
      "rect": [
        180,
        1993,
        34,
        44
      ],
      "offset": [
        0,
        0
      ],
      "originalSize": [
        34,
        44
      ],
      "capInsets": [
        0,
        0,
        0,
        0
      ]
    }
  },
  {
    "__type__": "cc.SpriteFrame",
    "content": {
      "name": "title_bg2",
      "texture": "bber9idBlF9Idt0PLrzGlc",
      "rect": [
        2,
        2,
        524,
        110
      ],
      "offset": [
        0,
        0
      ],
      "originalSize": [
        524,
        110
      ],
      "capInsets": [
        0,
        0,
        0,
        0
      ]
    }
  },
  {
    "__type__": "cc.SpriteFrame",
    "content": {
      "name": "guardDiamond",
      "texture": "bber9idBlF9Idt0PLrzGlc",
      "rect": [
        365,
        466,
        259,
        153
      ],
      "offset": [
        0,
        0
      ],
      "originalSize": [
        261,
        155
      ],
      "rotated": 1,
      "capInsets": [
        0,
        0,
        0,
        0
      ]
    }
  },
  {
    "__type__": "cc.SpriteFrame",
    "content": {
      "name": "smoke",
      "texture": "bber9idBlF9Idt0PLrzGlc",
      "rect": [
        770,
        847,
        72,
        74
      ],
      "offset": [
        0,
        0
      ],
      "originalSize": [
        74,
        76
      ],
      "rotated": 1,
      "capInsets": [
        0,
        0,
        0,
        0
      ]
    }
  },
  {
    "__type__": "cc.SpriteFrame",
    "content": {
      "name": "alert_bg",
      "texture": "bber9idBlF9Idt0PLrzGlc",
      "rect": [
        741,
        1228,
        64,
        64
      ],
      "offset": [
        0,
        0
      ],
      "originalSize": [
        64,
        64
      ],
      "capInsets": [
        10,
        10,
        10,
        10
      ]
    }
  },
  {
    "__type__": "cc.SpriteFrame",
    "content": {
      "name": "assassin1",
      "texture": "bber9idBlF9Idt0PLrzGlc",
      "rect": [
        519,
        742,
        249,
        183
      ],
      "offset": [
        0,
        0
      ],
      "originalSize": [
        249,
        183
      ],
      "capInsets": [
        0,
        0,
        0,
        0
      ]
    }
  },
  {
    "__type__": "cc.SpriteFrame",
    "content": {
      "name": "assassinLeg7",
      "texture": "bber9idBlF9Idt0PLrzGlc",
      "rect": [
        2,
        1683,
        108,
        44
      ],
      "offset": [
        0,
        0
      ],
      "originalSize": [
        110,
        46
      ],
      "capInsets": [
        0,
        0,
        0,
        0
      ]
    }
  },
  {
    "__type__": "cc.SpriteFrame",
    "content": {
      "name": "skin_bg",
      "texture": "bber9idBlF9Idt0PLrzGlc",
      "rect": [
        407,
        1475,
        60,
        63
      ],
      "offset": [
        0,
        0
      ],
      "originalSize": [
        60,
        63
      ],
      "rotated": 1,
      "capInsets": [
        10,
        10,
        10,
        10
      ]
    }
  },
  {
    "__type__": "cc.SpriteFrame",
    "content": {
      "name": "assassinLeg8",
      "texture": "bber9idBlF9Idt0PLrzGlc",
      "rect": [
        94,
        1931,
        108,
        34
      ],
      "offset": [
        -1,
        0
      ],
      "originalSize": [
        122,
        64
      ],
      "rotated": 1,
      "capInsets": [
        0,
        0,
        0,
        0
      ]
    }
  },
  {
    "__type__": "cc.SpriteFrame",
    "content": {
      "name": "rank_toggle2",
      "texture": "bber9idBlF9Idt0PLrzGlc",
      "rect": [
        365,
        276,
        188,
        59
      ],
      "offset": [
        0,
        0
      ],
      "originalSize": [
        188,
        59
      ],
      "rotated": 1,
      "capInsets": [
        0,
        0,
        0,
        0
      ]
    }
  },
  {
    "__type__": "cc.SpriteFrame",
    "content": {
      "name": "test_bg",
      "texture": "bber9idBlF9Idt0PLrzGlc",
      "rect": [
        399,
        1537,
        60,
        60
      ],
      "offset": [
        0,
        0
      ],
      "originalSize": [
        60,
        60
      ],
      "capInsets": [
        10,
        10,
        10,
        10
      ]
    }
  },
  {
    "__type__": "cc.SpriteFrame",
    "content": {
      "name": "main_get",
      "texture": "bber9idBlF9Idt0PLrzGlc",
      "rect": [
        713,
        1305,
        115,
        31
      ],
      "offset": [
        0,
        0
      ],
      "originalSize": [
        115,
        31
      ],
      "capInsets": [
        0,
        0,
        0,
        0
      ]
    }
  },
  {
    "__type__": "cc.SpriteFrame",
    "content": {
      "name": "guardLeg",
      "texture": "bber9idBlF9Idt0PLrzGlc",
      "rect": [
        703,
        1596,
        108,
        44
      ],
      "offset": [
        0,
        0
      ],
      "originalSize": [
        110,
        46
      ],
      "capInsets": [
        0,
        0,
        0,
        0
      ]
    }
  },
  {
    "__type__": "cc.SpriteFrame",
    "content": {
      "name": "stone2",
      "texture": "bber9idBlF9Idt0PLrzGlc",
      "rect": [
        310,
        799,
        52,
        58
      ],
      "offset": [
        0,
        0
      ],
      "originalSize": [
        52,
        58
      ],
      "capInsets": [
        0,
        0,
        0,
        0
      ]
    }
  },
  {
    "__type__": "cc.SpriteFrame",
    "content": {
      "name": "test_free_text",
      "texture": "bber9idBlF9Idt0PLrzGlc",
      "rect": [
        209,
        1504,
        58,
        30
      ],
      "offset": [
        0,
        0
      ],
      "originalSize": [
        58,
        30
      ],
      "capInsets": [
        0,
        0,
        0,
        0
      ]
    }
  },
  {
    "__type__": "cc.SpriteFrame",
    "content": {
      "name": "assassin7",
      "texture": "bber9idBlF9Idt0PLrzGlc",
      "rect": [
        519,
        927,
        241,
        168
      ],
      "offset": [
        0,
        0
      ],
      "originalSize": [
        243,
        170
      ],
      "capInsets": [
        0,
        0,
        0,
        0
      ]
    }
  },
  {
    "__type__": "cc.SpriteFrame",
    "content": {
      "name": "hand",
      "texture": "bber9idBlF9Idt0PLrzGlc",
      "rect": [
        426,
        336,
        96,
        116
      ],
      "offset": [
        0,
        0
      ],
      "originalSize": [
        96,
        116
      ],
      "capInsets": [
        0,
        0,
        0,
        0
      ]
    }
  },
  {
    "__type__": "cc.SpriteFrame",
    "content": {
      "name": "success_get_text",
      "texture": "bber9idBlF9Idt0PLrzGlc",
      "rect": [
        269,
        1475,
        136,
        36
      ],
      "offset": [
        0,
        0
      ],
      "originalSize": [
        136,
        36
      ],
      "capInsets": [
        0,
        0,
        0,
        0
      ]
    }
  },
  {
    "__type__": "cc.SpriteFrame",
    "content": {
      "name": "round",
      "texture": "bber9idBlF9Idt0PLrzGlc",
      "rect": [
        426,
        234,
        100,
        100
      ],
      "offset": [
        0,
        0
      ],
      "originalSize": [
        100,
        100
      ],
      "capInsets": [
        0,
        0,
        0,
        0
      ]
    }
  },
  {
    "__type__": "cc.SpriteFrame",
    "content": {
      "name": "guard",
      "texture": "bber9idBlF9Idt0PLrzGlc",
      "rect": [
        364,
        727,
        259,
        153
      ],
      "offset": [
        0,
        0
      ],
      "originalSize": [
        261,
        155
      ],
      "rotated": 1,
      "capInsets": [
        0,
        0,
        0,
        0
      ]
    }
  },
  {
    "__type__": "cc.SpriteFrame",
    "content": {
      "name": "main_setting",
      "texture": "bber9idBlF9Idt0PLrzGlc",
      "rect": [
        130,
        1993,
        48,
        48
      ],
      "offset": [
        0,
        0
      ],
      "originalSize": [
        48,
        48
      ],
      "capInsets": [
        0,
        0,
        0,
        0
      ]
    }
  },
  {
    "__type__": "cc.SpriteFrame",
    "content": {
      "name": "assassinLeg333",
      "texture": "bber9idBlF9Idt0PLrzGlc",
      "rect": [
        48,
        1931,
        108,
        44
      ],
      "offset": [
        0,
        0
      ],
      "originalSize": [
        110,
        46
      ],
      "rotated": 1,
      "capInsets": [
        0,
        0,
        0,
        0
      ]
    }
  },
  {
    "__type__": "cc.SpriteFrame",
    "content": {
      "name": "mask",
      "texture": "bber9idBlF9Idt0PLrzGlc",
      "rect": [
        132,
        1665,
        128,
        128
      ],
      "offset": [
        0,
        0
      ],
      "originalSize": [
        128,
        128
      ],
      "capInsets": [
        0,
        0,
        0,
        0
      ]
    }
  },
  {
    "__type__": "cc.SpriteFrame",
    "content": {
      "name": "assassinLeg5",
      "texture": "bber9idBlF9Idt0PLrzGlc",
      "rect": [
        2,
        1729,
        108,
        44
      ],
      "offset": [
        0,
        0
      ],
      "originalSize": [
        110,
        46
      ],
      "capInsets": [
        0,
        0,
        0,
        0
      ]
    }
  },
  {
    "__type__": "cc.SpriteFrame",
    "content": {
      "name": "nothing",
      "texture": "bber9idBlF9Idt0PLrzGlc",
      "rect": [
        1021,
        308,
        1,
        1
      ],
      "offset": [
        -1,
        1
      ],
      "originalSize": [
        3,
        3
      ],
      "capInsets": [
        0,
        0,
        0,
        0
      ]
    }
  },
  {
    "__type__": "cc.SpriteFrame",
    "content": {
      "name": "trail",
      "texture": "bber9idBlF9Idt0PLrzGlc",
      "rect": [
        170,
        1857,
        34,
        36
      ],
      "offset": [
        -1,
        0
      ],
      "originalSize": [
        36,
        36
      ],
      "capInsets": [
        0,
        0,
        0,
        0
      ]
    }
  },
  {
    "__type__": "cc.SpriteFrame",
    "content": {
      "name": "title_bg1",
      "texture": "bber9idBlF9Idt0PLrzGlc",
      "rect": [
        2,
        833,
        274,
        104
      ],
      "offset": [
        0,
        0
      ],
      "originalSize": [
        274,
        104
      ],
      "capInsets": [
        40,
        0,
        40,
        0
      ]
    }
  },
  {
    "__type__": "cc.SpriteFrame",
    "content": {
      "name": "rank2",
      "texture": "bber9idBlF9Idt0PLrzGlc",
      "rect": [
        204,
        1585,
        61,
        61
      ],
      "offset": [
        0,
        0
      ],
      "originalSize": [
        61,
        61
      ],
      "capInsets": [
        0,
        0,
        0,
        0
      ]
    }
  },
  {
    "__type__": "cc.SpriteFrame",
    "content": {
      "name": "setting_collect",
      "texture": "bber9idBlF9Idt0PLrzGlc",
      "rect": [
        235,
        1355,
        32,
        30
      ],
      "offset": [
        0,
        0
      ],
      "originalSize": [
        34,
        32
      ],
      "capInsets": [
        0,
        0,
        0,
        0
      ]
    }
  },
  {
    "__type__": "cc.SpriteFrame",
    "content": {
      "name": "skin_lock",
      "texture": "bber9idBlF9Idt0PLrzGlc",
      "rect": [
        967,
        2,
        54,
        55
      ],
      "offset": [
        0,
        0
      ],
      "originalSize": [
        54,
        55
      ],
      "rotated": 1,
      "capInsets": [
        0,
        0,
        0,
        0
      ]
    }
  },
  {
    "__type__": "cc.SpriteFrame",
    "content": {
      "name": "assassin3",
      "texture": "bber9idBlF9Idt0PLrzGlc",
      "rect": [
        508,
        1097,
        231,
        172
      ],
      "offset": [
        0,
        0
      ],
      "originalSize": [
        233,
        174
      ],
      "capInsets": [
        0,
        0,
        0,
        0
      ]
    }
  },
  {
    "__type__": "cc.SpriteFrame",
    "content": {
      "name": "main_start",
      "texture": "bber9idBlF9Idt0PLrzGlc",
      "rect": [
        828,
        1340,
        177,
        46
      ],
      "offset": [
        0,
        0
      ],
      "originalSize": [
        177,
        46
      ],
      "capInsets": [
        0,
        0,
        0,
        0
      ]
    }
  },
  {
    "__type__": "cc.SpriteFrame",
    "content": {
      "name": "button2",
      "texture": "bber9idBlF9Idt0PLrzGlc",
      "rect": [
        520,
        514,
        336,
        112
      ],
      "offset": [
        0,
        0
      ],
      "originalSize": [
        336,
        112
      ],
      "capInsets": [
        20,
        20,
        20,
        20
      ]
    }
  },
  {
    "__type__": "cc.SpriteFrame",
    "content": {
      "name": "assassin333",
      "texture": "bber9idBlF9Idt0PLrzGlc",
      "rect": [
        828,
        1388,
        213,
        176
      ],
      "offset": [
        0,
        0
      ],
      "originalSize": [
        289,
        224
      ],
      "rotated": 1,
      "capInsets": [
        0,
        0,
        0,
        0
      ]
    }
  },
  {
    "__type__": "cc.SpriteFrame",
    "content": {
      "name": "bullet",
      "texture": "bber9idBlF9Idt0PLrzGlc",
      "rect": [
        967,
        102,
        204,
        54
      ],
      "offset": [
        0,
        0
      ],
      "originalSize": [
        206,
        56
      ],
      "rotated": 1,
      "capInsets": [
        0,
        0,
        0,
        0
      ]
    }
  },
  {
    "__type__": "cc.SpriteFrame",
    "content": {
      "name": "assassinLeg10",
      "texture": "bber9idBlF9Idt0PLrzGlc",
      "rect": [
        48,
        1821,
        108,
        44
      ],
      "offset": [
        0,
        0
      ],
      "originalSize": [
        110,
        46
      ],
      "rotated": 1,
      "capInsets": [
        0,
        0,
        0,
        0
      ]
    }
  },
  {
    "__type__": "cc.SpriteFrame",
    "content": {
      "name": "assassinLeg111",
      "texture": "bber9idBlF9Idt0PLrzGlc",
      "rect": [
        48,
        1931,
        108,
        44
      ],
      "offset": [
        0,
        0
      ],
      "originalSize": [
        110,
        46
      ],
      "rotated": 1,
      "capInsets": [
        0,
        0,
        0,
        0
      ]
    }
  },
  {
    "__type__": "cc.SpriteFrame",
    "content": {
      "name": "assassinLeg222",
      "texture": "bber9idBlF9Idt0PLrzGlc",
      "rect": [
        94,
        1821,
        108,
        42
      ],
      "offset": [
        0,
        1
      ],
      "originalSize": [
        122,
        64
      ],
      "rotated": 1,
      "capInsets": [
        0,
        0,
        0,
        0
      ]
    }
  },
  {
    "__type__": "cc.SpriteFrame",
    "content": {
      "name": "gemTrailEnd",
      "texture": "bber9idBlF9Idt0PLrzGlc",
      "rect": [
        464,
        988,
        50,
        50
      ],
      "offset": [
        0,
        0
      ],
      "originalSize": [
        50,
        50
      ],
      "capInsets": [
        0,
        0,
        0,
        0
      ]
    }
  },
  {
    "__type__": "cc.SpriteFrame",
    "content": {
      "name": "assassin222",
      "texture": "bber9idBlF9Idt0PLrzGlc",
      "rect": [
        833,
        1115,
        223,
        180
      ],
      "offset": [
        -1,
        0
      ],
      "originalSize": [
        289,
        224
      ],
      "rotated": 1,
      "capInsets": [
        0,
        0,
        0,
        0
      ]
    }
  },
  {
    "__type__": "cc.SpriteFrame",
    "content": {
      "name": "back",
      "texture": "bber9idBlF9Idt0PLrzGlc",
      "rect": [
        862,
        494,
        91,
        50
      ],
      "offset": [
        0,
        0
      ],
      "originalSize": [
        91,
        50
      ],
      "capInsets": [
        0,
        0,
        0,
        0
      ]
    }
  },
  {
    "__type__": "cc.SpriteFrame",
    "content": {
      "name": "assassinLeg9",
      "texture": "bber9idBlF9Idt0PLrzGlc",
      "rect": [
        163,
        1429,
        108,
        44
      ],
      "offset": [
        0,
        0
      ],
      "originalSize": [
        110,
        46
      ],
      "rotated": 1,
      "capInsets": [
        0,
        0,
        0,
        0
      ]
    }
  },
  {
    "__type__": "cc.SpriteFrame",
    "content": {
      "name": "assassin5",
      "texture": "bber9idBlF9Idt0PLrzGlc",
      "rect": [
        269,
        1303,
        219,
        170
      ],
      "offset": [
        -1,
        0
      ],
      "originalSize": [
        289,
        224
      ],
      "capInsets": [
        0,
        0,
        0,
        0
      ]
    }
  },
  {
    "__type__": "cc.SpriteFrame",
    "content": {
      "name": "point",
      "texture": "bber9idBlF9Idt0PLrzGlc",
      "rect": [
        192,
        1931,
        30,
        30
      ],
      "offset": [
        0,
        0
      ],
      "originalSize": [
        30,
        30
      ],
      "capInsets": [
        0,
        0,
        0,
        0
      ]
    }
  },
  {
    "__type__": "cc.SpriteFrame",
    "content": {
      "name": "bar2",
      "texture": "bber9idBlF9Idt0PLrzGlc",
      "rect": [
        833,
        972,
        60,
        16
      ],
      "offset": [
        0,
        0
      ],
      "originalSize": [
        60,
        16
      ],
      "rotated": 1,
      "capInsets": [
        10,
        0,
        10,
        0
      ]
    }
  },
  {
    "__type__": "cc.SpriteFrame",
    "content": {
      "name": "skin_random_text",
      "texture": "bber9idBlF9Idt0PLrzGlc",
      "rect": [
        235,
        1206,
        113,
        32
      ],
      "offset": [
        0,
        0
      ],
      "originalSize": [
        113,
        32
      ],
      "rotated": 1,
      "capInsets": [
        0,
        0,
        0,
        0
      ]
    }
  },
  {
    "__type__": "cc.SpriteFrame",
    "content": {
      "name": "assassin4",
      "texture": "bber9idBlF9Idt0PLrzGlc",
      "rect": [
        2,
        1206,
        231,
        170
      ],
      "offset": [
        0,
        0
      ],
      "originalSize": [
        233,
        172
      ],
      "capInsets": [
        0,
        0,
        0,
        0
      ]
    }
  },
  {
    "__type__": "cc.SpriteFrame",
    "content": {
      "name": "setting_sound_off",
      "texture": "bber9idBlF9Idt0PLrzGlc",
      "rect": [
        461,
        1537,
        32,
        26
      ],
      "offset": [
        0,
        0
      ],
      "originalSize": [
        34,
        28
      ],
      "rotated": 1,
      "capInsets": [
        0,
        0,
        0,
        0
      ]
    }
  },
  {
    "__type__": "cc.SpriteFrame",
    "content": {
      "name": "assassin6",
      "texture": "bber9idBlF9Idt0PLrzGlc",
      "rect": [
        492,
        1271,
        219,
        170
      ],
      "offset": [
        -1,
        0
      ],
      "originalSize": [
        289,
        224
      ],
      "capInsets": [
        0,
        0,
        0,
        0
      ]
    }
  },
  {
    "__type__": "cc.SpriteFrame",
    "content": {
      "name": "setting_bg",
      "texture": "bber9idBlF9Idt0PLrzGlc",
      "rect": [
        813,
        1603,
        48,
        209
      ],
      "offset": [
        0,
        0
      ],
      "originalSize": [
        48,
        209
      ],
      "rotated": 1,
      "capInsets": [
        0,
        30,
        0,
        30
      ]
    }
  },
  {
    "__type__": "cc.SpriteFrame",
    "content": {
      "name": "assassin9",
      "texture": "bber9idBlF9Idt0PLrzGlc",
      "rect": [
        269,
        1075,
        237,
        178
      ],
      "offset": [
        0,
        0
      ],
      "originalSize": [
        239,
        180
      ],
      "capInsets": [
        0,
        0,
        0,
        0
      ]
    }
  },
  {
    "__type__": "cc.SpriteFrame",
    "content": {
      "name": "main_daily_gold",
      "texture": "bber9idBlF9Idt0PLrzGlc",
      "rect": [
        713,
        1400,
        110,
        146
      ],
      "offset": [
        0,
        0
      ],
      "originalSize": [
        110,
        146
      ],
      "capInsets": [
        0,
        0,
        0,
        0
      ]
    }
  },
  {
    "__type__": "cc.SpriteFrame",
    "content": {
      "name": "emoteQuestionMark",
      "texture": "bber9idBlF9Idt0PLrzGlc",
      "rect": [
        770,
        921,
        49,
        74
      ],
      "offset": [
        0,
        0
      ],
      "originalSize": [
        51,
        76
      ],
      "rotated": 1,
      "capInsets": [
        0,
        0,
        0,
        0
      ]
    }
  },
  {
    "__type__": "cc.SpriteFrame",
    "content": {
      "name": "success_retry",
      "texture": "bber9idBlF9Idt0PLrzGlc",
      "rect": [
        967,
        308,
        249,
        52
      ],
      "offset": [
        0,
        0
      ],
      "originalSize": [
        249,
        52
      ],
      "rotated": 1,
      "capInsets": [
        0,
        0,
        0,
        0
      ]
    }
  },
  {
    "__type__": "cc.SpriteFrame",
    "content": {
      "name": "emoteExclamationMark",
      "texture": "bber9idBlF9Idt0PLrzGlc",
      "rect": [
        770,
        824,
        21,
        75
      ],
      "offset": [
        0,
        0
      ],
      "originalSize": [
        23,
        77
      ],
      "rotated": 1,
      "capInsets": [
        0,
        0,
        0,
        0
      ]
    }
  },
  {
    "__type__": "cc.SpriteAtlas",
    "_name": "common.plist",
    "_spriteFrames": {
      "alert_bg": {
        "__uuid__": "66pM2S3EdDQLrcpfcwkU8H"
      },
      "assassin1": {
        "__uuid__": "682vOvGa5ExpcRNJHH1iIX"
      },
      "assassin10": {
        "__uuid__": "21mVujSDhFX4KqDqLbOCp6"
      },
      "assassin111": {
        "__uuid__": "ecY6bikRpKSYNHC6cI+58a"
      },
      "assassin2": {
        "__uuid__": "10sgYSzJ1IMYq6sEX7ympO"
      },
      "assassin222": {
        "__uuid__": "af/i6SSixFMYd+qD9CcZcq"
      },
      "assassin3": {
        "__uuid__": "a6lH9DmalE3aqEE4eWyouZ"
      },
      "assassin333": {
        "__uuid__": "a7hpsigLVNOaWfZ/tL8u5h"
      },
      "assassin4": {
        "__uuid__": "cc16W5iDBBhZojRyyZPv7c"
      },
      "assassin5": {
        "__uuid__": "bdMUxzhf5CfInawPY4vlqP"
      },
      "assassin6": {
        "__uuid__": "cdnJCJa7tIu5d8cUqCRg8o"
      },
      "assassin7": {
        "__uuid__": "7clrtPwqpDDI3K7QbhNnlV"
      },
      "assassin8": {
        "__uuid__": "2e3kCtoBtLq4yx5N3sdsAr"
      },
      "assassin9": {
        "__uuid__": "d1u/erBvNIo6H/xBdLau2J"
      },
      "assassinLeg1": {
        "__uuid__": "4crRtg8KpNYa8UGnn3DmUj"
      },
      "assassinLeg10": {
        "__uuid__": "a7866VaeJJYpixCP3WOf8G"
      },
      "assassinLeg111": {
        "__uuid__": "a9S3SeiilIdrZveEpiqEDJ"
      },
      "assassinLeg2": {
        "__uuid__": "422jN2LkNIDpQ+wVPMZACx"
      },
      "assassinLeg222": {
        "__uuid__": "abcj+qBFlKtpfg0nmqKVDs"
      },
      "assassinLeg3": {
        "__uuid__": "f3O7lARZFKmrrr6q9D+i6f"
      },
      "assassinLeg333": {
        "__uuid__": "91xABit4RIspWOUhey6eWb"
      },
      "assassinLeg4": {
        "__uuid__": "07BO/pnd1MHI4hUMSJTeG7"
      },
      "assassinLeg5": {
        "__uuid__": "9ajBDyQg5PC5AXuBGWgCUx"
      },
      "assassinLeg6": {
        "__uuid__": "e3Er9q3spIAJqhM444ocFt"
      },
      "assassinLeg7": {
        "__uuid__": "6bk6wO6h1Ejo+mMV0aR2yh"
      },
      "assassinLeg8": {
        "__uuid__": "6evf3dOYZIZYZnNYvAS71j"
      },
      "assassinLeg9": {
        "__uuid__": "bdIQBFSJBGAK/5wCae8iJZ"
      },
      "back": {
        "__uuid__": "b7yQNsHOBM6r+4VS2n6sX5"
      },
      "bar1": {
        "__uuid__": "f4mxnQ0YJP4qs0C4MfiQNq"
      },
      "bar2": {
        "__uuid__": "c8kQ2N1wlDaosVE7zDomVW"
      },
      "bullet": {
        "__uuid__": "a70v6wSyRAFKcKFEg/dLKW"
      },
      "button1": {
        "__uuid__": "e2OfeoAeFPvKxpfPuQn9UT"
      },
      "button2": {
        "__uuid__": "a7Jq2y1apCv5DhDq+7v0Dk"
      },
      "button3": {
        "__uuid__": "f6Z6hvrO1MYq7hFu/V2bzz"
      },
      "emoteExclamationMark": {
        "__uuid__": "d9GopViWZPmZC1zyhEm+k9"
      },
      "emoteQuestionMark": {
        "__uuid__": "d3ecPe6TZLGrRBCyReG/bg"
      },
      "empty": {
        "__uuid__": "2azFEn8BhP1Z/9TvhTNWjr"
      },
      "gemTrail": {
        "__uuid__": "f9/n+JP7lCwo37FhlVC4PN"
      },
      "gemTrailEnd": {
        "__uuid__": "adVTrVQ9hNJo3ujqXvXZ1d"
      },
      "gold_bg": {
        "__uuid__": "e2GWCiwSBAVIqCUfz3RFwP"
      },
      "guard": {
        "__uuid__": "80AGLf6qROxqff+mypjbBi"
      },
      "guardDiamond": {
        "__uuid__": "64sCIsexNBm5xpt2qiUYya"
      },
      "guardDiamondLeg": {
        "__uuid__": "15+YZYLJ9IEIQ7lYBMR5mI"
      },
      "guardLeg": {
        "__uuid__": "78vInOXPBK6pHIfmY9oGPF"
      },
      "hand": {
        "__uuid__": "7dXqVMH9hJfLkupXEBmtcy"
      },
      "indicator": {
        "__uuid__": "15SOAw6yxNiLJOFj2KHI3m"
      },
      "main_arrow": {
        "__uuid__": "59r8Ill5lIsZKeqBMinH8n"
      },
      "main_bar1": {
        "__uuid__": "ed+2OE3HNDv4ST6p5jLJEc"
      },
      "main_bar2": {
        "__uuid__": "48U7EfV8JMmIDf2kMFmPFq"
      },
      "main_daily_gold": {
        "__uuid__": "d1vILrdLJBrINUzBqqZILt"
      },
      "main_get": {
        "__uuid__": "76+EhKr/dF4LYRlM8b60LH"
      },
      "main_getTomorrow": {
        "__uuid__": "1bst2YUuZNabSRRng3mFOM"
      },
      "main_list": {
        "__uuid__": "f8k1y9s/VGSI/IXTUDFmg4"
      },
      "main_list_bg": {
        "__uuid__": "f7E2X/7t1Gx5vMUIYeICpk"
      },
      "main_setting": {
        "__uuid__": "80uQxqmcxN9I94bK19eMmB"
      },
      "main_start": {
        "__uuid__": "a7CACB5/dFTIcBv4zgJNKm"
      },
      "mask": {
        "__uuid__": "93iHSTjsRLDJjjNU0dE9Nl"
      },
      "muzzleFlashRound": {
        "__uuid__": "3a4ZWeVm5PAYBWQGMOb0ic"
      },
      "nothing": {
        "__uuid__": "9b5Xhyd0xL+YfQsmb2H8l+"
      },
      "objectiveLoading": {
        "__uuid__": "ffTsJ7wDZP17DBXbwJ69if"
      },
      "point": {
        "__uuid__": "c69y7yyS9Ly7/Vd/k8soHP"
      },
      "rank1": {
        "__uuid__": "13YPK4CANM1qIbun5Zn+ql"
      },
      "rank2": {
        "__uuid__": "a2JuicTY9Gv77fkZoAbm01"
      },
      "rank3": {
        "__uuid__": "34uQvo4XhKPabj3zT/O9/e"
      },
      "rank_toggle1": {
        "__uuid__": "1cVRqs1ktLHInS88Ze2CIQ"
      },
      "rank_toggle2": {
        "__uuid__": "73zjOT8chONLMpPaBVG3jF"
      },
      "revive_circle": {
        "__uuid__": "03mwcX+35OX4E7a7sG9iyo"
      },
      "revive_skip_text": {
        "__uuid__": "39CWJT0rpFCYTjYOuOVId4"
      },
      "revive_video_text": {
        "__uuid__": "38iSJhrwRMDKp9siMR1ZrI"
      },
      "reward_get": {
        "__uuid__": "02Zt9gxttHnbSHuEGNoswG"
      },
      "reward_get_3": {
        "__uuid__": "e53MShfZdMm6wD2orLAHp/"
      },
      "reward_gold": {
        "__uuid__": "f6xD65bL5Pjq6q+l1seZSH"
      },
      "reward_shine": {
        "__uuid__": "3aZFcJ6/VA95J3I9lJkQGI"
      },
      "round": {
        "__uuid__": "7edNMlBzRGuJtgJ7BRrhEv"
      },
      "round_blank": {
        "__uuid__": "0cV3tyLXpOC7Q1y5jQgO8s"
      },
      "scene_golden": {
        "__uuid__": "32l8nvvGJLYo4MbxdpMjG1"
      },
      "scene_target": {
        "__uuid__": "44DuW9fnxLxr3//FzQRc7z"
      },
      "setting_bg": {
        "__uuid__": "d0bGpZjcBFhptErI6H2PzY"
      },
      "setting_collect": {
        "__uuid__": "a4NhyRHwhN4bJ63uK9fAl1"
      },
      "setting_service": {
        "__uuid__": "fer9Zkt1VP1rP0S8a8Ef90"
      },
      "setting_sound_off": {
        "__uuid__": "cddUCgEZNPqqEFUB+JNlYx"
      },
      "setting_sound_on": {
        "__uuid__": "27cb/QtcdFwYbp7Amh8lqC"
      },
      "setting_vibrate_off": {
        "__uuid__": "fbJcf34dNEFrkoY8gQwCgj"
      },
      "setting_vibrate_on": {
        "__uuid__": "1fJfOMHTpDAKZbqv8hquPj"
      },
      "share": {
        "__uuid__": "f9lp/FpgZMV5/ummRKfWqs"
      },
      "shine": {
        "__uuid__": "0eqO7kwxNH+rHj3HmiOGU0"
      },
      "shineWhite": {
        "__uuid__": "04NmHKXx9DEZp0WDzuVqD/"
      },
      "skin_bg": {
        "__uuid__": "6ctqLsLg5IZqgrYCIu8qP8"
      },
      "skin_bg1": {
        "__uuid__": "2dkQ27hJJAIahQpUUYPqvs"
      },
      "skin_bg2": {
        "__uuid__": "eaMAGs4gtGHKs09EOWhXIy"
      },
      "skin_lock": {
        "__uuid__": "a504ejkGtMSYWsEGnOpYHk"
      },
      "skin_mask": {
        "__uuid__": "e8MpCRL/1Bzbro58zMfxc3"
      },
      "skin_random_text": {
        "__uuid__": "caODRfVD1Pfo6vv8pxdMDM"
      },
      "smoke": {
        "__uuid__": "66oNA0eWxOe4zELd/roCRn"
      },
      "stone1": {
        "__uuid__": "05be20M4lGtLdrqpGeD0Lb"
      },
      "stone2": {
        "__uuid__": "7aKoqWBbtKY5Yhmywsp8tg"
      },
      "success_bg": {
        "__uuid__": "12utJEzOZA9pVIsVAyLo7b"
      },
      "success_button": {
        "__uuid__": "ed98wD0iJFW6/pdS0EGxgJ"
      },
      "success_get_text": {
        "__uuid__": "7dw2LY6bhFfYdUHPnIGfu8"
      },
      "success_multi_bg": {
        "__uuid__": "36SSV/KPBFyoW+v0ftrlEB"
      },
      "success_next": {
        "__uuid__": "33uFDTNoNA8bdTWgFN/rCP"
      },
      "success_retry": {
        "__uuid__": "d5ZhO8aOpEvYvEXrh5bW18"
      },
      "success_title": {
        "__uuid__": "f8jOkQ601OTpn4MNBHQA0H"
      },
      "test_bg": {
        "__uuid__": "74BiZ8bKFEjKSEXX53ozML"
      },
      "test_button": {
        "__uuid__": "feLDIQu+JN0J9KRNjfNIgB"
      },
      "test_close_text": {
        "__uuid__": "edEphBdt9N1r+YZl6sJ3x6"
      },
      "test_free_text": {
        "__uuid__": "7bVPzkOrVEH79Tq9LOqrNn"
      },
      "title_bg1": {
        "__uuid__": "a0lN+D+PBMRZiu3p1AC30r"
      },
      "title_bg2": {
        "__uuid__": "5cXHATPRhC16RHyLEslAlh"
      },
      "trail": {
        "__uuid__": "9eO29mBSZL+5oRpOLmbklF"
      },
      "video": {
        "__uuid__": "2chAoT/npGG5tcauaTPNEV"
      }
    }
  },
  {
    "__type__": "cc.SpriteFrame",
    "content": {
      "name": "gold_bg",
      "texture": "bber9idBlF9Idt0PLrzGlc",
      "rect": [
        851,
        1065,
        171,
        48
      ],
      "offset": [
        0,
        0
      ],
      "originalSize": [
        171,
        48
      ],
      "capInsets": [
        0,
        0,
        0,
        0
      ]
    }
  },
  {
    "__type__": "cc.SpriteFrame",
    "content": {
      "name": "button1",
      "texture": "bber9idBlF9Idt0PLrzGlc",
      "rect": [
        520,
        628,
        336,
        112
      ],
      "offset": [
        0,
        0
      ],
      "originalSize": [
        336,
        112
      ],
      "capInsets": [
        20,
        20,
        20,
        20
      ]
    }
  },
  {
    "__type__": "cc.SpriteFrame",
    "content": {
      "name": "assassinLeg6",
      "texture": "bber9idBlF9Idt0PLrzGlc",
      "rect": [
        703,
        1548,
        108,
        46
      ],
      "offset": [
        -1,
        1
      ],
      "originalSize": [
        122,
        64
      ],
      "capInsets": [
        0,
        0,
        0,
        0
      ]
    }
  },
  {
    "__type__": "cc.SpriteFrame",
    "content": {
      "name": "reward_get_3",
      "texture": "bber9idBlF9Idt0PLrzGlc",
      "rect": [
        2,
        1429,
        159,
        46
      ],
      "offset": [
        0,
        0
      ],
      "originalSize": [
        159,
        46
      ],
      "capInsets": [
        0,
        0,
        0,
        0
      ]
    }
  },
  {
    "__type__": "cc.SpriteFrame",
    "content": {
      "name": "skin_mask",
      "texture": "bber9idBlF9Idt0PLrzGlc",
      "rect": [
        130,
        1931,
        60,
        60
      ],
      "offset": [
        0,
        0
      ],
      "originalSize": [
        60,
        60
      ],
      "capInsets": [
        20,
        20,
        20,
        20
      ]
    }
  },
  {
    "__type__": "cc.SpriteFrame",
    "content": {
      "name": "skin_bg2",
      "texture": "bber9idBlF9Idt0PLrzGlc",
      "rect": [
        269,
        965,
        88,
        108
      ],
      "offset": [
        0,
        0
      ],
      "originalSize": [
        88,
        108
      ],
      "capInsets": [
        20,
        20,
        20,
        60
      ]
    }
  },
  {
    "__type__": "cc.SpriteFrame",
    "content": {
      "name": "assassin111",
      "texture": "bber9idBlF9Idt0PLrzGlc",
      "rect": [
        519,
        742,
        249,
        183
      ],
      "offset": [
        0,
        0
      ],
      "originalSize": [
        249,
        183
      ],
      "capInsets": [
        0,
        0,
        0,
        0
      ]
    }
  },
  {
    "__type__": "cc.SpriteFrame",
    "content": {
      "name": "test_close_text",
      "texture": "bber9idBlF9Idt0PLrzGlc",
      "rect": [
        327,
        548,
        137,
        36
      ],
      "offset": [
        0,
        0
      ],
      "originalSize": [
        137,
        36
      ],
      "rotated": 1,
      "capInsets": [
        0,
        0,
        0,
        0
      ]
    }
  },
  {
    "__type__": "cc.SpriteFrame",
    "content": {
      "name": "success_button",
      "texture": "bber9idBlF9Idt0PLrzGlc",
      "rect": [
        2,
        114,
        422,
        160
      ],
      "offset": [
        0,
        0
      ],
      "originalSize": [
        422,
        160
      ],
      "capInsets": [
        0,
        0,
        0,
        0
      ]
    }
  },
  {
    "__type__": "cc.SpriteFrame",
    "content": {
      "name": "main_bar1",
      "texture": "bber9idBlF9Idt0PLrzGlc",
      "rect": [
        428,
        988,
        65,
        34
      ],
      "offset": [
        0,
        0
      ],
      "originalSize": [
        65,
        34
      ],
      "rotated": 1,
      "capInsets": [
        20,
        0,
        20,
        0
      ]
    }
  },
  {
    "__type__": "cc.SpriteFrame",
    "content": {
      "name": "assassinLeg3",
      "texture": "bber9idBlF9Idt0PLrzGlc",
      "rect": [
        2,
        1821,
        108,
        44
      ],
      "offset": [
        0,
        0
      ],
      "originalSize": [
        110,
        46
      ],
      "rotated": 1,
      "capInsets": [
        0,
        0,
        0,
        0
      ]
    }
  },
  {
    "__type__": "cc.SpriteFrame",
    "content": {
      "name": "bar1",
      "texture": "bber9idBlF9Idt0PLrzGlc",
      "rect": [
        833,
        1034,
        60,
        16
      ],
      "offset": [
        0,
        0
      ],
      "originalSize": [
        60,
        16
      ],
      "rotated": 1,
      "capInsets": [
        8,
        0,
        8,
        0
      ]
    }
  },
  {
    "__type__": "cc.SpriteFrame",
    "content": {
      "name": "button3",
      "texture": "bber9idBlF9Idt0PLrzGlc",
      "rect": [
        524,
        400,
        336,
        112
      ],
      "offset": [
        0,
        0
      ],
      "originalSize": [
        336,
        112
      ],
      "capInsets": [
        20,
        20,
        20,
        20
      ]
    }
  },
  {
    "__type__": "cc.SpriteFrame",
    "content": {
      "name": "reward_gold",
      "texture": "bber9idBlF9Idt0PLrzGlc",
      "rect": [
        2,
        276,
        361,
        270
      ],
      "offset": [
        0,
        0
      ],
      "originalSize": [
        361,
        270
      ],
      "capInsets": [
        0,
        0,
        0,
        0
      ]
    }
  },
  {
    "__type__": "cc.SpriteFrame",
    "content": {
      "name": "main_list_bg",
      "texture": "bber9idBlF9Idt0PLrzGlc",
      "rect": [
        2,
        635,
        196,
        306
      ],
      "offset": [
        0,
        0
      ],
      "originalSize": [
        196,
        306
      ],
      "rotated": 1,
      "capInsets": [
        10,
        20,
        80,
        20
      ]
    }
  },
  {
    "__type__": "cc.SpriteFrame",
    "content": {
      "name": "success_title",
      "texture": "bber9idBlF9Idt0PLrzGlc",
      "rect": [
        2,
        548,
        323,
        85
      ],
      "offset": [
        0,
        0
      ],
      "originalSize": [
        323,
        85
      ],
      "capInsets": [
        0,
        0,
        0,
        0
      ]
    }
  },
  {
    "__type__": "cc.SpriteFrame",
    "content": {
      "name": "main_list",
      "texture": "bber9idBlF9Idt0PLrzGlc",
      "rect": [
        138,
        1795,
        60,
        60
      ],
      "offset": [
        0,
        0
      ],
      "originalSize": [
        60,
        60
      ],
      "capInsets": [
        10,
        10,
        10,
        10
      ]
    }
  },
  {
    "__type__": "cc.SpriteFrame",
    "content": {
      "name": "share",
      "texture": "bber9idBlF9Idt0PLrzGlc",
      "rect": [
        209,
        1536,
        47,
        50
      ],
      "offset": [
        0,
        0
      ],
      "originalSize": [
        47,
        50
      ],
      "rotated": 1,
      "capInsets": [
        0,
        0,
        0,
        0
      ]
    }
  },
  {
    "__type__": "cc.SpriteFrame",
    "content": {
      "name": "gemTrail",
      "texture": "bber9idBlF9Idt0PLrzGlc",
      "rect": [
        170,
        1895,
        34,
        36
      ],
      "offset": [
        -1,
        0
      ],
      "originalSize": [
        36,
        36
      ],
      "rotated": 1,
      "capInsets": [
        0,
        0,
        0,
        0
      ]
    }
  },
  {
    "__type__": "cc.SpriteFrame",
    "content": {
      "name": "setting_vibrate_off",
      "texture": "bber9idBlF9Idt0PLrzGlc",
      "rect": [
        807,
        1162,
        22,
        34
      ],
      "offset": [
        0,
        0
      ],
      "originalSize": [
        24,
        36
      ],
      "capInsets": [
        0,
        0,
        0,
        0
      ]
    }
  },
  {
    "__type__": "cc.SpriteFrame",
    "content": {
      "name": "test_button",
      "texture": "bber9idBlF9Idt0PLrzGlc",
      "rect": [
        209,
        1438,
        64,
        58
      ],
      "offset": [
        0,
        0
      ],
      "originalSize": [
        64,
        58
      ],
      "rotated": 1,
      "capInsets": [
        12,
        12,
        12,
        12
      ]
    }
  },
  {
    "__type__": "cc.SpriteFrame",
    "content": {
      "name": "setting_service",
      "texture": "bber9idBlF9Idt0PLrzGlc",
      "rect": [
        464,
        1040,
        32,
        32
      ],
      "offset": [
        0,
        0
      ],
      "originalSize": [
        34,
        34
      ],
      "capInsets": [
        0,
        0,
        0,
        0
      ]
    }
  },
  {
    "__type__": "cc.SpriteFrame",
    "content": {
      "name": "objectiveLoading",
      "texture": "bber9idBlF9Idt0PLrzGlc",
      "rect": [
        741,
        1162,
        64,
        64
      ],
      "offset": [
        0,
        0
      ],
      "originalSize": [
        64,
        64
      ],
      "capInsets": [
        0,
        0,
        0,
        0
      ]
    }
  }
]