[
  {
    "__type__": "cc.SpriteFrame",
    "content": {
      "name": "empty1356",
      "texture": "88tn/jEb1IUJjk+yo6qwK0",
      "rect": [
        0,
        0,
        2,
        2
      ],
      "offset": [
        0,
        0
      ],
      "originalSize": [
        2,
        2
      ],
      "capInsets": [
        0,
        0,
        0,
        0
      ]
    }
  },
  [
    {
      "__type__": "cc.Prefab",
      "_name": "Scene",
      "data": {
        "__id__": 1
      }
    },
    {
      "__type__": "cc.Node",
      "_name": "Scene",
      "_children": [
        {
          "__type__": "cc.Node",
          "_name": "floor",
          "_parent": {
            "__id__": 1
          },
          "_level": 2,
          "_prefab": {
            "__type__": "cc.PrefabInfo",
            "root": {
              "__id__": 1
            },
            "asset": {
              "__uuid__": "da/Ys1yYBJ34KOwweyXEKT"
            },
            "fileId": "21m/yYFfRLS6anKtlvCu0v"
          },
          "_contentSize": {
            "__type__": "cc.Size",
            "width": 750,
            "height": 1334
          }
        },
        {
          "__type__": "cc.Node",
          "_name": "projection",
          "_parent": {
            "__id__": 1
          },
          "_level": 2,
          "_prefab": {
            "__type__": "cc.PrefabInfo",
            "root": {
              "__id__": 1
            },
            "asset": {
              "__uuid__": "da/Ys1yYBJ34KOwweyXEKT"
            },
            "fileId": "a9IAhJj25N3ZMGk/dGrkZh"
          },
          "_contentSize": {
            "__type__": "cc.Size",
            "width": 750,
            "height": 1334
          }
        },
        {
          "__type__": "cc.Node",
          "_name": "shadow",
          "_parent": {
            "__id__": 1
          },
          "_level": 2,
          "_prefab": {
            "__type__": "cc.PrefabInfo",
            "root": {
              "__id__": 1
            },
            "asset": {
              "__uuid__": "da/Ys1yYBJ34KOwweyXEKT"
            },
            "fileId": "33sfnmacBPQ6HBGeN+mzI8"
          },
          "_contentSize": {
            "__type__": "cc.Size",
            "width": 750,
            "height": 1334
          }
        },
        {
          "__type__": "cc.Node",
          "_name": "mask",
          "_parent": {
            "__id__": 1
          },
          "_level": 2,
          "_prefab": {
            "__type__": "cc.PrefabInfo",
            "root": {
              "__id__": 1
            },
            "asset": {
              "__uuid__": "da/Ys1yYBJ34KOwweyXEKT"
            },
            "fileId": "42f6ejzgRHiIKgmst7CoWl"
          },
          "_contentSize": {
            "__type__": "cc.Size",
            "width": 750,
            "height": 1334
          },
          "groupIndex": 1
        },
        {
          "__id__": 2
        },
        {
          "__type__": "cc.Node",
          "_name": "tag",
          "_parent": {
            "__id__": 1
          },
          "_level": 2,
          "_prefab": {
            "__type__": "cc.PrefabInfo",
            "root": {
              "__id__": 1
            },
            "asset": {
              "__uuid__": "da/Ys1yYBJ34KOwweyXEKT"
            },
            "fileId": "77u5YZAOtIQLsFxyLfS/Ad"
          },
          "_contentSize": {
            "__type__": "cc.Size",
            "width": 750,
            "height": 1334
          }
        },
        {
          "__type__": "cc.Node",
          "_name": "role",
          "_parent": {
            "__id__": 1
          },
          "_level": 2,
          "_prefab": {
            "__type__": "cc.PrefabInfo",
            "root": {
              "__id__": 1
            },
            "asset": {
              "__uuid__": "da/Ys1yYBJ34KOwweyXEKT"
            },
            "fileId": "04Ult8TcBNh6N8/BbXEQxA"
          },
          "_contentSize": {
            "__type__": "cc.Size",
            "width": 750,
            "height": 1334
          }
        },
        {
          "__type__": "cc.Node",
          "_name": "obj",
          "_parent": {
            "__id__": 1
          },
          "_level": 2,
          "_prefab": {
            "__type__": "cc.PrefabInfo",
            "root": {
              "__id__": 1
            },
            "asset": {
              "__uuid__": "da/Ys1yYBJ34KOwweyXEKT"
            },
            "fileId": "28ibZpKE5JUrphE7MudfGW"
          },
          "_contentSize": {
            "__type__": "cc.Size",
            "width": 750,
            "height": 1334
          }
        },
        {
          "__type__": "cc.Node",
          "_name": "fore",
          "_parent": {
            "__id__": 1
          },
          "_level": 2,
          "_prefab": {
            "__type__": "cc.PrefabInfo",
            "root": {
              "__id__": 1
            },
            "asset": {
              "__uuid__": "da/Ys1yYBJ34KOwweyXEKT"
            },
            "fileId": "58dIAMK9ZOY7735mvVsjBU"
          },
          "_contentSize": {
            "__type__": "cc.Size",
            "width": 750,
            "height": 1334
          }
        }
      ],
      "_level": 1,
      "_prefab": {
        "__type__": "cc.PrefabInfo",
        "root": {
          "__id__": 1
        },
        "asset": {
          "__uuid__": "da/Ys1yYBJ34KOwweyXEKT"
        },
        "fileId": "ecwmRpA3JBPr7fX3TDIs/P"
      },
      "_contentSize": {
        "__type__": "cc.Size",
        "width": 750,
        "height": 1334
      }
    },
    {
      "__type__": "cc.Node",
      "_name": "sight",
      "_parent": {
        "__id__": 1
      },
      "_children": [
        {
          "__id__": 3
        }
      ],
      "_level": 2,
      "_components": [
        {
          "__type__": "cc.Mask",
          "node": {
            "__id__": 2
          },
          "_materials": [
            {
              "__uuid__": "ecpdLyjvZBwrvm+cedCcQy"
            }
          ],
          "_segments": 128,
          "_N$inverted": true
        }
      ],
      "_prefab": {
        "__type__": "cc.PrefabInfo",
        "root": {
          "__id__": 1
        },
        "asset": {
          "__uuid__": "da/Ys1yYBJ34KOwweyXEKT"
        },
        "fileId": "00D9Obas5HpZlWA7A8v29f"
      },
      "_contentSize": {
        "__type__": "cc.Size",
        "width": 2000,
        "height": 2000
      },
      "groupIndex": 1
    },
    {
      "__type__": "cc.Node",
      "_name": "black",
      "_parent": {
        "__id__": 2
      },
      "_level": 3,
      "_components": [
        {
          "__type__": "cc.Sprite",
          "node": {
            "__id__": 3
          },
          "_materials": [
            {
              "__uuid__": "ecpdLyjvZBwrvm+cedCcQy"
            }
          ],
          "_spriteFrame": {
            "__uuid__": "20MsNZ+lVL5IUu6DD9FWlF"
          },
          "_sizeMode": 0,
          "_isTrimmedMode": false
        },
        {
          "__type__": "cc.Widget",
          "node": {
            "__id__": 3
          },
          "_target": {
            "__id__": 1
          },
          "_alignFlags": 45,
          "_left": -625,
          "_right": -625,
          "_top": -333,
          "_bottom": -333,
          "_originalWidth": 750,
          "_originalHeight": 1334
        }
      ],
      "_prefab": {
        "__type__": "cc.PrefabInfo",
        "root": {
          "__id__": 1
        },
        "asset": {
          "__uuid__": "da/Ys1yYBJ34KOwweyXEKT"
        },
        "fileId": "42fUjt/J9F1bDQrDWAS0EF"
      },
      "_opacity": 70,
      "_color": {
        "__type__": "cc.Color",
        "r": 27,
        "g": 27,
        "b": 27
      },
      "_contentSize": {
        "__type__": "cc.Size",
        "width": 2000,
        "height": 2000
      },
      "groupIndex": 1
    }
  ]
]