[
  {
    "__type__": "cc.SpriteFrame",
    "content": {
      "name": "stone1",
      "texture": "bber9idBlF9Idt0PLrzGlc",
      "rect": [
        210,
        1387,
        49,
        57
      ],
      "offset": [
        0,
        0
      ],
      "originalSize": [
        49,
        57
      ],
      "rotated": 1,
      "capInsets": [
        0,
        0,
        0,
        0
      ]
    }
  },
  {
    "__type__": "cc.SpriteFrame",
    "content": {
      "name": "empty1356",
      "texture": "88tn/jEb1IUJjk+yo6qwK0",
      "rect": [
        0,
        0,
        2,
        2
      ],
      "offset": [
        0,
        0
      ],
      "originalSize": [
        2,
        2
      ],
      "capInsets": [
        0,
        0,
        0,
        0
      ]
    }
  },
  {
    "__type__": "cc.SpriteFrame",
    "content": {
      "name": "video",
      "texture": "bber9idBlF9Idt0PLrzGlc",
      "rect": [
        967,
        58,
        55,
        42
      ],
      "offset": [
        0,
        0
      ],
      "originalSize": [
        55,
        42
      ],
      "capInsets": [
        0,
        0,
        0,
        0
      ]
    }
  },
  [
    {
      "__type__": "cc.Prefab",
      "_name": "GameOverUI",
      "data": {
        "__id__": 1
      }
    },
    {
      "__type__": "cc.Node",
      "_name": "GameOverUI",
      "_children": [
        {
          "__id__": 2
        },
        {
          "__id__": 3
        },
        {
          "__id__": 4
        },
        {
          "__id__": 5
        },
        {
          "__id__": 6
        },
        {
          "__id__": 12
        },
        {
          "__id__": 13
        },
        {
          "__id__": 14
        },
        {
          "__id__": 15
        },
        {
          "__id__": 16
        }
      ],
      "_level": 1,
      "_components": [
        {
          "__type__": "cc.BlockInputEvents",
          "node": {
            "__id__": 1
          }
        },
        {
          "__type__": "016eau7kltKZK/VVwsGN2st",
          "node": {
            "__id__": 1
          },
          "sortOrder": 2
        }
      ],
      "_prefab": {
        "__type__": "cc.PrefabInfo",
        "root": {
          "__id__": 1
        },
        "asset": {
          "__uuid__": "320AdX0oFIk4hfJuQ8glSu"
        },
        "fileId": "a5oeuhMIxOQrLG3ovlNPNK"
      },
      "_contentSize": {
        "__type__": "cc.Size",
        "width": 750,
        "height": 1334
      },
      "groupIndex": 1
    },
    {
      "__type__": "cc.Node",
      "_name": "Back",
      "_parent": {
        "__id__": 1
      },
      "_components": [
        {
          "__type__": "cc.Sprite",
          "node": {
            "__id__": 2
          },
          "_materials": [
            {
              "__uuid__": "ecpdLyjvZBwrvm+cedCcQy"
            }
          ],
          "_spriteFrame": {
            "__uuid__": "20MsNZ+lVL5IUu6DD9FWlF"
          },
          "_sizeMode": 0,
          "_isTrimmedMode": false
        },
        {
          "__type__": "cc.Widget",
          "node": {
            "__id__": 2
          },
          "alignMode": 0,
          "_alignFlags": 45,
          "_top": -173,
          "_bottom": -173,
          "_originalWidth": 720,
          "_originalHeight": 1280
        }
      ],
      "_prefab": {
        "__type__": "cc.PrefabInfo",
        "root": {
          "__id__": 1
        },
        "asset": {
          "__uuid__": "320AdX0oFIk4hfJuQ8glSu"
        },
        "fileId": "5d2tDZQAlIIJMXeznSeyoU"
      },
      "_opacity": 128,
      "_color": {
        "__type__": "cc.Color"
      },
      "_contentSize": {
        "__type__": "cc.Size",
        "width": 750,
        "height": 1680
      },
      "groupIndex": 1
    },
    {
      "__type__": "cc.Node",
      "_name": "Titleback",
      "_parent": {
        "__id__": 1
      },
      "_level": 2,
      "_components": [
        {
          "__type__": "cc.Sprite",
          "node": {
            "__id__": 3
          },
          "_materials": [
            {
              "__uuid__": "ecpdLyjvZBwrvm+cedCcQy"
            }
          ],
          "_spriteFrame": {
            "__uuid__": "90schKW7lPYLyd3SeqIQYH"
          },
          "_type": 1,
          "_sizeMode": 2,
          "_isTrimmedMode": false
        }
      ],
      "_prefab": {
        "__type__": "cc.PrefabInfo",
        "root": {
          "__id__": 1
        },
        "asset": {
          "__uuid__": "320AdX0oFIk4hfJuQ8glSu"
        },
        "fileId": "78psEbCBtA/aQPRsk1BcXq"
      },
      "_color": {
        "__type__": "cc.Color",
        "r": 238,
        "g": 176,
        "b": 176
      },
      "_contentSize": {
        "__type__": "cc.Size",
        "width": 524,
        "height": 110
      },
      "_position": {
        "__type__": "cc.Vec3",
        "y": 420
      },
      "groupIndex": 1
    },
    {
      "__type__": "cc.Node",
      "_name": "Shine",
      "_parent": {
        "__id__": 1
      },
      "_level": 2,
      "_components": [
        {
          "__type__": "cc.Sprite",
          "node": {
            "__id__": 4
          },
          "_materials": [
            {
              "__uuid__": "ecpdLyjvZBwrvm+cedCcQy"
            }
          ],
          "_spriteFrame": {
            "__uuid__": "3aZFcJ6/VA95J3I9lJkQGI"
          },
          "_sizeMode": 2,
          "_isTrimmedMode": false
        }
      ],
      "_prefab": {
        "__type__": "cc.PrefabInfo",
        "root": {
          "__id__": 1
        },
        "asset": {
          "__uuid__": "320AdX0oFIk4hfJuQ8glSu"
        },
        "fileId": "93DmWoPJVPWrvwiXnKBrAt"
      },
      "_contentSize": {
        "__type__": "cc.Size",
        "width": 437,
        "height": 396
      },
      "_position": {
        "__type__": "cc.Vec3",
        "y": 190
      },
      "groupIndex": 1
    },
    {
      "__type__": "cc.Node",
      "_name": "RewardIcon",
      "_parent": {
        "__id__": 1
      },
      "_level": 2,
      "_components": [
        {
          "__type__": "cc.Sprite",
          "node": {
            "__id__": 5
          },
          "_materials": [
            {
              "__uuid__": "ecpdLyjvZBwrvm+cedCcQy"
            }
          ],
          "_spriteFrame": {
            "__uuid__": "f6xD65bL5Pjq6q+l1seZSH"
          },
          "_sizeMode": 2,
          "_isTrimmedMode": false
        }
      ],
      "_prefab": {
        "__type__": "cc.PrefabInfo",
        "root": {
          "__id__": 1
        },
        "asset": {
          "__uuid__": "320AdX0oFIk4hfJuQ8glSu"
        },
        "fileId": "fdafVAGmNARIoeYid+mTu+"
      },
      "_contentSize": {
        "__type__": "cc.Size",
        "width": 361,
        "height": 270
      },
      "_position": {
        "__type__": "cc.Vec3",
        "y": 190
      },
      "groupIndex": 1
    },
    {
      "__type__": "cc.Node",
      "_name": "Video",
      "_parent": {
        "__id__": 1
      },
      "_children": [
        {
          "__id__": 7
        },
        {
          "__id__": 8
        },
        {
          "__id__": 9
        },
        {
          "__id__": 10
        },
        {
          "__id__": 11
        }
      ],
      "_level": 2,
      "_components": [
        {
          "__type__": "cc.Sprite",
          "node": {
            "__id__": 6
          },
          "_materials": [
            {
              "__uuid__": "ecpdLyjvZBwrvm+cedCcQy"
            }
          ],
          "_spriteFrame": {
            "__uuid__": "c5TYm+URZFK6rkqxOEv+NG"
          },
          "_sizeMode": 2,
          "_isTrimmedMode": false
        },
        {
          "__type__": "cc.Button",
          "node": {
            "__id__": 6
          },
          "zoomScale": 0.9,
          "clickEvents": [
            {
              "__type__": "cc.ClickEvent",
              "target": {
                "__id__": 1
              },
              "_componentId": "016eau7kltKZK/VVwsGN2st",
              "handler": "watchVideo"
            }
          ],
          "_N$transition": 3,
          "transition": 3,
          "_N$target": {
            "__id__": 6
          }
        }
      ],
      "_prefab": {
        "__type__": "cc.PrefabInfo",
        "root": {
          "__id__": 1
        },
        "asset": {
          "__uuid__": "320AdX0oFIk4hfJuQ8glSu"
        },
        "fileId": "5ajbJ42SRNEZ/uIARnJDxb"
      },
      "_contentSize": {
        "__type__": "cc.Size",
        "width": 336,
        "height": 112
      },
      "_position": {
        "__type__": "cc.Vec3",
        "y": -228
      },
      "groupIndex": 1
    },
    {
      "__type__": "cc.Node",
      "_name": "video",
      "_parent": {
        "__id__": 6
      },
      "_level": 3,
      "_components": [
        {
          "__type__": "cc.Sprite",
          "node": {
            "__id__": 7
          },
          "_materials": [
            {
              "__uuid__": "ecpdLyjvZBwrvm+cedCcQy"
            }
          ],
          "_spriteFrame": {
            "__uuid__": "2chAoT/npGG5tcauaTPNEV"
          }
        }
      ],
      "_prefab": {
        "__type__": "cc.PrefabInfo",
        "root": {
          "__id__": 1
        },
        "asset": {
          "__uuid__": "320AdX0oFIk4hfJuQ8glSu"
        },
        "fileId": "39TRevvZ1N6YjirrrxD/yk"
      },
      "_contentSize": {
        "__type__": "cc.Size",
        "width": 55,
        "height": 42
      },
      "_position": {
        "__type__": "cc.Vec3",
        "x": -126.546
      }
    },
    {
      "__type__": "cc.Node",
      "_name": "MultiBack",
      "_parent": {
        "__id__": 6
      },
      "_level": 3,
      "_components": [
        {
          "__type__": "cc.Sprite",
          "node": {
            "__id__": 8
          },
          "_materials": [
            {
              "__uuid__": "ecpdLyjvZBwrvm+cedCcQy"
            }
          ],
          "_spriteFrame": {
            "__uuid__": "36SSV/KPBFyoW+v0ftrlEB"
          },
          "_sizeMode": 2,
          "_isTrimmedMode": false
        }
      ],
      "_prefab": {
        "__type__": "cc.PrefabInfo",
        "root": {
          "__id__": 1
        },
        "asset": {
          "__uuid__": "320AdX0oFIk4hfJuQ8glSu"
        },
        "fileId": "c2fOb+3PBLhI4mf7hlOe6K"
      },
      "_contentSize": {
        "__type__": "cc.Size",
        "width": 67,
        "height": 69
      },
      "_position": {
        "__type__": "cc.Vec3",
        "x": 122,
        "y": 18
      },
      "groupIndex": 1
    },
    {
      "__type__": "cc.Node",
      "_name": "GoldIcon",
      "_parent": {
        "__id__": 6
      },
      "_level": 3,
      "_components": [
        {
          "__type__": "cc.Sprite",
          "node": {
            "__id__": 9
          },
          "_materials": [
            {
              "__uuid__": "ecpdLyjvZBwrvm+cedCcQy"
            }
          ],
          "_spriteFrame": {
            "__uuid__": "05be20M4lGtLdrqpGeD0Lb"
          },
          "_sizeMode": 2,
          "_isTrimmedMode": false
        }
      ],
      "_prefab": {
        "__type__": "cc.PrefabInfo",
        "root": {
          "__id__": 1
        },
        "asset": {
          "__uuid__": "320AdX0oFIk4hfJuQ8glSu"
        },
        "fileId": "1dmjnXw2NNIY9CdAOq1hBD"
      },
      "_contentSize": {
        "__type__": "cc.Size",
        "width": 49,
        "height": 57
      },
      "_position": {
        "__type__": "cc.Vec3",
        "x": -64,
        "y": -21
      },
      "_scale": {
        "__type__": "cc.Vec3",
        "x": 0.8,
        "y": 0.8,
        "z": 0.8
      },
      "groupIndex": 1
    },
    {
      "__type__": "cc.Node",
      "_name": "Multi",
      "_parent": {
        "__id__": 6
      },
      "_level": 3,
      "_components": [
        {
          "__type__": "cc.Label",
          "node": {
            "__id__": 10
          },
          "_materials": [
            {
              "__uuid__": "ecpdLyjvZBwrvm+cedCcQy"
            }
          ],
          "_string": "x3",
          "_N$string": "x3",
          "_fontSize": 36,
          "_lineHeight": 60,
          "_N$horizontalAlign": 1,
          "_N$verticalAlign": 1
        },
        {
          "__type__": "cc.LabelOutline",
          "node": {
            "__id__": 10
          },
          "_color": {
            "__type__": "cc.Color"
          },
          "_width": 2
        }
      ],
      "_prefab": {
        "__type__": "cc.PrefabInfo",
        "root": {
          "__id__": 1
        },
        "asset": {
          "__uuid__": "320AdX0oFIk4hfJuQ8glSu"
        },
        "fileId": "6f45R2SS9Pg5dOhfwRW+pC"
      },
      "_contentSize": {
        "__type__": "cc.Size",
        "width": 42.02,
        "height": 79.6
      },
      "_position": {
        "__type__": "cc.Vec3",
        "x": 122,
        "y": 24
      },
      "groupIndex": 1
    },
    {
      "__type__": "cc.Node",
      "_name": "New Label",
      "_parent": {
        "__id__": 6
      },
      "_level": 3,
      "_components": [
        {
          "__type__": "cc.Label",
          "node": {
            "__id__": 11
          },
          "_materials": [
            {
              "__uuid__": "ecpdLyjvZBwrvm+cedCcQy"
            }
          ],
          "_useOriginalSize": false,
          "_string": "More",
          "_N$string": "More",
          "_fontSize": 30,
          "_lineHeight": 30,
          "_N$horizontalAlign": 1,
          "_N$verticalAlign": 1
        },
        {
          "__type__": "cc.LabelOutline",
          "node": {
            "__id__": 11
          },
          "_color": {
            "__type__": "cc.Color"
          },
          "_width": 2
        }
      ],
      "_prefab": {
        "__type__": "cc.PrefabInfo",
        "root": {
          "__id__": 1
        },
        "asset": {
          "__uuid__": "320AdX0oFIk4hfJuQ8glSu"
        },
        "fileId": "fcqjxQw2lDJIsNndS8zx+z"
      },
      "_contentSize": {
        "__type__": "cc.Size",
        "width": 72.35,
        "height": 41.8
      },
      "_position": {
        "__type__": "cc.Vec3",
        "x": -18.276,
        "y": 29.277
      }
    },
    {
      "__type__": "cc.Node",
      "_name": "New Label",
      "_parent": {
        "__id__": 1
      },
      "_level": 2,
      "_components": [
        {
          "__type__": "cc.Label",
          "node": {
            "__id__": 12
          },
          "_materials": [
            {
              "__uuid__": "ecpdLyjvZBwrvm+cedCcQy"
            }
          ],
          "_useOriginalSize": false,
          "_string": "WIN",
          "_N$string": "WIN",
          "_fontSize": 50,
          "_lineHeight": 50,
          "_N$horizontalAlign": 1,
          "_N$verticalAlign": 1
        },
        {
          "__type__": "cc.LabelOutline",
          "node": {
            "__id__": 12
          },
          "_color": {
            "__type__": "cc.Color"
          },
          "_width": 2
        }
      ],
      "_prefab": {
        "__type__": "cc.PrefabInfo",
        "root": {
          "__id__": 1
        },
        "asset": {
          "__uuid__": "320AdX0oFIk4hfJuQ8glSu"
        },
        "fileId": "5fCyAE6tpI+5nv8vz6Kda9"
      },
      "_contentSize": {
        "__type__": "cc.Size",
        "width": 101.19,
        "height": 67
      },
      "_position": {
        "__type__": "cc.Vec3",
        "x": -0.434,
        "y": 431.749
      }
    },
    {
      "__type__": "cc.Node",
      "_name": "More",
      "_parent": {
        "__id__": 1
      },
      "_level": 2,
      "_components": [
        {
          "__type__": "cc.Label",
          "node": {
            "__id__": 13
          },
          "_materials": [
            {
              "__uuid__": "ecpdLyjvZBwrvm+cedCcQy"
            }
          ],
          "_string": "3000",
          "_N$string": "3000",
          "_fontSize": 32,
          "_lineHeight": 60,
          "_N$horizontalAlign": 1,
          "_N$verticalAlign": 1
        },
        {
          "__type__": "cc.LabelOutline",
          "node": {
            "__id__": 13
          },
          "_color": {
            "__type__": "cc.Color"
          },
          "_width": 2
        }
      ],
      "_prefab": {
        "__type__": "cc.PrefabInfo",
        "root": {
          "__id__": 1
        },
        "asset": {
          "__uuid__": "320AdX0oFIk4hfJuQ8glSu"
        },
        "fileId": "25pvb1I5ZOt7HlFts4xbgA"
      },
      "_contentSize": {
        "__type__": "cc.Size",
        "width": 75.19,
        "height": 79.6
      },
      "_position": {
        "__type__": "cc.Vec3",
        "x": 13,
        "y": -251
      },
      "groupIndex": 1
    },
    {
      "__type__": "cc.Node",
      "_name": "Collect",
      "_parent": {
        "__id__": 1
      },
      "_level": 2,
      "_components": [
        {
          "__type__": "cc.Button",
          "node": {
            "__id__": 14
          },
          "zoomScale": 0.9,
          "clickEvents": [
            {
              "__type__": "cc.ClickEvent",
              "target": {
                "__id__": 1
              },
              "_componentId": "016eau7kltKZK/VVwsGN2st",
              "handler": "collect"
            }
          ],
          "_N$transition": 3,
          "transition": 3,
          "_N$target": {
            "__id__": 14
          }
        },
        {
          "__type__": "6cad48Uy8dPKICa0K2XihYY",
          "node": {
            "__id__": 14
          },
          "bannerType": 2,
          "obstructOffset": 0,
          "_delayTime": 0.9
        },
        {
          "__type__": "cc.Label",
          "node": {
            "__id__": 14
          },
          "_materials": [
            {
              "__uuid__": "ecpdLyjvZBwrvm+cedCcQy"
            }
          ],
          "_string": "GET",
          "_N$string": "GET"
        },
        {
          "__type__": "cc.LabelOutline",
          "node": {
            "__id__": 14
          },
          "_color": {
            "__type__": "cc.Color"
          },
          "_width": 2
        }
      ],
      "_prefab": {
        "__type__": "cc.PrefabInfo",
        "root": {
          "__id__": 1
        },
        "asset": {
          "__uuid__": "320AdX0oFIk4hfJuQ8glSu"
        },
        "fileId": "07jz4FIfFIYq9fjGTa5wHy"
      },
      "_contentSize": {
        "__type__": "cc.Size",
        "width": 86.23,
        "height": 54.4
      },
      "_position": {
        "__type__": "cc.Vec3",
        "y": -336.913
      },
      "groupIndex": 1
    },
    {
      "__type__": "cc.Node",
      "_name": "Num",
      "_parent": {
        "__id__": 1
      },
      "_level": 2,
      "_components": [
        {
          "__type__": "cc.Label",
          "node": {
            "__id__": 15
          },
          "_materials": [
            {
              "__uuid__": "ecpdLyjvZBwrvm+cedCcQy"
            }
          ],
          "_string": "100",
          "_N$string": "100",
          "_fontSize": 36,
          "_lineHeight": 60,
          "_N$horizontalAlign": 1,
          "_N$verticalAlign": 1
        }
      ],
      "_prefab": {
        "__type__": "cc.PrefabInfo",
        "root": {
          "__id__": 1
        },
        "asset": {
          "__uuid__": "320AdX0oFIk4hfJuQ8glSu"
        },
        "fileId": "18ubs5rQhGJJyZoEHVtiRg"
      },
      "_contentSize": {
        "__type__": "cc.Size",
        "width": 60.06,
        "height": 75.6
      },
      "_position": {
        "__type__": "cc.Vec3",
        "y": 50
      },
      "groupIndex": 1
    },
    {
      "__type__": "cc.Node",
      "_name": "GoldIcon copy",
      "_parent": {
        "__id__": 1
      },
      "_active": false,
      "_level": 2,
      "_components": [
        {
          "__type__": "cc.Sprite",
          "node": {
            "__id__": 16
          },
          "_materials": [
            {
              "__uuid__": "ecpdLyjvZBwrvm+cedCcQy"
            }
          ],
          "_spriteFrame": {
            "__uuid__": "2chAoT/npGG5tcauaTPNEV"
          },
          "_sizeMode": 2,
          "_isTrimmedMode": false
        }
      ],
      "_prefab": {
        "__type__": "cc.PrefabInfo",
        "root": {
          "__id__": 1
        },
        "asset": {
          "__uuid__": "320AdX0oFIk4hfJuQ8glSu"
        },
        "fileId": "f0WGdmMG9P/KIP69h0ov2v"
      },
      "_contentSize": {
        "__type__": "cc.Size",
        "width": 55,
        "height": 42
      },
      "_position": {
        "__type__": "cc.Vec3",
        "x": -126,
        "y": -219
      },
      "_scale": {
        "__type__": "cc.Vec3",
        "x": 0.8,
        "y": 0.8,
        "z": 1
      },
      "groupIndex": 1
    }
  ],
  {
    "__type__": "cc.SpriteFrame",
    "content": {
      "name": "success_multi_bg",
      "texture": "bber9idBlF9Idt0PLrzGlc",
      "rect": [
        359,
        988,
        67,
        69
      ],
      "offset": [
        0,
        0
      ],
      "originalSize": [
        67,
        69
      ],
      "capInsets": [
        0,
        0,
        0,
        0
      ]
    }
  },
  {
    "__type__": "cc.SpriteFrame",
    "content": {
      "name": "reward_shine",
      "texture": "bber9idBlF9Idt0PLrzGlc",
      "rect": [
        528,
        2,
        437,
        396
      ],
      "offset": [
        0,
        0
      ],
      "originalSize": [
        437,
        396
      ],
      "capInsets": [
        0,
        0,
        0,
        0
      ]
    }
  },
  {
    "__type__": "cc.SpriteFrame",
    "content": {
      "name": "title_bg26218",
      "texture": "dcr2i+l3hPka/Thv6SjlFJ",
      "rect": [
        0,
        0,
        524,
        110
      ],
      "offset": [
        0,
        0
      ],
      "originalSize": [
        524,
        110
      ],
      "capInsets": [
        0,
        0,
        0,
        0
      ]
    }
  },
  {
    "__type__": "cc.SpriteFrame",
    "content": {
      "name": "button11239",
      "texture": "edyC3E/NRNl7ELWBM92Uv2",
      "rect": [
        0,
        0,
        336,
        112
      ],
      "offset": [
        0,
        0
      ],
      "originalSize": [
        336,
        112
      ],
      "capInsets": [
        20,
        20,
        20,
        20
      ]
    }
  },
  {
    "__type__": "cc.SpriteFrame",
    "content": {
      "name": "reward_gold",
      "texture": "bber9idBlF9Idt0PLrzGlc",
      "rect": [
        2,
        276,
        361,
        270
      ],
      "offset": [
        0,
        0
      ],
      "originalSize": [
        361,
        270
      ],
      "capInsets": [
        0,
        0,
        0,
        0
      ]
    }
  }
]