[{"__type__":"cc.Prefab","_name":"fk9","data":{"__id__":1}},{"__type__":"cc.Node","_name":"fk9","_children":[{"__id__":2}],"_prefab":{"__type__":"cc.PrefabInfo","root":{"__id__":1}},"_trs":{"__type__":"TypedArray","ctor":"Float64Array","array":[0,0,0,0,0,0,1,1,1,1]}},{"__type__":"cc.Node","_name":"shu2","_parent":{"__id__":1},"_components":[{"__type__":"e97baXNkTtEN5txJxjMsMQL","node":{"__id__":2},"_materials":[{"__uuid__":"ecpdLyjvZBwrvm+cedCcQy"}],"_spriteFrame":{"__uuid__":"cffZTGHP5NvYaa1K4rAkyl"}}],"_prefab":{"__type__":"cc.PrefabInfo","root":{"__id__":1},"fileId":"9d9g1DD+pDm5ys9HcrS71r"},"_contentSize":{"__type__":"cc.Size","width":260,"height":320},"_trs":{"__type__":"TypedArray","ctor":"Float64Array","array":[-9.472,134.17,0,0,0,0,1,1,1,1]}}]