[{"__type__":"cc.Prefab","_name":"fk3","data":{"__id__":1}},{"__type__":"cc.Node","_name":"fk3","_children":[{"__id__":2}],"_prefab":{"__type__":"cc.PrefabInfo","root":{"__id__":1}},"_trs":{"__type__":"TypedArray","ctor":"Float64Array","array":[-480,-320,0,0,0,0,1,1,1,1]}},{"__type__":"cc.Node","_name":"fk3","_parent":{"__id__":1},"_components":[{"__type__":"e97baXNkTtEN5txJxjMsMQL","node":{"__id__":2},"_materials":[{"__uuid__":"ecpdLyjvZBwrvm+cedCcQy"}],"_spriteFrame":{"__uuid__":"d3zsI1xF1BMowhAPpfXGk7"}}],"_prefab":{"__type__":"cc.PrefabInfo","root":{"__id__":1},"fileId":"07obi3YA1AJaA5zG2SKx7H"},"_contentSize":{"__type__":"cc.Size","width":50,"height":50},"_trs":{"__type__":"TypedArray","ctor":"Float64Array","array":[0,0,0,0,0,0,1,1,1,1]}}]