[{"__type__":"cc.Prefab","_name":"fk6","data":{"__id__":1}},{"__type__":"cc.Node","_name":"fk6","_children":[{"__id__":2}],"_prefab":{"__type__":"cc.PrefabInfo","root":{"__id__":1}},"_trs":{"__type__":"TypedArray","ctor":"Float64Array","array":[0,0,0,0,0,0,1,1,1,1]}},{"__type__":"cc.Node","_name":"cao2","_parent":{"__id__":1},"_components":[{"__type__":"e97baXNkTtEN5txJxjMsMQL","node":{"__id__":2},"_materials":[{"__uuid__":"ecpdLyjvZBwrvm+cedCcQy"}],"_spriteFrame":{"__uuid__":"fcColGhqtLGYv2zRKXx3U+"}}],"_prefab":{"__type__":"cc.PrefabInfo","root":{"__id__":1},"fileId":"72YQzj1Q5H+ZdQWugPZxms"},"_contentSize":{"__type__":"cc.Size","width":103,"height":56},"_trs":{"__type__":"TypedArray","ctor":"Float64Array","array":[2,-3,0,0,0,0,1,1,1,1]}}]