[
  {
    "__type__": "cc.SceneAsset",
    "_name": "Main",
    "scene": {
      "__id__": 1
    },
    "asyncLoadAssets": null
  },
  {
    "__type__": "cc.Scene",
    "_name": "New Node",
    "_children": [
      {
        "__id__": 2
      }
    ],
    "_active": false,
    "_anchorPoint": {
      "__type__": "cc.Vec2"
    },
    "autoReleaseAssets": false
  },
  {
    "__type__": "cc.Node",
    "_name": "Canvas",
    "_parent": {
      "__id__": 1
    },
    "_children": [
      {
        "__id__": 3
      },
      {
        "__id__": 4
      }
    ],
    "_level": 1,
    "_components": [
      {
        "__type__": "cc.Canvas",
        "node": {
          "__id__": 2
        },
        "_designResolution": {
          "__type__": "cc.Size",
          "width": 755,
          "height": 1334
        },
        "_fitWidth": true,
        "_fitHeight": false
      }
    ],
    "_contentSize": {
      "__type__": "cc.Size",
      "width": 755,
      "height": 1334
    },
    "_position": {
      "__type__": "cc.Vec3",
      "x": 377.5,
      "y": 667
    },
    "_id": "586s6YIcxNRp5rkrfD494z"
  },
  {
    "__type__": "cc.Node",
    "_name": "Main Camera",
    "_parent": {
      "__id__": 2
    },
    "_level": 1,
    "_components": [
      {
        "__type__": "cc.Camera",
        "node": {
          "__id__": 3
        },
        "_cullingMask": -3,
        "_clearFlags": 7,
        "_depth": -1
      }
    ],
    "_contentSize": {
      "__type__": "cc.Size",
      "width": 755,
      "height": 1334
    },
    "_position": {
      "__type__": "cc.Vec3",
      "z": 357.6684917629732
    }
  },
  {
    "__type__": "cc.Node",
    "_name": "GuiCamera",
    "_parent": {
      "__id__": 2
    },
    "_level": 1,
    "_components": [
      {
        "__type__": "cc.Camera",
        "node": {
          "__id__": 4
        },
        "_cullingMask": -2,
        "_clearFlags": 2,
        "_depth": 1
      }
    ],
    "_contentSize": {
      "__type__": "cc.Size",
      "width": 755,
      "height": 1334
    },
    "_position": {
      "__type__": "cc.Vec3",
      "z": 357.6684917629732
    }
  }
]