[{"__type__":"cc.Prefab","_name":"fk4","data":{"__id__":1}},{"__type__":"cc.Node","_name":"fk4","_children":[{"__id__":2}],"_prefab":{"__type__":"cc.PrefabInfo","root":{"__id__":1}},"_trs":{"__type__":"TypedArray","ctor":"Float64Array","array":[-480,-320,0,0,0,0,1,1,1,1]}},{"__type__":"cc.Node","_name":"fk4","_parent":{"__id__":1},"_components":[{"__type__":"e97baXNkTtEN5txJxjMsMQL","node":{"__id__":2},"_materials":[{"__uuid__":"ecpdLyjvZBwrvm+cedCcQy"}],"_spriteFrame":{"__uuid__":"08oQuK/udBU6tfuppgRaQm"}}],"_prefab":{"__type__":"cc.PrefabInfo","root":{"__id__":1},"fileId":"8dFRwKNiBMJ7qwEuhC6Lnc"},"_contentSize":{"__type__":"cc.Size","width":50,"height":25},"_trs":{"__type__":"TypedArray","ctor":"Float64Array","array":[0,12.299,0,0,0,0,1,1,1,1]}}]