{"__type__":"cc.AnimationClip","_name":"shandian","_duration":0.6875,"sample":16,"curveData":{"comps":{"cc.Sprite":{"spriteFrame":[{"frame":0,"value":{"__uuid__":"9e15b2hYVGwKBSt2cq85B9"}},{"frame":0.0625,"value":{"__uuid__":"92P+KMxfJKaIdlB0LmKXV/"}},{"frame":0.125,"value":{"__uuid__":"84ly1Bj3JGjbFkDRg3lLQ3"}},{"frame":0.1875,"value":{"__uuid__":"38IQs77xNBv5zQ91FNb1ub"}},{"frame":0.25,"value":{"__uuid__":"50YXDUks1MwKhe/6tb0Auh"}},{"frame":0.3125,"value":{"__uuid__":"a8HW8XJgpCNYTfntlJpj0Z"}},{"frame":0.375,"value":{"__uuid__":"83It8Y7ZBI/ZAp/wz8F4pB"}},{"frame":0.4375,"value":{"__uuid__":"8cpqZL8UxIWYNGIhNjMAHd"}},{"frame":0.5,"value":{"__uuid__":"d8qi/Q1XxJcK5E4TB6P8io"}},{"frame":0.5625,"value":{"__uuid__":"9d4XQLazFLiJ/FKVaa7WOU"}},{"frame":0.625,"value":{"__uuid__":"8aFmlFHR5AJZ5GwNgD9MH3"}}]},"cc.BoxCollider":{"size":[{"frame":0,"value":{"__type__":"cc.Size","width":44.9,"height":357}},{"frame":0.125,"value":{"__type__":"cc.Size","width":44.9,"height":357}},{"frame":0.1875,"value":{"__type__":"cc.Size"}}]}}}}