[{"__type__":"cc.Prefab","_name":"daohit","data":{"__id__":1}},{"__type__":"cc.Node","_name":"daohit","_children":[{"__id__":2}],"_prefab":{"__type__":"cc.PrefabInfo","root":{"__id__":1}},"_trs":{"__type__":"TypedArray","ctor":"Float64Array","array":[0,0,0,0,0,0,1,1.5,1.5,1]}},{"__type__":"cc.Node","_name":"dh","_parent":{"__id__":1},"_components":[{"__type__":"e97baXNkTtEN5txJxjMsMQL","node":{"__id__":2},"_materials":[{"__uuid__":"ecpdLyjvZBwrvm+cedCcQy"}],"_spriteFrame":{"__uuid__":"f8uaQcvzNEw661w5GHWeUj"}},{"__type__":"cc.Animation","node":{"__id__":2},"_defaultClip":{"__uuid__":"a3oBCWJpRAsrpCbQeLqRow"},"_clips":[{"__uuid__":"a3oBCWJpRAsrpCbQeLqRow"}],"playOnLoad":true}],"_prefab":{"__type__":"cc.PrefabInfo","root":{"__id__":1},"fileId":"43G9CF34tFw4xstYZEDJm1"},"_contentSize":{"__type__":"cc.Size","width":11,"height":106},"_trs":{"__type__":"TypedArray","ctor":"Float64Array","array":[0,0,0,0,0,0,1,1,1,1]}}]