[1,["ecpdLyjvZBwrvm+cedCcQy","a5T/6UzWhHk4A0L+I26yBq","1a6ce1326"],["node","root","data","_spriteFrame","_textureSetter"],[["cc.Node",["_name","_groupIndex","_prefab","_contentSize","_parent","_components","_children","_trs"],1,4,5,1,9,2,7],["cc.PrefabInfo",["fileId","root"],2,1],"cc.SpriteFrame",["cc.Prefab",["_name"],2],["cc.RigidBody",["_type","node"],2,1],["cc.PhysicsPolygonCollider",["_friction","node","points"],2,1,12],["cc.Sprite",["node","_materials","_spriteFrame"],3,1,3,6]],[[1,0,1,2],[4,0,1,2],[5,0,1,2,2],[0,0,1,4,5,2,3,7,3],[0,0,4,5,2,3,2],[3,0,2],[0,0,6,2,3,2],[1,1,1],[6,0,1,2,1]],[[[[5,"map8"],[6,"map8",[-2,-3,-4,-5,-6,-7],[7,-1],[5,600,700]],[4,"node_road",1,[[1,0,-8],[2,1.5,-9,[[[0,-298,-236],[0,0,-66.3],[0,298.4,-236.9],[0,299,-214],[0,-2,-43],[0,-299,-212]],8,8,8,8,8,8]]],[0,"98MCEjMlxFyILQRX50CTfj",1],[5,400,25]],[3,"node_road",7,1,[[1,0,-10],[2,1.5,-11,[[[0,-298,-236],[0,0,-66.3],[0,298.4,-236.9],[0,299,-214],[0,-2,-43],[0,-299,-212]],8,8,8,8,8,8]]],[0,"6fzVuc7o1L9rVKVWe2siXi",1],[5,400,25],[0,80,0,0,0,0,1,1,1,1]],[3,"node_road",8,1,[[1,0,-12],[2,1.5,-13,[[[0,-298,-236],[0,0,-66.3],[0,298.4,-236.9],[0,299,-214],[0,-2,-43],[0,-299,-212]],8,8,8,8,8,8]]],[0,"d62LmeZl1KY6DTrwXt6Pzp",1],[5,400,25],[0,160,0,0,0,0,1,1,1,1]],[3,"node_road",9,1,[[1,0,-14],[2,1.5,-15,[[[0,-298,-236],[0,0,-66.3],[0,298.4,-236.9],[0,299,-214],[0,-2,-43],[0,-299,-212]],8,8,8,8,8,8]]],[0,"9d/OD2+kRNE4z5jddNdcQf",1],[5,400,25],[0,240,0,0,0,0,1,1,1,1]],[3,"node_road",10,1,[[1,0,-16],[2,1.5,-17,[[[0,-298,-236],[0,0,-66.3],[0,298.4,-236.9],[0,299,-214],[0,-2,-43],[0,-299,-212]],8,8,8,8,8,8]]],[0,"18u5vxPXVGeK5KGACO2Dt2",1],[5,400,25],[0,320,0,0,0,0,1,1,1,1]],[4,"map8",1,[[8,-18,[0],1]],[0,"32QE3dFUVL8JSwVh2G04j8",1],[5,600,700]]],0,[0,1,1,0,-1,7,0,-2,2,0,-3,3,0,-4,4,0,-5,5,0,-6,6,0,0,2,0,0,2,0,0,3,0,0,3,0,0,4,0,0,4,0,0,5,0,0,5,0,0,6,0,0,6,0,0,7,0,2,1,18],[0,0],[-1,3],[0,1]],[[{"name":"map8","rect":[2,786,600,700],"offset":[0,0],"originalSize":[600,700],"capInsets":[0,0,0,0]}],[2],0,[0],[4],[2]]]]