[1,["ecpdLyjvZBwrvm+cedCcQy","cfwCqDWw9Lp6UTo+C4Q/4R","a4Gmh/yvxKT67XZt16+Vo/","faUj2k1OhCepqYmwKrinsi","165c85a4a","1a6ce1326","eeH0+73vNGgbEM9ZTrk+Ws","6fstk6cEhBN5xETgew3V0Q","a2MjXRFdtLlYQ5ouAFv/+R","901RtjgjFC1a42HbYEo5Ol","e5IwAAM9lDBp+vMscq0j9m","23mTWPjblAEZaNyXKeRH8g","03+b5mRKpLWYv/S5F3dYbV","aeRnH8kONPhbbkcSAF3ugN","56Ho02fgxDhLqEJCN9tbsB","bcgH4ksYNPg7N/FW8hWITd","6eHhsROMtO4aYG/Nf7st89","dfC/hG+2hDnapm+FNHtNXv","d8OgvV/vJBMJ0nsaTmDsfl","aaWdBHVdZE4723xq+SxbtL","32qc09GkFKLp9t7PmENILC","d22Obj6N5EtbSs0zV1xl6T","02pAZ00yFA3ZkrZAHDcgwA","cdUDdjeFVLvYvS3b9uaAwO","1c367uDWRMRrsZE+aYuWo6","10o+eN1j9IspqKyAMAsLI9","66YszWoT9GWpesIj85NZUN","8c2YTGizhAWYSquvU43138","68BCpXmOxBCLeXVUJ1OZ3k","aezrP0/bNOz5TNk9GAN4Fv","0bwLiorHxLR5/9/o6KKI5D","fbcJ3PpgBBPIgurvLzXQb7","cbykUdRUpL2a9o7TkPapRq","71Bkwxq6dGyLZJscC7o5nf","feGtWSTo1IypgKhx11Kr3G","e7q6FL+VZEgLJUjVeDLic/","56fc2Ai/RFNYpaMT8crweK"],["node","_spriteFrame","_textureSetter","_parent","_N$file","root","data","_pageView","_clip","spriteFrame"],["cc.SpriteFrame",["cc.Widget",["_alignFlags","_top","_originalWidth","_bottom","_originalHeight","_right","_left","_verticalCenter","node"],-5,1],["cc.Node",["_name","_groupIndex","_opacity","_active","_components","_prefab","_contentSize","_trs","_parent","_children","_anchorPoint","_color","_eulerAngles"],-1,9,4,5,7,1,2,5,5,5],["cc.Sprite",["_sizeMode","_type","node","_materials","_spriteFrame"],1,1,3,6],["cc.Label",["_string","_N$horizontalAlign","_N$verticalAlign","_fontSize","_lineHeight","_styleFlags","_isSystemFontUsed","node","_materials","_N$file"],-4,1,3,6],["cc.Node",["_name","_parent","_components","_prefab","_contentSize","_trs","_children"],2,1,12,4,5,7,2],["cc.PrefabInfo",["fileId","root"],2,1],["cc.Layout",["_N$layoutType","_N$paddingLeft","_N$spacingX","_enabled","_resize","_N$spacingY","node","_layoutSize"],-3,1,5],["cc.Prefab",["_name"],2],["cc.BlockInputEvents",["node"],3,1],["cc.AudioSource",["_loop","playOnLoad","preload","node","_clip"],0,1,6],["cc.Button",["_N$transition","node"],2,1],["cc.Mask",["_type","node","_materials","_spriteFrame"],2,1,3,6],["cc.PageViewIndicator",["spacing","node","cellSize"],2,1,5],["cc.PageView",["bounceDuration","node","_N$content","_N$indicator"],2,1,1,1],["cc.AudioClip",["_name","_native","duration"],0]],[[6,0,1,2],[3,2,3,4,1],[2,0,8,4,5,6,7,2],[11,0,1,2],[2,0,8,9,4,5,6,7,2],[1,0,8,2],[3,1,0,2,3,4,3],[2,0,9,4,5,6,2],[1,0,3,8,3],[1,0,6,8,3],[7,0,1,2,6,4],[2,0,8,4,5,6,2],[2,0,8,4,5,6,10,7,2],[4,0,3,4,6,1,2,7,8,9,7],[1,0,2,4,8,4],[1,0,5,1,8,4],[3,0,2,3,4,2],[4,0,3,4,5,1,2,7,8,7],[2,0,9,4,5,6,7,2],[2,0,3,8,4,5,6,7,3],[1,0,5,8,3],[1,0,1,8,3],[1,0,7,8,3],[4,0,5,1,2,7,8,5],[8,0,2],[2,0,1,9,4,5,6,7,3],[2,0,8,9,4,5,6,2],[2,0,8,4,5,11,6,7,2],[2,0,2,8,4,5,6,7,12,3],[5,0,1,6,2,3,4,5,2],[5,0,1,2,3,4,5,2],[1,0,1,3,8,4],[1,0,7,2,8,4],[1,0,6,1,8,4],[1,0,4,8,3],[1,0,3,2,8,4],[9,0,1],[10,0,1,2,3,4,4],[6,1,1],[7,3,4,0,5,6,7,5],[12,0,1,2,3,2],[13,0,1,2,2],[14,0,1,2,3,2],[15,0,1,2,4]],[[[{"name":"homebg2","rect":[1264,174,163,180],"offset":[0,0],"originalSize":[163,180],"rotated":1,"capInsets":[0,0,0,0]}],[0],0,[0],[2],[5]],[[{"name":"shopbtn8","rect":[86,1831,70,40],"offset":[0,0],"originalSize":[70,40],"capInsets":[15,12,15,12]}],[0],0,[0],[2],[5]],[[{"name":"homebtn2","rect":[1947,1454,275,96],"offset":[0,0],"originalSize":[275,96],"rotated":1,"capInsets":[0,0,0,0]}],[0],0,[0],[2],[4]],[[{"name":"homebtn6","rect":[1126,1390,115,107],"offset":[-0.5,-2.5],"originalSize":[130,130],"rotated":1,"capInsets":[0,0,0,0]}],[0],0,[0],[2],[4]],[[{"name":"homebtn5","rect":[1126,1263,104,107],"offset":[1,-2.5],"originalSize":[130,130],"rotated":1,"capInsets":[0,0,0,0]}],[0],0,[0],[2],[4]],[[{"name":"homebg8","rect":[1326,1497,165,16],"offset":[0,0],"originalSize":[165,16],"capInsets":[0,0,0,0]}],[0],0,[0],[2],[4]],[[[24,"HomeLayer"],[25,"HomeLayer",1,[-5,-6,-7,-8,-9,-10,-11,-12,-13,-14,-15,-16,-17,-18],[[5,45,-2],[36,-3],[37,true,true,true,-4,203]],[38,-1],[5,640,1136],[320,568,0,0,0,0,1,1,1,1]],[7,"bom",[-21,-22,-23,-24,-25,-26,-27,-28,-29,-30],[[5,45,-19],[10,1,3,1,-20]],[0,"62pWCM8VRAvZcFOjNBi/eY",1],[5,165,16]],[7,"middle",[-33,-34,-35,-36,-37,-38,-39,-40,-41,-42],[[5,45,-31],[10,1,3,1,-32]],[0,"64bMI+ChlCnIUnqV7w7+IA",1],[5,165,16]],[7,"top",[-45,-46,-47,-48,-49,-50,-51,-52,-53,-54],[[5,45,-43],[10,1,3,1,-44]],[0,"40r4z+2fVMgqX4yK0GEPZ2",1],[5,165,16]],[7,"bom",[-57,-58,-59,-60,-61,-62,-63,-64,-65,-66],[[5,45,-55],[10,1,3,1,-56]],[0,"66yMtiquNClaTMK6Q5CS6x",1],[5,165,16]],[7,"middle",[-69,-70,-71,-72,-73,-74,-75,-76,-77,-78],[[5,45,-67],[10,1,3,1,-68]],[0,"83ivEo4rJCyotvh5vJc4Jx",1],[5,165,16]],[7,"top",[-81,-82,-83,-84,-85,-86,-87,-88,-89,-90],[[5,45,-79],[10,1,3,1,-80]],[0,"430cPLtJlP14aYPehp3ykm",1],[5,165,16]],[26,"node_bg",1,[-93,-94,-95,-96,-97,-98,-99,-100],[[16,0,-91,[20],21],[14,45,100,100,-92]],[0,"25IVL6V69BLbNEjVTv2IOA",1],[5,640,1136]],[18,"node_maxspeed",[-102,-103,-104,-105,-106],[[8,4,90,-101]],[0,"d4t82hg+dK+7yxaJ8gwyKg",1],[5,500,60],[0,12.5,0,0,0,0,1,1,1,1]],[4,"node_doup",9,[-110,-111,-112],[[6,1,0,-107,[121],122],[20,32,-1.9089999999999918,-108],[3,1,-109]],[0,"28lgy31HFK1YbJ6c0CVx5E",1],[5,120,46],[191.909,0,0,0,0,0,1,1,1,1]],[18,"node_sprintspeed",[-114,-115,-116,-117,-118],[[8,4,20,-113]],[0,"6fApGnPytDh4qBKbgnwq+M",1],[5,500,60],[0,-57.5,0,0,0,0,1,1,1,1]],[4,"node_doup",11,[-122,-123,-124],[[6,1,0,-119,[195],196],[20,32,-1.9089999999999918,-120],[3,1,-121]],[0,"a5UK99V+1E5K55sAHS50X1",1],[5,120,46],[191.909,0,0,0,0,0,1,1,1,1]],[4,"node_upprop",1,[-127,9,11],[[6,1,0,-125,[197],198],[31,4,686.137,235,-126]],[0,"c3YNq4XRpIOY1MHYQzwblo",1],[5,560,215],[0,-225.5,0,0,0,0,1,1,1,1]],[4,"progress",9,[2,3,4],[[1,-128,[114],115],[9,8,202.5,-129]],[0,"ddWQ1OV6pG7qWBdbzVyJfL",1],[5,165,16],[35,0,0,0,0,0,1,1,1,1]],[4,"progress",11,[5,6,7],[[1,-130,[188],189],[9,8,202.5,-131]],[0,"b1PDJPhAlGSI5x17H65B1a",1],[5,165,16],[35,0,0,0,0,0,1,1,1,1]],[4,"node_title",1,[-134,-135],[[21,1,100,-132],[40,2,-133,[36],37]],[0,"8de5fQrLpPpaefQViZYGQD",1],[5,337,200],[0,368,0,0,0,0,1,1,1,1]],[4,"node_unlock",1,[-139],[[1,-136,[46],47],[3,1,-137],[8,4,110,-138]],[0,"edigc+YQxF5q1/z4awRMKD",1],[5,275,96],[90,-410,0,0,0,0,1,1,1,1]],[29,"homerole",1,[-142,-143],[[-140,[32,42,-80,400,-141]],1,4],[0,"0dUKUWaUlG/pruDf6ZpVxa",1],[5,640,300],[0,-80,0,0,0,0,1,1,1,1]],[4,"gasstation",8,[-145,-146],[[1,-144,[14],15]],[0,"dezOhXfahCub5VELrOrUpL",1],[5,163,180],[-160,155,0,0,0,0,1,1,1,1]],[2,"node_setting",1,[[1,-147,[22],23],[33,9,15,15,-148],[3,1,-149]],[0,"79Me+G6HBBzpAiPuZfCThN",1],[5,54,54],[-278,526,0,0,0,0,1,1,1,1]],[2,"node_rank",1,[[1,-150,[24],25],[3,1,-151],[15,32,10,254.046,-152]],[0,"2fFGbAyr9Gy51OimwjQfIM",1],[5,104,107],[258,260.454,0,0,0,0,1,1,1,1]],[2,"node_invite",1,[[1,-153,[26],27],[15,32,10,254.046,-154],[3,1,-155]],[0,"873cXQ9spIjYFlcFBJj7Br",1],[5,115,107],[252.5,141.658,0,0,0,0,1,1,1,1]],[4,"node_NumGoldTT",1,[-158],[[1,-156,[30],31],[15,33,15,15,-157]],[0,"26Soft135OGZAhT95DFpFl",1],[5,163,46],[223.5,530,0,0,0,0,1,1,1,1]],[2,"node_free",1,[[1,-159,[40],41],[8,4,110,-160],[3,1,-161]],[0,"80rV9Q+q9MV65bCnVtJ9CC",1],[5,144,96],[-140,-410,0,0,0,0,1,1,1,1]],[2,"node_start",1,[[1,-162,[42],43],[3,1,-163],[8,4,110,-164]],[0,"b9bEUh8wRI/Lx82v3+zygs",1],[5,275,96],[90,-410,0,0,0,0,1,1,1,1]],[12,"content",18,[[39,false,1,1,15,-165,[5,640,300]],[34,13,400,-166]],[0,"a0qxUhqdhLoqpsuAbhOD7g",1],[5,640,300],[0,0,0.5],[-320,0,0,0,0,0,1,1,1,1]],[2,"node_next",1,[[1,-167,[199],200],[3,1,-168],[22,34,-30,-169]],[0,"62ceQgBJ9OeYwzCjxAUmEa",1],[5,148,91],[246,-30,0,0,0,0,1,1,1,1]],[2,"node_pre",1,[[1,-170,[201],202],[3,1,-171],[22,10,-30,-172]],[0,"c2ULWmeLJP5a4un+SQdV8B",1],[5,148,91],[-246,-30,0,0,0,0,1,-1,1,-1]],[2,"sky",8,[[1,-173,[0],1],[5,1,-174]],[0,"29/n5Wo45FE6zKClDu3+do",1],[5,800,700],[0,218,0,0,0,0,1,1,1,1]],[2,"node_bombg",1,[[16,0,-175,[38],39],[35,44,-60,104,-176]],[0,"14Kj1Pl3NAbY3kKntobmer",1],[5,640,389],[0,-433.5,0,0,0,0,1,1,1,1]],[27,"title",13,[[17,"UPGRADE ALL MOTO",44,44,1,1,1,-177,[48]],[21,1,11.64,-178]],[0,"e2T2TUjpJKv5Wtc8O0rDYC",1],[4,4278190080],[5,461.18,55.44],[0,82,0,0,0,0,1,0.5,0.5,1]],[2,"icon",9,[[1,-179,[51],52],[9,8,144.933,-180]],[0,"7dnzh5cDpLYrjcSCHeZi63",1],[5,41,22],[-84.56700000000001,0,0,0,0,0,1,1,1,1]],[12,"icontext",9,[[23,"MAX SPEED",1,1,1,-181,[53]],[9,8,-10.588999999999999,-182]],[0,"c5htxAQHpKoqF9ZCuU7vNz",1],[5,235.61,50.4],[0,0,0.5],[-260.589,0,0,0,0,0,1,0.5,0.5,1]],[11,"icon",10,[[6,1,0,-183,[116],117],[14,45,70,40,-184]],[0,"0fWxOZ/t9H+54T9AUr95K+",1],[5,120,46]],[2,"icon",11,[[1,-185,[125],126],[9,8,139.433,-186]],[0,"75k8eX8fdDardLq6VjPvsO",1],[5,52,33],[-84.56700000000001,0,0,0,0,0,1,1,1,1]],[12,"icontext",11,[[23,"SPRINT SPEED",1,1,1,-187,[127]],[9,8,-10.588999999999999,-188]],[0,"63EKz2NdBFfKenHMvH/V8f",1],[5,293.4,50.4],[0,0,0.5],[-260.589,0,0,0,0,0,1,0.5,0.5,1]],[11,"icon",12,[[6,1,0,-189,[190],191],[14,45,70,40,-190]],[0,"8a8pKHdrtOD5GKBeKSEptU",1],[5,120,46]],[30,"indicator",18,[[-191,[8,4,125,-192]],1,4],[0,"bayTw1a0lFt7k4XPr4w0Gc",1],[5,100,27],[0,-11.5,0,0,0,0,1,1,1,1]],[2,"cloud2",8,[[1,-193,[2],3]],[0,"1dOZZ2hLFOFYg875diMBng",1],[5,800,240],[0,439.585,0,0,0,0,1,1.2,1.2,1]],[2,"cloud1",8,[[1,-194,[4],5]],[0,"e5SRUTKhtH9ra3YqBCpF3D",1],[5,800,240],[-51.817,451.534,0,0,0,0,1,1.2,1.2,1]],[2,"sea",8,[[1,-195,[6],7]],[0,"7fCDPSeO9BWoTL3CvsLFrw",1],[5,800,300],[107.49,105.757,0,0,0,0,1,1.5,1.5,1]],[2,"island",8,[[1,-196,[8],9]],[0,"32deu9vNhEJKPuo8uvrTRP",1],[5,800,300],[157.529,397.526,0,0,0,0,1,1.5,1.5,1]],[2,"unlock",19,[[1,-197,[10],11]],[0,"d4GV5pji9NI4DNm2nnXapE",1],[5,89,60],[-25,35,0,0,0,0,1,1,1,1]],[2,"lock",19,[[1,-198,[12],13]],[0,"0bEbOZb39GlZf1L9guvRT1",1],[5,89,60],[-25,35,0,0,0,0,1,1,1,1]],[2,"map2",8,[[1,-199,[16],17]],[0,"ednup3UWtHD5/rRWZ1HSZl",1],[5,400,700],[-200,-110,0,0,0,0,1,1,1,1]],[2,"map2",8,[[1,-200,[18],19]],[0,"102LmSlm1BE4yYQb7q9tUf",1],[5,400,700],[200,-110,0,0,0,0,1,1,1,1]],[12,"text",23,[[13,"100",52,52,false,1,1,-201,[28],29]],[0,"a7shvw0iBJw6S59LPSXu9a",1],[5,82.88,52],[0,1,0.5],[62,6,0,0,0,0,1,0.5,0.5,1]],[11,"title",16,[[1,-202,[32],33]],[0,"a33cK7hWtPopSTfj80D7D8",1],[5,337,200]],[28,"white",120,16,[[16,0,-203,[34],35]],[0,"97LHSCdJ5PWZw5a1VuwiJ0",1],[5,50,300],[-230,0,0,0,0,-0.25881904510252074,0.9659258262890683,1,1,1],[1,0,0,-30]],[2,"text",17,[[13,"100",46,46,false,1,1,-204,[44],45]],[0,"28/4ARvDJEXJO4ffG//2HR",1],[5,73.31,46],[15,12,0,0,0,0,1,1,1,1]],[11,"shopbg4",9,[[6,1,0,-205,[49],50]],[0,"33VijsXs5CHJEymtKJxElj",1],[5,540,60]],[2,"color",2,[[1,-206,[54],55]],[0,"bcd935ac1B7bLPLBge+COe",1],[5,15,10],[-72,0,0,0,0,0,1,1,1,1]],[2,"color",2,[[1,-207,[56],57]],[0,"d7vARaq1JH+LF3x6XK4CLD",1],[5,15,10],[-56,0,0,0,0,0,1,1,1,1]],[2,"color",2,[[1,-208,[58],59]],[0,"fcLRzHpDVForC3k4x5dnoZ",1],[5,15,10],[-40,0,0,0,0,0,1,1,1,1]],[2,"color",2,[[1,-209,[60],61]],[0,"7eFgP1T19EiL4xeFTvZVkR",1],[5,15,10],[-24,0,0,0,0,0,1,1,1,1]],[2,"color",2,[[1,-210,[62],63]],[0,"21DMrnYtVJX7R5xekqb+Ey",1],[5,15,10],[-8,0,0,0,0,0,1,1,1,1]],[2,"color",2,[[1,-211,[64],65]],[0,"71X4cFo6tLSI/1ERQde/rX",1],[5,15,10],[8,0,0,0,0,0,1,1,1,1]],[2,"color",2,[[1,-212,[66],67]],[0,"92jFKLlP5CLZyMGi6vtbRe",1],[5,15,10],[24,0,0,0,0,0,1,1,1,1]],[2,"color",2,[[1,-213,[68],69]],[0,"d5pdUV53tEdbJcBC5q2RGA",1],[5,15,10],[40,0,0,0,0,0,1,1,1,1]],[2,"color",2,[[1,-214,[70],71]],[0,"9e+OOG+WBPu5zhJ7fmieZ9",1],[5,15,10],[56,0,0,0,0,0,1,1,1,1]],[2,"color",2,[[1,-215,[72],73]],[0,"18gkhu7IJOdaaJFYmNnqy6",1],[5,15,10],[72,0,0,0,0,0,1,1,1,1]],[2,"color",3,[[1,-216,[74],75]],[0,"0fLDKreEJHJpUqBoPeWLyA",1],[5,15,10],[-72,0,0,0,0,0,1,1,1,1]],[2,"color",3,[[1,-217,[76],77]],[0,"d0Myi8kZpNraZAM0Na79cT",1],[5,15,10],[-56,0,0,0,0,0,1,1,1,1]],[2,"color",3,[[1,-218,[78],79]],[0,"842sxm2LtIv7q9lBXVHnuT",1],[5,15,10],[-40,0,0,0,0,0,1,1,1,1]],[2,"color",3,[[1,-219,[80],81]],[0,"52osPbKp9BXLiKY7e6aT0k",1],[5,15,10],[-24,0,0,0,0,0,1,1,1,1]],[2,"color",3,[[1,-220,[82],83]],[0,"877GdJReRLioa4VvBViIth",1],[5,15,10],[-8,0,0,0,0,0,1,1,1,1]],[2,"color",3,[[1,-221,[84],85]],[0,"34K7OaGdRGv6La1T6eUwFl",1],[5,15,10],[8,0,0,0,0,0,1,1,1,1]],[2,"color",3,[[1,-222,[86],87]],[0,"67AjS9ci5KmbQ2AhnzyA5/",1],[5,15,10],[24,0,0,0,0,0,1,1,1,1]],[2,"color",3,[[1,-223,[88],89]],[0,"1fk0P6dV9FVZBVq2C1yb0h",1],[5,15,10],[40,0,0,0,0,0,1,1,1,1]],[2,"color",3,[[1,-224,[90],91]],[0,"248HFH6ulLRp+xh04w/TMt",1],[5,15,10],[56,0,0,0,0,0,1,1,1,1]],[2,"color",3,[[1,-225,[92],93]],[0,"caCiR/DBxMsoh2DLho7QLO",1],[5,15,10],[72,0,0,0,0,0,1,1,1,1]],[2,"color",4,[[1,-226,[94],95]],[0,"d1EfA9JfVOmL4xMdik4utd",1],[5,15,10],[-72,0,0,0,0,0,1,1,1,1]],[2,"color",4,[[1,-227,[96],97]],[0,"dewVXCBq9FppEvi9OCeQdC",1],[5,15,10],[-56,0,0,0,0,0,1,1,1,1]],[2,"color",4,[[1,-228,[98],99]],[0,"85Yj6+KZ5GqpaGv1Ff8Mgh",1],[5,15,10],[-40,0,0,0,0,0,1,1,1,1]],[2,"color",4,[[1,-229,[100],101]],[0,"ccC+1OLw9PZb02eH/Yyqpa",1],[5,15,10],[-24,0,0,0,0,0,1,1,1,1]],[2,"color",4,[[1,-230,[102],103]],[0,"0b6ES5TFVDFbIu2MtiajRO",1],[5,15,10],[-8,0,0,0,0,0,1,1,1,1]],[2,"color",4,[[1,-231,[104],105]],[0,"48AizN68hJOIdkHJED3STE",1],[5,15,10],[8,0,0,0,0,0,1,1,1,1]],[2,"color",4,[[1,-232,[106],107]],[0,"553GpbKPxPU4UDx1Cgf0rM",1],[5,15,10],[24,0,0,0,0,0,1,1,1,1]],[2,"color",4,[[1,-233,[108],109]],[0,"e4Pi5OkElOg7bSA/Hk2U+7",1],[5,15,10],[40,0,0,0,0,0,1,1,1,1]],[2,"color",4,[[1,-234,[110],111]],[0,"acEV53fAZDC6fRjz+OJ18F",1],[5,15,10],[56,0,0,0,0,0,1,1,1,1]],[2,"color",4,[[1,-235,[112],113]],[0,"382X0yawlDTY8cfVxIBbkl",1],[5,15,10],[72,0,0,0,0,0,1,1,1,1]],[2,"maxtext",10,[[17,"MAX",56,56,1,1,1,-236,[118]]],[0,"dcog8MCVRKX4H5LW3GZWtV",1],[5,124.44,70.56],[0,2,0,0,0,0,1,0.5,0.5,1]],[19,"text",false,10,[[13,"A100",30,30,false,1,1,-237,[119],120]],[0,"35xcTU05RKK6tGvoNB7Scz",1],[5,71.25,30],[0,6.693,0,0,0,0,1,1,1,1]],[11,"shopbg4",11,[[6,1,0,-238,[123],124]],[0,"80oTZOy8dObIWcB8Zv5tHo",1],[5,540,60]],[2,"color",5,[[1,-239,[128],129]],[0,"cfIUi/2OVDNZA3BGNfzITm",1],[5,15,10],[-72,0,0,0,0,0,1,1,1,1]],[2,"color",5,[[1,-240,[130],131]],[0,"d9tcjKPuRLfr7D1ZcLsenK",1],[5,15,10],[-56,0,0,0,0,0,1,1,1,1]],[2,"color",5,[[1,-241,[132],133]],[0,"adbfi9zNVOEr/w3zos0wfe",1],[5,15,10],[-40,0,0,0,0,0,1,1,1,1]],[2,"color",5,[[1,-242,[134],135]],[0,"4ePbTQgGRBkofQEO5i1ffS",1],[5,15,10],[-24,0,0,0,0,0,1,1,1,1]],[2,"color",5,[[1,-243,[136],137]],[0,"342BnSgjNI27RDKQWBkkZU",1],[5,15,10],[-8,0,0,0,0,0,1,1,1,1]],[2,"color",5,[[1,-244,[138],139]],[0,"10zPTyvnFJEqu1sSCAWS0K",1],[5,15,10],[8,0,0,0,0,0,1,1,1,1]],[2,"color",5,[[1,-245,[140],141]],[0,"3bn9i5/P5E9bEExKPmYKFN",1],[5,15,10],[24,0,0,0,0,0,1,1,1,1]],[2,"color",5,[[1,-246,[142],143]],[0,"a8VzMVVUpBYb9wMrFXO+pC",1],[5,15,10],[40,0,0,0,0,0,1,1,1,1]],[2,"color",5,[[1,-247,[144],145]],[0,"868XFBBPZF6YCIxHDYkqL9",1],[5,15,10],[56,0,0,0,0,0,1,1,1,1]],[2,"color",5,[[1,-248,[146],147]],[0,"09qnv+tidFIJ6jf0IXgd/o",1],[5,15,10],[72,0,0,0,0,0,1,1,1,1]],[2,"color",6,[[1,-249,[148],149]],[0,"47cnrGEqFD1oHRaqlT3MOk",1],[5,15,10],[-72,0,0,0,0,0,1,1,1,1]],[2,"color",6,[[1,-250,[150],151]],[0,"3aEcBe8rRE/ry4QmKRvscH",1],[5,15,10],[-56,0,0,0,0,0,1,1,1,1]],[2,"color",6,[[1,-251,[152],153]],[0,"f8W5273w1DerXZbhSqaD4s",1],[5,15,10],[-40,0,0,0,0,0,1,1,1,1]],[2,"color",6,[[1,-252,[154],155]],[0,"10ambIJvNIEZ43gWmZ8McC",1],[5,15,10],[-24,0,0,0,0,0,1,1,1,1]],[2,"color",6,[[1,-253,[156],157]],[0,"ddJsRW8HNMEKfpnCWKK/79",1],[5,15,10],[-8,0,0,0,0,0,1,1,1,1]],[2,"color",6,[[1,-254,[158],159]],[0,"7eRCr6PaxNKLLs2nLcC2ht",1],[5,15,10],[8,0,0,0,0,0,1,1,1,1]],[2,"color",6,[[1,-255,[160],161]],[0,"f5STmeIu5MwKCaUajO8J2r",1],[5,15,10],[24,0,0,0,0,0,1,1,1,1]],[2,"color",6,[[1,-256,[162],163]],[0,"00rsZzThxP/7cy9qyTXsBE",1],[5,15,10],[40,0,0,0,0,0,1,1,1,1]],[2,"color",6,[[1,-257,[164],165]],[0,"58e5SxfYJOXKLFsCwM7GtF",1],[5,15,10],[56,0,0,0,0,0,1,1,1,1]],[2,"color",6,[[1,-258,[166],167]],[0,"89db20SwtER5sMglWtIjw5",1],[5,15,10],[72,0,0,0,0,0,1,1,1,1]],[2,"color",7,[[1,-259,[168],169]],[0,"7354Hcfj5DFq7at017LfFU",1],[5,15,10],[-72,0,0,0,0,0,1,1,1,1]],[2,"color",7,[[1,-260,[170],171]],[0,"d7uhiHvvJItIX0eUCJwMzz",1],[5,15,10],[-56,0,0,0,0,0,1,1,1,1]],[2,"color",7,[[1,-261,[172],173]],[0,"730ZZDgy1LfJModSMsQgWo",1],[5,15,10],[-40,0,0,0,0,0,1,1,1,1]],[2,"color",7,[[1,-262,[174],175]],[0,"26K+NOX0xDFKmexBIXd0Xx",1],[5,15,10],[-24,0,0,0,0,0,1,1,1,1]],[2,"color",7,[[1,-263,[176],177]],[0,"c35XvOE2tHlZiEn3bKUeYt",1],[5,15,10],[-8,0,0,0,0,0,1,1,1,1]],[2,"color",7,[[1,-264,[178],179]],[0,"d5zN0w6FhAoasB/PAXhs2v",1],[5,15,10],[8,0,0,0,0,0,1,1,1,1]],[2,"color",7,[[1,-265,[180],181]],[0,"f2CuBTFQNM3rcDZManPVBZ",1],[5,15,10],[24,0,0,0,0,0,1,1,1,1]],[2,"color",7,[[1,-266,[182],183]],[0,"b6WFQkh4xOzL8EueFSYyYQ",1],[5,15,10],[40,0,0,0,0,0,1,1,1,1]],[2,"color",7,[[1,-267,[184],185]],[0,"575SOU0PlBL6kEpKBCF8r7",1],[5,15,10],[56,0,0,0,0,0,1,1,1,1]],[2,"color",7,[[1,-268,[186],187]],[0,"04S3tf4MlPC5bvV7cuL89f",1],[5,15,10],[72,0,0,0,0,0,1,1,1,1]],[2,"maxtext",12,[[17,"MAX",56,56,1,1,1,-269,[192]]],[0,"d11V3Pus1ElaAK4nhJTN9E",1],[5,124.44,70.56],[0,2,0,0,0,0,1,0.5,0.5,1]],[19,"text",false,12,[[13,"A100",30,30,false,1,1,-270,[193],194]],[0,"cbXCIb/BdJXIvFOcGsnApN",1],[5,71.25,30],[0,6.693,0,0,0,0,1,1,1,1]],[41,10,38,[5,14,14]],[42,0.5,18,26,117]],0,[0,5,1,0,0,1,0,0,1,0,0,1,0,-1,8,0,-2,20,0,-3,21,0,-4,22,0,-5,23,0,-6,16,0,-7,30,0,-8,24,0,-9,25,0,-10,17,0,-11,13,0,-12,18,0,-13,27,0,-14,28,0,0,2,0,0,2,0,-1,52,0,-2,53,0,-3,54,0,-4,55,0,-5,56,0,-6,57,0,-7,58,0,-8,59,0,-9,60,0,-10,61,0,0,3,0,0,3,0,-1,62,0,-2,63,0,-3,64,0,-4,65,0,-5,66,0,-6,67,0,-7,68,0,-8,69,0,-9,70,0,-10,71,0,0,4,0,0,4,0,-1,72,0,-2,73,0,-3,74,0,-4,75,0,-5,76,0,-6,77,0,-7,78,0,-8,79,0,-9,80,0,-10,81,0,0,5,0,0,5,0,-1,85,0,-2,86,0,-3,87,0,-4,88,0,-5,89,0,-6,90,0,-7,91,0,-8,92,0,-9,93,0,-10,94,0,0,6,0,0,6,0,-1,95,0,-2,96,0,-3,97,0,-4,98,0,-5,99,0,-6,100,0,-7,101,0,-8,102,0,-9,103,0,-10,104,0,0,7,0,0,7,0,-1,105,0,-2,106,0,-3,107,0,-4,108,0,-5,109,0,-6,110,0,-7,111,0,-8,112,0,-9,113,0,-10,114,0,0,8,0,0,8,0,-1,29,0,-2,39,0,-3,40,0,-4,41,0,-5,42,0,-6,19,0,-7,45,0,-8,46,0,0,9,0,-1,51,0,-2,32,0,-3,33,0,-4,14,0,-5,10,0,0,10,0,0,10,0,0,10,0,-1,34,0,-2,82,0,-3,83,0,0,11,0,-1,84,0,-2,35,0,-3,36,0,-4,15,0,-5,12,0,0,12,0,0,12,0,0,12,0,-1,37,0,-2,115,0,-3,116,0,0,13,0,0,13,0,-1,31,0,0,14,0,0,14,0,0,15,0,0,15,0,0,16,0,0,16,0,-1,48,0,-2,49,0,0,17,0,0,17,0,0,17,0,-1,50,0,-1,118,0,0,18,0,-1,26,0,-2,38,0,0,19,0,-1,43,0,-2,44,0,0,20,0,0,20,0,0,20,0,0,21,0,0,21,0,0,21,0,0,22,0,0,22,0,0,22,0,0,23,0,0,23,0,-1,47,0,0,24,0,0,24,0,0,24,0,0,25,0,0,25,0,0,25,0,0,26,0,0,26,0,0,27,0,0,27,0,0,27,0,0,28,0,0,28,0,0,28,0,0,29,0,0,29,0,0,30,0,0,30,0,0,31,0,0,31,0,0,32,0,0,32,0,0,33,0,0,33,0,0,34,0,0,34,0,0,35,0,0,35,0,0,36,0,0,36,0,0,37,0,0,37,0,-1,117,0,0,38,0,0,39,0,0,40,0,0,41,0,0,42,0,0,43,0,0,44,0,0,45,0,0,46,0,0,47,0,0,48,0,0,49,0,0,50,0,0,51,0,0,52,0,0,53,0,0,54,0,0,55,0,0,56,0,0,57,0,0,58,0,0,59,0,0,60,0,0,61,0,0,62,0,0,63,0,0,64,0,0,65,0,0,66,0,0,67,0,0,68,0,0,69,0,0,70,0,0,71,0,0,72,0,0,73,0,0,74,0,0,75,0,0,76,0,0,77,0,0,78,0,0,79,0,0,80,0,0,81,0,0,82,0,0,83,0,0,84,0,0,85,0,0,86,0,0,87,0,0,88,0,0,89,0,0,90,0,0,91,0,0,92,0,0,93,0,0,94,0,0,95,0,0,96,0,0,97,0,0,98,0,0,99,0,0,100,0,0,101,0,0,102,0,0,103,0,0,104,0,0,105,0,0,106,0,0,107,0,0,108,0,0,109,0,0,110,0,0,111,0,0,112,0,0,113,0,0,114,0,0,115,0,0,116,0,6,1,2,3,14,3,3,14,4,3,14,5,3,15,6,3,15,7,3,15,9,3,13,11,3,13,117,7,118,270],[0,0,0,0,0,0,0,0,0,0,0,0,0,0,0,0,0,0,0,0,0,0,0,0,0,0,0,0,0,0,0,0,0,0,0,0,0,0,0,0,0,0,0,0,0,0,0,0,0,0,0,0,0,0,0,0,0,0,0,0,0,0,0,0,0,0,0,0,0,0,0,0,0,0,0,0,0,0,0,0,0,0,0,0,0,0,0,0,0,0,0,0,0,0,0,0,0,0,0,0,0,0,0,0,0,0,0,0,0,0,0,0,0,0,0,0,0,0,0,0,0,0,0,0,0,0,0,0,0,0,0,0,0,0,0,0,0,0,0,0,0,0,0,0,0,0,0,0,0,0,0,0,0,0,0,0,0,0,0,0,0,0,0,0,0,0,0,0,0,0,0,0,0,0,0,0,0,0,0,0,0,0,0,0,0,0,0,0,0,0,0,0,0,0,0,0,0,0,0,0,0,0,0,0,117],[-1,1,-1,1,-1,1,-1,1,-1,1,-1,1,-1,1,-1,1,-1,1,-1,1,-1,1,-1,1,-1,1,-1,1,-1,4,-1,1,-1,1,-1,1,-1,1,-1,1,-1,1,-1,1,-1,4,-1,1,-1,-1,1,-1,1,-1,-1,1,-1,1,-1,1,-1,1,-1,1,-1,1,-1,1,-1,1,-1,1,-1,1,-1,1,-1,1,-1,1,-1,1,-1,1,-1,1,-1,1,-1,1,-1,1,-1,1,-1,1,-1,1,-1,1,-1,1,-1,1,-1,1,-1,1,-1,1,-1,1,-1,1,-1,1,-1,1,-1,-1,4,-1,1,-1,1,-1,1,-1,-1,1,-1,1,-1,1,-1,1,-1,1,-1,1,-1,1,-1,1,-1,1,-1,1,-1,1,-1,1,-1,1,-1,1,-1,1,-1,1,-1,1,-1,1,-1,1,-1,1,-1,1,-1,1,-1,1,-1,1,-1,1,-1,1,-1,1,-1,1,-1,1,-1,1,-1,1,-1,1,-1,-1,4,-1,1,-1,1,-1,1,-1,1,8,9],[0,15,0,16,0,17,0,18,0,19,0,20,0,21,0,22,0,7,0,7,0,8,0,23,0,24,0,25,0,6,0,26,0,9,0,8,0,9,0,27,0,28,0,29,0,6,0,30,0,0,10,0,31,0,0,1,0,1,0,1,0,1,0,1,0,1,0,1,0,1,0,1,0,1,0,2,0,2,0,2,0,2,0,2,0,2,0,2,0,2,0,2,0,2,0,3,0,3,0,3,0,3,0,3,0,3,0,3,0,3,0,3,0,3,0,11,0,12,0,0,6,0,13,0,10,0,32,0,0,1,0,1,0,1,0,1,0,1,0,1,0,1,0,1,0,1,0,1,0,2,0,2,0,2,0,2,0,2,0,2,0,2,0,2,0,2,0,2,0,3,0,3,0,3,0,3,0,3,0,3,0,3,0,3,0,3,0,3,0,11,0,12,0,0,6,0,13,0,33,0,14,0,14,34,35]],[[{"name":"homebg3","rect":[1954,717,89,60],"offset":[0,0],"originalSize":[89,60],"capInsets":[0,0,0,0]}],[0],0,[0],[2],[4]],[[{"name":"homebg6","rect":[1264,341,148,91],"offset":[1,-2.5],"originalSize":[150,100],"rotated":1,"capInsets":[0,0,0,0]}],[0],0,[0],[2],[5]],[[{"name":"homebtn3","rect":[1947,1733,144,96],"offset":[0,0],"originalSize":[144,96],"rotated":1,"capInsets":[0,0,0,0]}],[0],0,[0],[2],[4]],[[{"name":"shopbg3","rect":[1610,2,435,215],"offset":[0,0],"originalSize":[435,215],"capInsets":[150,0,150,0]}],[0],0,[0],[2],[4]],[[{"name":"homebg1","rect":[1764,2,104,389],"offset":[0,-5.5],"originalSize":[104,400],"capInsets":[0,0,0,0]}],[0],0,[0],[2],[5]],[[{"name":"homebg5","rect":[86,1490,337,200],"offset":[0,0],"originalSize":[337,200],"rotated":1,"capInsets":[0,0,0,0]}],[0],0,[0],[2],[5]],[[{"name":"shopbg8","rect":[2034,221,15,10],"offset":[0,0],"originalSize":[15,10],"rotated":1,"capInsets":[0,0,0,0]}],[0],0,[0],[2],[4]],[[{"name":"shopbtn7","rect":[160,1831,70,40],"offset":[0,0],"originalSize":[70,40],"capInsets":[15,12,15,12]}],[0],0,[0],[2],[5]],[[{"name":"homebtn1","rect":[1764,778,275,96],"offset":[0,0],"originalSize":[275,96],"rotated":1,"capInsets":[0,0,0,0]}],[0],0,[0],[2],[5]],[[{"name":"shopbg6","rect":[947,2008,52,33],"offset":[2,0.5],"originalSize":[56,36],"capInsets":[0,0,0,0]}],[0],0,[0],[2],[4]],[[{"name":"homebtn4","rect":[1075,1991,54,54],"offset":[0,0],"originalSize":[54,54],"capInsets":[0,0,0,0]}],[0],0,[0],[2],[4]],[[{"name":"shopbg9","rect":[2034,240,15,10],"offset":[0,0],"originalSize":[15,10],"rotated":1,"capInsets":[0,0,0,0]}],[0],0,[0],[2],[4]],[[{"name":"homebg4","rect":[1070,1794,89,60],"offset":[0,0],"originalSize":[89,60],"capInsets":[0,0,0,0]}],[0],0,[0],[2],[5]],[[{"name":"shopbg4","rect":[1610,717,340,60],"offset":[0,0],"originalSize":[340,60],"capInsets":[30,0,30,0]}],[0],0,[0],[2],[4]],[[{"name":"default_radio_button_off","rect":[3,3,26,26],"offset":[0,0],"originalSize":[32,32],"capInsets":[0,0,0,0]}],[0],0,[0],[2],[36]],[[{"name":"shopbg7","rect":[2034,259,15,10],"offset":[0,0],"originalSize":[15,10],"rotated":1,"capInsets":[0,0,0,0]}],[0],0,[0],[2],[4]],[[{"name":"shopbg5","rect":[1530,1497,41,22],"offset":[0.5,1],"originalSize":[56,36],"rotated":1,"capInsets":[0,0,0,0]}],[0],0,[0],[2],[4]],[[[43,"soundhomebg",".mp3",10.083265],-1],0,0,[],[],[]]]]