[1,["ecpdLyjvZBwrvm+cedCcQy","1a6ce1326","165c85a4a","7fTVZhPDBHgKNRMj0zAt/r","3f6pCa7HhDuKY7zywMAXg5","a2MjXRFdtLlYQ5ouAFv/+R","f21SUmfalNDrPxx+oW2/++","ceyZZZ4rpCDY1EzYwQSgjO","eeH0+73vNGgbEM9ZTrk+Ws","feb23jWwFN3oXCIAbuiYj7","d9XBdwv6VGzYyWIwpMpFhs","b7b0binTRI063OgpNzauRW","4fVJdAwgdPBqUgp7ZDHPQe","e2d9y/9XNJUYVeLIUFzWaD","2aWM7zaaREko4+O4Wn5/Yz","a1vGdIxaZIg6LL1OCy+Ts9","78L80uC1pHn77ZUAWX5U7q","14bY7YqP9OToFVXmTtnC+i","27v8Fz111LwogW0r1tJRnU","bdGSw1tfdFzawtZKDSWFaY","00tW8W1ZhCq6qrHt1n58dG","3506+IMHtAtYy+K2KmORSK","efKPgvmYZMvp2bnXjZN9l/","66YszWoT9GWpesIj85NZUN","dfgAEpt4lHToNjGroW4mCO","277yfCNtlHr4PMhOkLC/oe","f3qL2hZFlJtLxvHXvj9iqv"],["node","_spriteFrame","_textureSetter","_N$file","root","data"],[["cc.Node",["_name","_groupIndex","_active","_opacity","_components","_prefab","_contentSize","_parent","_trs","_children","_color","_anchorPoint","_eulerAngles"],-1,9,4,5,1,7,2,5,5,5],"cc.SpriteFrame",["cc.Widget",["_alignFlags","_right","_top","_left","_originalWidth","_originalHeight","node"],-3,1],["cc.Label",["_N$verticalAlign","_fontSize","_lineHeight","_string","_isSystemFontUsed","_N$horizontalAlign","_enableWrapText","_N$overflow","node","_materials","_N$file"],-5,1,3,6],["cc.PrefabInfo",["fileId","root"],2,1],["cc.Sprite",["_sizeMode","node","_materials","_spriteFrame"],2,1,3,6],["cc.Mask",["_type","_N$alphaThreshold","node","_materials","_spriteFrame"],1,1,3,6],["cc.Button",["_N$transition","node"],2,1],["cc.Prefab",["_name"],2],["cc.BlockInputEvents",["node"],3,1],["20951xmOoVFmZRgGTFceEbi",["node","moregameSprite"],3,1,3]],[[4,0,1,2],[5,1,2,3,1],[5,0,1,2,3,2],[0,0,7,4,5,6,8,2],[0,0,7,9,4,5,6,8,2],[0,0,1,7,4,5,6,8,3],[7,0,1,2],[0,0,2,7,9,4,5,6,8,3],[0,0,3,7,4,5,6,8,12,3],[0,0,7,4,5,6,2],[0,0,7,4,5,10,6,2],[0,0,7,4,5,10,6,11,8,2],[6,0,1,2,3,3],[6,0,2,3,4,2],[3,1,2,6,0,7,8,9,6],[2,0,1,2,6,4],[8,0,2],[0,0,1,9,4,5,6,8,3],[0,0,1,7,9,4,5,6,8,3],[0,0,1,7,4,5,6,3],[0,0,2,7,4,5,6,8,3],[0,0,7,4,5,6,11,8,2],[2,0,6,2],[2,0,3,2,6,4],[2,0,3,1,4,5,6,6],[9,0,1],[10,0,1,1],[4,1,1],[7,1,1],[3,3,4,5,0,8,9,10,5],[3,3,1,2,4,5,0,8,9,10,7]],[[[{"name":"overbg15","rect":[636,706,386,74],"offset":[0,0],"originalSize":[396,80],"capInsets":[0,0,0,0]}],[1],0,[0],[2],[1]],[[{"name":"close","rect":[1764,1512,80,80],"offset":[0,0],"originalSize":[80,80],"capInsets":[0,0,0,0]}],[1],0,[0],[2],[1]],[[{"name":"overbg17","rect":[806,2008,34,43],"offset":[0,0],"originalSize":[34,43],"rotated":1,"capInsets":[0,0,0,0]}],[1],0,[0],[2],[2]],[[{"name":"reward4","rect":[1264,499,275,96],"offset":[0,0],"originalSize":[275,96],"rotated":1,"capInsets":[0,0,0,0]}],[1],0,[0],[2],[1]],[[{"name":"overbg10","rect":[1450,1170,282,227],"offset":[0,0],"originalSize":[284,227],"capInsets":[0,0,0,0]}],[1],0,[0],[2],[1]],[[{"name":"overbg18","rect":[853,2008,34,43],"offset":[0,0],"originalSize":[34,43],"rotated":1,"capInsets":[0,0,0,0]}],[1],0,[0],[2],[2]],[[{"name":"overbg13","rect":[290,1795,386,74],"offset":[0,0],"originalSize":[396,80],"capInsets":[0,0,0,0]}],[1],0,[0],[2],[1]],[[[16,"node_result"],[17,"node_Result",1,[-5,-6,-7,-8,-9,-10,-11,-12],[[22,45,-2],[25,-3],[26,-4,[72,73,74,75]]],[27,-1],[5,640,1136],[320,568,0,0,0,0,1,1,1,1]],[18,"node_bg",1,1,[-14,-15,-16,-17,-18,-19,-20,-21,-22],[[1,-13,[58],59]],[0,"7btfWhHkxA1YT46T9TJLMp",1],[5,460,440],[0,138.967,0,0,0,0,1,1,1,1]],[4,"item1",2,[-24,-25,-26,-27],[[1,-23,[24],25]],[0,"93DAXgPXJD7ZutuVeIpvjH",1],[5,386,74],[0,80,0,0,0,0,1,1,1,1]],[4,"item2",2,[-29,-30,-31,-32],[[1,-28,[38],39]],[0,"60VKqON5hJ2JrOrD9K5BeU",1],[5,386,74],[0,-10,0,0,0,0,1,1,1,1]],[4,"item3",2,[-34,-35,-36,-37],[[1,-33,[52],53]],[0,"96C94F1stAioM6Op4qxTSf",1],[5,386,74],[0,-100,0,0,0,0,1,1,1,1]],[4,"headmask",3,[-39,-40],[[12,1,0,-38,[22]]],[0,"benN0GJZJFdLhkRyr1aA4n",1],[5,50,50],[-80,0,0,0,0,0,1,1,1,1]],[4,"headmask",4,[-42,-43],[[12,1,0,-41,[36]]],[0,"e88uMd+3dIsbQx6qP7//5L",1],[5,50,50],[-80,0,0,0,0,0,1,1,1,1]],[4,"headmask",5,[-45,-46],[[12,1,0,-44,[50]]],[0,"38UxGT9U1Ata41uYX/XLSk",1],[5,50,50],[-80,0,0,0,0,0,1,1,1,1]],[3,"close",2,[[1,-47,[56],57],[15,33,-40,-40,-48],[6,1,-49]],[0,"aa9ztAyb1GC5rBIZ53BU+r",1],[5,80,80],[230,220,0,0,0,0,1,1,1,1]],[5,"node_home",1,1,[[1,-50,[60],61],[23,9,10,10,-51],[28,-52]],[0,"74vQv1KKBF5IqzCpLVlbaF",1],[5,70,70],[-275,523,0,0,0,0,1,1,1,1]],[4,"node_NumGoldTT",1,[-55],[[1,-53,[70],71],[15,33,15,15,-54]],[0,"fbkHM4ZDhGG7t5DHE74r/V",1],[5,163,46],[223.5,530,0,0,0,0,1,1,1,1]],[19,"maskbg",1,1,[[2,0,-56,[0],1],[24,45,-180,-180,1000,128,-57]],[0,"87oF78+vlHb5tak90amQFR",1],[5,1000,1136]],[7,"lightmask",false,3,[-59],[[13,2,-58,[14],15]],[0,"59gwbXUBxHya4h4nw6KUyj",1],[5,396,76],[0,1,0,0,0,0,1,1,1,1]],[7,"lightmask",false,4,[-61],[[13,2,-60,[28],29]],[0,"51RiNeSEVMv6t1/zaI01oc",1],[5,396,76],[0,1,0,0,0,0,1,1,1,1]],[7,"lightmask",false,5,[-63],[[13,2,-62,[42],43]],[0,"1fL3/AzT9AWpu7zvlxsKHY",1],[5,396,76],[0,1,0,0,0,0,1,1,1,1]],[20,"othergame",false,1,[[1,-64,[62],63],[6,1,-65]],[0,"55dQawQUdNrrjJYCqgWvWK",1],[5,420,120],[0,-447.735,0,0,0,0,1,1,1,1]],[3,"node_resultad",1,[[1,-66,[64],65],[6,1,-67]],[0,"27/QclkC5Cn4a3xGgcExfU",1],[5,275,96],[0,-165.385,0,0,0,0,1,1,1,1]],[3,"node_invite",1,[[1,-68,[66],67],[6,1,-69]],[0,"53z5RljDtPdbCsUFpBh9pF",1],[5,275,96],[0,-280,0,0,0,0,1,1,1,1]],[5,"node_light",1,1,[[1,-70,[2],3]],[0,"f0DNg+zn1Cg5bVMBd6fINQ",1],[5,466,466],[0,321.426,0,0,0,0,1,1,1,1]],[3,"node_icon",2,[[1,-71,[4],5]],[0,"05udwx87dJfYQyaH9+fYNG",1],[5,282,227],[0,246.733,0,0,0,0,1,1,1,1]],[5,"node_star1",1,2,[[1,-72,[6],7]],[0,"95rGcgVyFHgJ5gwyLJe304",1],[5,42,41],[-70,190.39,0,0,0,0,1,1,1,1]],[5,"node_star2",1,2,[[1,-73,[8],9]],[0,"736x5DgrFJ8owT6OaH/UU3",1],[5,42,41],[0,190.39,0,0,0,0,1,1,1,1]],[5,"node_star3",1,2,[[1,-74,[10],11]],[0,"4eW+wxu4hDgZGemisj4PxF",1],[5,42,41],[70,190.39,0,0,0,0,1,1,1,1]],[8,"light",140,13,[[2,0,-75,[12],13]],[0,"4dSbs+k0lD5ID2vP5PbDEb",1],[5,30,200],[0,0,0,0,0,-0.414693242656239,0.9099612708765432,1,1,1],[1,0,0,-49]],[3,"icon",3,[[1,-76,[16],17]],[0,"2b8xAwTYBK344AsXuM0FL5",1],[5,34,43],[-146,0,0,0,0,0,1,1,1,1]],[9,"img",6,[[2,0,-77,[18],19]],[0,"05IeuaWA5HjqBPmoto+Ijh",1],[5,46,46]],[10,"mask",6,[[2,0,-78,[20],21]],[0,"30IhUku3JOcboMSRFZe9E1",1],[4,4278190080],[5,50,50]],[11,"text",3,[[14,24,24,false,1,2,-79,[23]]],[0,"cfS3MNqhhNzaD4nyAeq0fF",1],[4,4278190080],[5,210,70],[0,0,0.5],[-40,0,0,0,0,0,1,1,1,1]],[8,"light",140,14,[[2,0,-80,[26],27]],[0,"7cO3xG/UNNjr6zUHj3TGXh",1],[5,30,200],[0,0,0,0,0,-0.414693242656239,0.9099612708765432,1,1,1],[1,0,0,-49]],[3,"icon",4,[[1,-81,[30],31]],[0,"63wYvSFOFFGaxK9FooufgS",1],[5,34,43],[-146,0,0,0,0,0,1,1,1,1]],[9,"img",7,[[2,0,-82,[32],33]],[0,"dca1CO+sVF8Kddjn4w0INc",1],[5,46,46]],[10,"mask",7,[[2,0,-83,[34],35]],[0,"5943s7Ul1G6IyiorzsUEa2",1],[4,4278190080],[5,50,50]],[11,"text",4,[[14,24,24,false,1,2,-84,[37]]],[0,"02lw0n1d1DJbebfV8vR9sz",1],[4,4278190080],[5,210,70],[0,0,0.5],[-40,0,0,0,0,0,1,1,1,1]],[8,"light",140,15,[[2,0,-85,[40],41]],[0,"9eWVih8PdPKb5JPxZXLzkO",1],[5,30,200],[0,0,0,0,0,-0.414693242656239,0.9099612708765432,1,1,1],[1,0,0,-49]],[3,"icon",5,[[1,-86,[44],45]],[0,"d2uRuV4E1Bab4p4G1DvPgE",1],[5,34,43],[-146,0,0,0,0,0,1,1,1,1]],[9,"img",8,[[2,0,-87,[46],47]],[0,"c09CqtOc1MMKSYorbEDDIH",1],[5,46,46]],[10,"mask",8,[[2,0,-88,[48],49]],[0,"34eXSOro9C6YjNHocbn8FY",1],[4,4278190080],[5,50,50]],[11,"text",5,[[14,24,24,false,1,2,-89,[51]]],[0,"5aM5vlbIBAEYcQ6CkZ6EVF",1],[4,4278190080],[5,210,70],[0,0,0.5],[-40,0,0,0,0,0,1,1,1,1]],[3,"GoldText",2,[[29,"AE0",false,1,1,-90,[54],55]],[0,"e79Z5UkthBQLKpQJx1gFPe",1],[5,75.63,40],[0,-170,0,0,0,0,1,1,1,1]],[21,"text",11,[[30,"100",52,52,false,1,1,-91,[68],69]],[0,"365yUCQAdEO6GTFb1bg25q",1],[5,82.88,52],[0,1,0.5],[62,6,0,0,0,0,1,0.5,0.5,1]]],0,[0,4,1,0,0,1,0,0,1,0,0,1,0,-1,12,0,-2,19,0,-3,2,0,-4,10,0,-5,16,0,-6,17,0,-7,18,0,-8,11,0,0,2,0,-1,20,0,-2,21,0,-3,22,0,-4,23,0,-5,3,0,-6,4,0,-7,5,0,-8,39,0,-9,9,0,0,3,0,-1,13,0,-2,25,0,-3,6,0,-4,28,0,0,4,0,-1,14,0,-2,30,0,-3,7,0,-4,33,0,0,5,0,-1,15,0,-2,35,0,-3,8,0,-4,38,0,0,6,0,-1,26,0,-2,27,0,0,7,0,-1,31,0,-2,32,0,0,8,0,-1,36,0,-2,37,0,0,9,0,0,9,0,0,9,0,0,10,0,0,10,0,0,10,0,0,11,0,0,11,0,-1,40,0,0,12,0,0,12,0,0,13,0,-1,24,0,0,14,0,-1,29,0,0,15,0,-1,34,0,0,16,0,0,16,0,0,17,0,0,17,0,0,18,0,0,18,0,0,19,0,0,20,0,0,21,0,0,22,0,0,23,0,0,24,0,0,25,0,0,26,0,0,27,0,0,28,0,0,29,0,0,30,0,0,31,0,0,32,0,0,33,0,0,34,0,0,35,0,0,36,0,0,37,0,0,38,0,0,39,0,0,40,0,5,1,91],[0,0,0,0,0,0,0,0,0,0,0,0,0,0,0,0,0,0,0,0,0,0,0,0,0,0,0,0,0,0,0,0,0,0,0,0,0,0,0,0,0,0,0,0,0,0,0,0,0,0,0,0,0,0,0,0,0,0,0,0,0,0,0,0,0,0,0,0,0,0,0,0,0,0,0,0],[-1,1,-1,1,-1,1,-1,1,-1,1,-1,1,-1,1,-1,1,-1,1,-1,1,-1,1,-1,-1,-1,1,-1,1,-1,1,-1,1,-1,1,-1,1,-1,-1,-1,1,-1,1,-1,1,-1,1,-1,1,-1,1,-1,-1,-1,1,-1,3,-1,1,-1,1,-1,1,-1,1,-1,1,-1,1,-1,3,-1,1,-1,-2,-3,-4],[0,10,0,11,0,12,0,4,0,4,0,4,0,5,0,3,0,13,0,6,0,7,0,0,0,3,0,5,0,3,0,14,0,6,0,7,0,0,0,15,0,5,0,3,0,16,0,6,0,7,0,0,0,17,0,8,0,18,0,19,0,20,0,9,0,21,0,22,0,8,0,23,9,24,25,26]],[[{"name":"overbg14","rect":[680,1795,386,74],"offset":[0,0],"originalSize":[396,80],"capInsets":[0,0,0,0]}],[1],0,[0],[2],[1]],[[{"name":"overbg4","rect":[1060,1521,466,466],"offset":[0,0],"originalSize":[466,466],"capInsets":[0,0,0,0]}],[1],0,[0],[2],[2]],[[{"name":"overbg16","rect":[900,2008,34,43],"offset":[0,0],"originalSize":[34,43],"rotated":1,"capInsets":[0,0,0,0]}],[1],0,[0],[2],[2]]]]