[
  {
    "__type__": "cc.SpriteFrame",
    "content": {
      "name": "img_click_look",
      "texture": "96TOgI4/5MWaiXHdpEbhJq",
      "rect": [
        0,
        0,
        232,
        92
      ],
      "offset": [
        0,
        0
      ],
      "originalSize": [
        232,
        92
      ],
      "capInsets": [
        0,
        0,
        0,
        0
      ]
    }
  },
  {
    "__type__": "cc.SpriteFrame",
    "content": {
      "name": "img_close2",
      "texture": "757IMoHdVAQ43aAte2WXlE",
      "rect": [
        0,
        0,
        78,
        78
      ],
      "offset": [
        0,
        0
      ],
      "originalSize": [
        78,
        78
      ],
      "capInsets": [
        0,
        0,
        0,
        0
      ]
    }
  },
  {
    "__type__": "cc.SpriteFrame",
    "content": {
      "name": "native_insters_layerBg",
      "texture": "83YjLkSwhG96FPggBsRDIn",
      "rect": [
        0,
        0,
        100,
        100
      ],
      "offset": [
        0,
        0
      ],
      "originalSize": [
        100,
        100
      ],
      "capInsets": [
        0,
        0,
        0,
        0
      ]
    }
  },
  [
    {
      "__type__": "cc.Prefab",
      "_name": "nativeinterAD",
      "data": {
        "__id__": 1
      }
    },
    {
      "__type__": "cc.Node",
      "_name": "nativeinterAD",
      "_children": [
        {
          "__id__": 2
        },
        {
          "__id__": 3
        }
      ],
      "_level": 1,
      "_prefab": {
        "__type__": "cc.PrefabInfo",
        "root": {
          "__id__": 1
        },
        "asset": {
          "__uuid__": "c62HmXeItLv4+qVtyXkmXP"
        }
      },
      "_contentSize": {
        "__type__": "cc.Size",
        "width": 755,
        "height": 1334
      },
      "groupIndex": 1
    },
    {
      "__type__": "cc.Node",
      "_name": "layerBg",
      "_parent": {
        "__id__": 1
      },
      "_components": [
        {
          "__type__": "cc.Sprite",
          "node": {
            "__id__": 2
          },
          "_materials": [
            {
              "__uuid__": "ecpdLyjvZBwrvm+cedCcQy"
            }
          ],
          "_spriteFrame": {
            "__uuid__": "c1XHorWfZM57WBpgh2OulP"
          },
          "_sizeMode": 0
        },
        {
          "__type__": "cc.Widget",
          "node": {
            "__id__": 2
          },
          "_alignFlags": 45,
          "_left": -860,
          "_right": -860,
          "_top": -640,
          "_bottom": -640,
          "_originalWidth": 100,
          "_originalHeight": 100
        },
        {
          "__type__": "cc.Button",
          "node": {
            "__id__": 2
          }
        }
      ],
      "_prefab": {
        "__type__": "cc.PrefabInfo",
        "root": {
          "__id__": 1
        },
        "asset": {
          "__uuid__": "c62HmXeItLv4+qVtyXkmXP"
        },
        "fileId": "8d7gzGsFtIkY1w0qE3yomW"
      },
      "_opacity": 160,
      "_contentSize": {
        "__type__": "cc.Size",
        "width": 2475,
        "height": 2614
      }
    },
    {
      "__type__": "cc.Node",
      "_name": "sprite",
      "_parent": {
        "__id__": 1
      },
      "_children": [
        {
          "__id__": 4
        },
        {
          "__id__": 5
        },
        {
          "__id__": 6
        },
        {
          "__id__": 7
        },
        {
          "__id__": 8
        },
        {
          "__id__": 9
        },
        {
          "__id__": 10
        },
        {
          "__id__": 11
        },
        {
          "__id__": 12
        }
      ],
      "_components": [
        {
          "__type__": "cc.Widget",
          "node": {
            "__id__": 3
          },
          "_alignFlags": 18,
          "_left": 0.08327916666666667,
          "_top": 0.265625,
          "_bottom": 0.265625,
          "_isAbsLeft": false,
          "_isAbsTop": false,
          "_isAbsBottom": false,
          "_originalHeight": 600
        }
      ],
      "_prefab": {
        "__type__": "cc.PrefabInfo",
        "root": {
          "__id__": 1
        },
        "asset": {
          "__uuid__": "c62HmXeItLv4+qVtyXkmXP"
        },
        "fileId": "5aZwT/k2RJFbxHHNAuJk3U"
      },
      "_contentSize": {
        "__type__": "cc.Size",
        "width": 600,
        "height": 600
      }
    },
    {
      "__type__": "cc.Node",
      "_name": "bg",
      "_parent": {
        "__id__": 3
      },
      "_components": [
        {
          "__type__": "cc.Sprite",
          "node": {
            "__id__": 4
          },
          "_materials": [
            {
              "__uuid__": "ecpdLyjvZBwrvm+cedCcQy"
            }
          ],
          "_spriteFrame": {
            "__uuid__": "d2+UHahtFPP7Ti+IVOUlad"
          },
          "_type": 1,
          "_sizeMode": 0
        },
        {
          "__type__": "cc.Widget",
          "node": {
            "__id__": 4
          },
          "_alignFlags": 9,
          "_left": -29.999999999999993,
          "_top": 29.334000000000017
        }
      ],
      "_prefab": {
        "__type__": "cc.PrefabInfo",
        "root": {
          "__id__": 1
        },
        "asset": {
          "__uuid__": "c62HmXeItLv4+qVtyXkmXP"
        },
        "fileId": "4aKShF88FNRa8Zopqv1k9P"
      },
      "_contentSize": {
        "__type__": "cc.Size",
        "width": 660,
        "height": 450
      },
      "_position": {
        "__type__": "cc.Vec3",
        "y": 45.666
      }
    },
    {
      "__type__": "cc.Node",
      "_name": "touch",
      "_parent": {
        "__id__": 3
      },
      "_active": false,
      "_components": [
        {
          "__type__": "cc.Sprite",
          "node": {
            "__id__": 5
          },
          "_materials": [
            {
              "__uuid__": "ecpdLyjvZBwrvm+cedCcQy"
            }
          ],
          "_spriteFrame": {
            "__uuid__": "3dTuhsZINE3LgM1+Rcx0zq"
          },
          "_sizeMode": 0
        },
        {
          "__type__": "cc.Widget",
          "node": {
            "__id__": 5
          },
          "_alignFlags": 9,
          "_left": 190,
          "_right": 189.384,
          "_top": 508.659,
          "_bottom": 0.31662265625,
          "_isAbsBottom": false
        }
      ],
      "_prefab": {
        "__type__": "cc.PrefabInfo",
        "root": {
          "__id__": 1
        },
        "asset": {
          "__uuid__": "c62HmXeItLv4+qVtyXkmXP"
        },
        "fileId": "3fAlIv1PlNvq6cisDZJvnB"
      },
      "_contentSize": {
        "__type__": "cc.Size",
        "width": 220,
        "height": 80
      },
      "_position": {
        "__type__": "cc.Vec3",
        "y": -248.659
      }
    },
    {
      "__type__": "cc.Node",
      "_name": "SpotNativeAD",
      "_parent": {
        "__id__": 3
      },
      "_components": [
        {
          "__type__": "cc.Sprite",
          "node": {
            "__id__": 6
          },
          "_materials": [
            {
              "__uuid__": "ecpdLyjvZBwrvm+cedCcQy"
            }
          ],
          "_spriteFrame": {
            "__uuid__": "f8O/VuoGhEUpBFr9mlBcqm"
          }
        },
        {
          "__type__": "cc.Widget",
          "node": {
            "__id__": 6
          },
          "_alignFlags": 9,
          "_left": 572.558,
          "_right": 44.274,
          "_top": 445.611,
          "_bottom": 0.3849109375,
          "_isAbsBottom": false,
          "_originalWidth": 51
        }
      ],
      "_prefab": {
        "__type__": "cc.PrefabInfo",
        "root": {
          "__id__": 1
        },
        "asset": {
          "__uuid__": "c62HmXeItLv4+qVtyXkmXP"
        },
        "fileId": "62vTr47GZGbL4gasKzKnm6"
      },
      "_contentSize": {
        "__type__": "cc.Size",
        "width": 51,
        "height": 26
      },
      "_position": {
        "__type__": "cc.Vec3",
        "x": 298.058,
        "y": -158.611
      }
    },
    {
      "__type__": "cc.Node",
      "_name": "title",
      "_parent": {
        "__id__": 3
      },
      "_components": [
        {
          "__type__": "cc.Label",
          "node": {
            "__id__": 7
          },
          "_materials": [
            {
              "__uuid__": "ecpdLyjvZBwrvm+cedCcQy"
            }
          ],
          "_string": "标题标题标题标题标题标题标题标题标题",
          "_N$string": "标题标题标题标题标题标题标题标题标题",
          "_fontSize": 30,
          "_lineHeight": 30,
          "_N$horizontalAlign": 1,
          "_N$verticalAlign": 1
        },
        {
          "__type__": "cc.Widget",
          "node": {
            "__id__": 7
          },
          "_alignFlags": 9,
          "_left": 30,
          "_right": 299.452,
          "_top": 40.27799999999998
        }
      ],
      "_prefab": {
        "__type__": "cc.PrefabInfo",
        "root": {
          "__id__": 1
        },
        "asset": {
          "__uuid__": "c62HmXeItLv4+qVtyXkmXP"
        },
        "fileId": "221XY0rCBIrIGVKasfQati"
      },
      "_color": {
        "__type__": "cc.Color"
      },
      "_contentSize": {
        "__type__": "cc.Size",
        "width": 540,
        "height": 37.8
      },
      "_position": {
        "__type__": "cc.Vec3",
        "y": 240.82200000000003
      }
    },
    {
      "__type__": "cc.Node",
      "_name": "adimg",
      "_parent": {
        "__id__": 3
      },
      "_components": [
        {
          "__type__": "cc.Sprite",
          "node": {
            "__id__": 8
          },
          "_materials": [
            {
              "__uuid__": "ecpdLyjvZBwrvm+cedCcQy"
            }
          ],
          "_spriteFrame": {
            "__uuid__": "c1XHorWfZM57WBpgh2OulP"
          },
          "_sizeMode": 0
        },
        {
          "__type__": "cc.Widget",
          "node": {
            "__id__": 8
          },
          "_alignFlags": 9,
          "_left": -20,
          "_top": 78.202
        }
      ],
      "_prefab": {
        "__type__": "cc.PrefabInfo",
        "root": {
          "__id__": 1
        },
        "asset": {
          "__uuid__": "c62HmXeItLv4+qVtyXkmXP"
        },
        "fileId": "30VCEk0mVGAJxc34jeC8H9"
      },
      "_contentSize": {
        "__type__": "cc.Size",
        "width": 640,
        "height": 360
      },
      "_position": {
        "__type__": "cc.Vec3",
        "y": 41.798
      }
    },
    {
      "__type__": "cc.Node",
      "_name": "desc",
      "_parent": {
        "__id__": 3
      },
      "_components": [
        {
          "__type__": "cc.Label",
          "node": {
            "__id__": 9
          },
          "_materials": [
            {
              "__uuid__": "ecpdLyjvZBwrvm+cedCcQy"
            }
          ],
          "_string": "描述描述书描述描述书描述描述书",
          "_N$string": "描述描述书描述描述书描述描述书",
          "_fontSize": 30,
          "_lineHeight": 30,
          "_N$horizontalAlign": 1,
          "_N$verticalAlign": 1,
          "_N$overflow": 3
        },
        {
          "__type__": "cc.Widget",
          "node": {
            "__id__": 9
          },
          "_alignFlags": 9,
          "_left": 50,
          "_top": 438.1
        }
      ],
      "_prefab": {
        "__type__": "cc.PrefabInfo",
        "root": {
          "__id__": 1
        },
        "asset": {
          "__uuid__": "c62HmXeItLv4+qVtyXkmXP"
        },
        "fileId": "b2l1vrYj5NsrkjorwxQQpH"
      },
      "_color": {
        "__type__": "cc.Color"
      },
      "_contentSize": {
        "__type__": "cc.Size",
        "width": 500,
        "height": 37.8
      },
      "_position": {
        "__type__": "cc.Vec3",
        "y": -157.00000000000003
      }
    },
    {
      "__type__": "cc.Node",
      "_name": "btnlabel",
      "_parent": {
        "__id__": 3
      },
      "_active": false,
      "_components": [
        {
          "__type__": "cc.Label",
          "node": {
            "__id__": 10
          },
          "_materials": [
            {
              "__uuid__": "ecpdLyjvZBwrvm+cedCcQy"
            }
          ],
          "_string": "点击查看",
          "_N$string": "点击查看",
          "_fontSize": 35,
          "_lineHeight": 35,
          "_N$horizontalAlign": 1,
          "_N$verticalAlign": 1
        },
        {
          "__type__": "cc.LabelOutline",
          "node": {
            "__id__": 10
          },
          "_width": 1.5
        }
      ],
      "_prefab": {
        "__type__": "cc.PrefabInfo",
        "root": {
          "__id__": 1
        },
        "asset": {
          "__uuid__": "c62HmXeItLv4+qVtyXkmXP"
        },
        "fileId": "27WVSNfqJAB5cs3KKZXwl4"
      },
      "_color": {
        "__type__": "cc.Color",
        "r": 97,
        "g": 6,
        "b": 6
      },
      "_contentSize": {
        "__type__": "cc.Size",
        "width": 143,
        "height": 47.1
      },
      "_position": {
        "__type__": "cc.Vec3",
        "x": -0.4060000000000059,
        "y": -249.325
      }
    },
    {
      "__type__": "cc.Node",
      "_name": "closeimg",
      "_parent": {
        "__id__": 3
      },
      "_components": [
        {
          "__type__": "cc.Sprite",
          "node": {
            "__id__": 11
          },
          "_materials": [
            {
              "__uuid__": "ecpdLyjvZBwrvm+cedCcQy"
            }
          ],
          "_spriteFrame": {
            "__uuid__": "bfUK3sXX1IkIbWYO056bf+"
          },
          "_sizeMode": 0
        },
        {
          "__type__": "cc.Widget",
          "node": {
            "__id__": 11
          },
          "_alignFlags": 9,
          "_left": 576,
          "_right": 59.95500000000001,
          "_top": 39
        }
      ],
      "_prefab": {
        "__type__": "cc.PrefabInfo",
        "root": {
          "__id__": 1
        },
        "asset": {
          "__uuid__": "c62HmXeItLv4+qVtyXkmXP"
        },
        "fileId": "f1HoftQiVMpovaKtiocYsG"
      },
      "_opacity": 200,
      "_contentSize": {
        "__type__": "cc.Size",
        "width": 38,
        "height": 38
      },
      "_position": {
        "__type__": "cc.Vec3",
        "x": 295,
        "y": 242
      }
    },
    {
      "__type__": "cc.Node",
      "_name": "close",
      "_parent": {
        "__id__": 3
      },
      "_components": [
        {
          "__type__": "cc.Sprite",
          "node": {
            "__id__": 12
          },
          "_materials": [
            {
              "__uuid__": "ecpdLyjvZBwrvm+cedCcQy"
            }
          ],
          "_spriteFrame": {
            "__uuid__": "f7iBCccEJJsKk1/CuOBAbv"
          },
          "_sizeMode": 0
        },
        {
          "__type__": "cc.Widget",
          "node": {
            "__id__": 12
          },
          "_alignFlags": 9,
          "_left": 583.059,
          "_top": 43
        }
      ],
      "_prefab": {
        "__type__": "cc.PrefabInfo",
        "root": {
          "__id__": 1
        },
        "asset": {
          "__uuid__": "c62HmXeItLv4+qVtyXkmXP"
        },
        "fileId": "adh9T5aMtHxIIL0pKnuBsR"
      },
      "_contentSize": {
        "__type__": "cc.Size",
        "width": 30,
        "height": 30
      },
      "_position": {
        "__type__": "cc.Vec3",
        "x": 298.05899999999997,
        "y": 242
      }
    }
  ],
  {
    "__type__": "cc.SpriteFrame",
    "content": {
      "name": "img_banner_blank",
      "texture": "1cFLApuwxGwKf4SCssikWe",
      "rect": [
        0,
        0,
        94,
        94
      ],
      "offset": [
        0,
        0
      ],
      "originalSize": [
        94,
        94
      ],
      "capInsets": [
        27,
        26,
        26,
        31
      ]
    }
  },
  {
    "__type__": "cc.SpriteFrame",
    "content": {
      "name": "zz_black",
      "texture": "0eXPDZ7cFJs4d4I6ngXl8p",
      "rect": [
        49,
        49,
        1,
        1
      ],
      "offset": [
        24.5,
        -24.5
      ],
      "originalSize": [
        50,
        50
      ],
      "capInsets": [
        0,
        0,
        0,
        0
      ]
    }
  },
  {
    "__type__": "cc.SpriteFrame",
    "content": {
      "name": "bannerNativeAD",
      "texture": "51pV8xrghC3ZWcfXxiLz/Y",
      "rect": [
        0,
        0,
        51,
        26
      ],
      "offset": [
        0,
        0
      ],
      "originalSize": [
        51,
        26
      ],
      "capInsets": [
        0,
        0,
        0,
        0
      ]
    }
  }
]