[
  {
    "__type__": "cc.SpriteFrame",
    "content": {
      "name": "shine",
      "texture": "bber9idBlF9Idt0PLrzGlc",
      "rect": [
        2,
        1553,
        128,
        128
      ],
      "offset": [
        0,
        0
      ],
      "originalSize": [
        128,
        128
      ],
      "capInsets": [
        0,
        0,
        0,
        0
      ]
    }
  },
  {
    "__type__": "cc.SpriteFrame",
    "content": {
      "name": "assassinLeg1",
      "texture": "bber9idBlF9Idt0PLrzGlc",
      "rect": [
        48,
        1931,
        108,
        44
      ],
      "offset": [
        0,
        0
      ],
      "originalSize": [
        110,
        46
      ],
      "rotated": 1,
      "capInsets": [
        0,
        0,
        0,
        0
      ]
    }
  },
  {
    "__type__": "cc.SpriteFrame",
    "content": {
      "name": "assassin1",
      "texture": "bber9idBlF9Idt0PLrzGlc",
      "rect": [
        519,
        742,
        249,
        183
      ],
      "offset": [
        0,
        0
      ],
      "originalSize": [
        249,
        183
      ],
      "capInsets": [
        0,
        0,
        0,
        0
      ]
    }
  },
  [
    {
      "__type__": "cc.Prefab",
      "_name": "Player",
      "data": {
        "__id__": 1
      }
    },
    {
      "__type__": "cc.Node",
      "_name": "Player",
      "_children": [
        {
          "__id__": 2
        },
        {
          "__id__": 3
        }
      ],
      "_level": 1,
      "_components": [
        {
          "__type__": "a6cb9xquHxAaIDwOQ2u5TFh",
          "node": {
            "__id__": 1
          },
          "speed": 100
        }
      ],
      "_prefab": {
        "__type__": "cc.PrefabInfo",
        "root": {
          "__id__": 1
        },
        "asset": {
          "__uuid__": "80LHODegtLPIO8XfsWFovZ"
        },
        "fileId": "3e5HMCoTxGeoTSEctm6X3V"
      },
      "_contentSize": {
        "__type__": "cc.Size",
        "width": 72,
        "height": 72
      }
    },
    {
      "__type__": "cc.Node",
      "_name": "Shadow",
      "_parent": {
        "__id__": 1
      },
      "_level": 2,
      "_components": [
        {
          "__type__": "cc.Sprite",
          "node": {
            "__id__": 2
          },
          "_materials": [
            {
              "__uuid__": "ecpdLyjvZBwrvm+cedCcQy"
            }
          ],
          "_spriteFrame": {
            "__uuid__": "0eqO7kwxNH+rHj3HmiOGU0"
          },
          "_sizeMode": 2,
          "_isTrimmedMode": false
        }
      ],
      "_prefab": {
        "__type__": "cc.PrefabInfo",
        "root": {
          "__id__": 1
        },
        "asset": {
          "__uuid__": "80LHODegtLPIO8XfsWFovZ"
        },
        "fileId": "6e7TWcuHNBlLniIsaVBGUw"
      },
      "_opacity": 128,
      "_color": {
        "__type__": "cc.Color",
        "r": 255,
        "g": 253,
        "b": 253
      },
      "_contentSize": {
        "__type__": "cc.Size",
        "width": 128,
        "height": 128
      }
    },
    {
      "__type__": "cc.Node",
      "_name": "Model",
      "_parent": {
        "__id__": 1
      },
      "_children": [
        {
          "__id__": 4
        },
        {
          "__id__": 7
        }
      ],
      "_level": 2,
      "_components": [
        {
          "__type__": "cc.Animation",
          "node": {
            "__id__": 3
          },
          "_defaultClip": {
            "__uuid__": "faJmxWhzxAs5tMp31RQSft"
          },
          "_clips": [
            {
              "__uuid__": "faJmxWhzxAs5tMp31RQSft"
            },
            {
              "__uuid__": "03FQFpLzxNEYnk5ECepZCi"
            },
            {
              "__uuid__": "86JbwVgPlCYLPI0HxsPkDm"
            },
            {
              "__uuid__": "cb148RnKlGhr5JRu28JMHD"
            }
          ],
          "playOnLoad": true
        }
      ],
      "_prefab": {
        "__type__": "cc.PrefabInfo",
        "root": {
          "__id__": 1
        },
        "asset": {
          "__uuid__": "80LHODegtLPIO8XfsWFovZ"
        },
        "fileId": "f2xRcgzFNICpgDcmEshWNE"
      },
      "_contentSize": {
        "__type__": "cc.Size",
        "width": 289,
        "height": 224
      },
      "_scale": {
        "__type__": "cc.Vec3",
        "x": 0.45,
        "y": 0.45,
        "z": 1
      }
    },
    {
      "__type__": "cc.Node",
      "_name": "Legs",
      "_parent": {
        "__id__": 3
      },
      "_children": [
        {
          "__id__": 5
        },
        {
          "__id__": 6
        }
      ],
      "_level": 3,
      "_prefab": {
        "__type__": "cc.PrefabInfo",
        "root": {
          "__id__": 1
        },
        "asset": {
          "__uuid__": "80LHODegtLPIO8XfsWFovZ"
        },
        "fileId": "6fdmxs3VBMD5nG2tMjj1/c"
      },
      "_contentSize": {
        "__type__": "cc.Size",
        "width": 120,
        "height": 120
      },
      "_position": {
        "__type__": "cc.Vec3",
        "x": 34
      }
    },
    {
      "__type__": "cc.Node",
      "_name": "L",
      "_parent": {
        "__id__": 4
      },
      "_level": 3,
      "_components": [
        {
          "__type__": "cc.Sprite",
          "node": {
            "__id__": 5
          },
          "_materials": [
            {
              "__uuid__": "ecpdLyjvZBwrvm+cedCcQy"
            }
          ],
          "_spriteFrame": {
            "__uuid__": "4crRtg8KpNYa8UGnn3DmUj"
          },
          "_sizeMode": 2,
          "_isTrimmedMode": false
        }
      ],
      "_prefab": {
        "__type__": "cc.PrefabInfo",
        "root": {
          "__id__": 1
        },
        "asset": {
          "__uuid__": "80LHODegtLPIO8XfsWFovZ"
        },
        "fileId": "34R5oWkhxMzKuRPA7QiPKp"
      },
      "_contentSize": {
        "__type__": "cc.Size",
        "width": 122,
        "height": 64
      },
      "_anchorPoint": {
        "__type__": "cc.Vec2",
        "y": 0.5
      },
      "_position": {
        "__type__": "cc.Vec3",
        "x": -13,
        "y": 20
      },
      "_scale": {
        "__type__": "cc.Vec3",
        "y": 1,
        "z": 1
      }
    },
    {
      "__type__": "cc.Node",
      "_name": "R",
      "_parent": {
        "__id__": 4
      },
      "_level": 3,
      "_components": [
        {
          "__type__": "cc.Sprite",
          "node": {
            "__id__": 6
          },
          "_materials": [
            {
              "__uuid__": "ecpdLyjvZBwrvm+cedCcQy"
            }
          ],
          "_spriteFrame": {
            "__uuid__": "4crRtg8KpNYa8UGnn3DmUj"
          },
          "_sizeMode": 2,
          "_isTrimmedMode": false
        }
      ],
      "_prefab": {
        "__type__": "cc.PrefabInfo",
        "root": {
          "__id__": 1
        },
        "asset": {
          "__uuid__": "80LHODegtLPIO8XfsWFovZ"
        },
        "fileId": "42CMyzollHjJyE3Wu9ZlYk"
      },
      "_contentSize": {
        "__type__": "cc.Size",
        "width": 122,
        "height": 64
      },
      "_anchorPoint": {
        "__type__": "cc.Vec2",
        "y": 0.5
      },
      "_position": {
        "__type__": "cc.Vec3",
        "x": -43,
        "y": -20
      },
      "_scale": {
        "__type__": "cc.Vec3",
        "y": 1,
        "z": 1
      }
    },
    {
      "__type__": "cc.Node",
      "_name": "Body",
      "_parent": {
        "__id__": 3
      },
      "_level": 3,
      "_components": [
        {
          "__type__": "cc.Sprite",
          "node": {
            "__id__": 7
          },
          "_materials": [
            {
              "__uuid__": "ecpdLyjvZBwrvm+cedCcQy"
            }
          ],
          "_spriteFrame": {
            "__uuid__": "682vOvGa5ExpcRNJHH1iIX"
          },
          "_sizeMode": 2,
          "_isTrimmedMode": false
        }
      ],
      "_prefab": {
        "__type__": "cc.PrefabInfo",
        "root": {
          "__id__": 1
        },
        "asset": {
          "__uuid__": "80LHODegtLPIO8XfsWFovZ"
        },
        "fileId": "ecv6n2nGlA8LLj8AqbBU9x"
      },
      "_contentSize": {
        "__type__": "cc.Size",
        "width": 289,
        "height": 224
      },
      "_position": {
        "__type__": "cc.Vec3",
        "x": 34
      }
    }
  ]
]