[{"__type__":"cc.Prefab","_name":"fk8","data":{"__id__":1}},{"__type__":"cc.Node","_name":"fk8","_children":[{"__id__":2}],"_prefab":{"__type__":"cc.PrefabInfo","root":{"__id__":1}},"_trs":{"__type__":"TypedArray","ctor":"Float64Array","array":[0,0,0,0,0,0,1,1,1,1]}},{"__type__":"cc.Node","_name":"shu1","_parent":{"__id__":1},"_components":[{"__type__":"e97baXNkTtEN5txJxjMsMQL","node":{"__id__":2},"_materials":[{"__uuid__":"ecpdLyjvZBwrvm+cedCcQy"}],"_spriteFrame":{"__uuid__":"06SY06gdFOOIrD3dPBMo9q"}}],"_prefab":{"__type__":"cc.PrefabInfo","root":{"__id__":1},"fileId":"ba4I8gUXBGGKW3n4hnubZ8"},"_contentSize":{"__type__":"cc.Size","width":106,"height":140},"_trs":{"__type__":"TypedArray","ctor":"Float64Array","array":[0.491,41.577,0,0,0,0,1,1,1,1]}}]