{
  "__type__": "cc.JsonAsset",
  "_name": "skinInfo",
  "json": {
    "1": {
      "icon": "assassin1",
      "ability": {}
    },
    "2": {
      "icon": "assassin2",
      "ability": {
        "hp": 10
      }
    },
    "3": {
      "icon": "assassin3",
      "ability": {
        "speed": 10
      }
    },
    "4": {
      "icon": "assassin4",
      "ability": {
        "hp": 30
      }
    },
    "5": {
      "icon": "assassin5",
      "ability": {
        "speed": 20
      }
    },
    "6": {
      "icon": "assassin6",
      "ability": {
        "hp": 50
      }
    },
    "7": {
      "icon": "assassin7",
      "ability": {
        "speed": 30
      }
    },
    "8": {
      "icon": "assassin8",
      "ability": {
        "hp": 80
      }
    },
    "9": {
      "icon": "assassin9",
      "ability": {
        "speed": 40
      }
    },
    "10": {
      "icon": "assassin10",
      "ability": {
        "hp": 100
      }
    }
  }
}