[{"__type__":"cc.Prefab","_name":"daoju","data":{"__id__":1}},{"__type__":"cc.Node","_name":"daoju","_children":[{"__id__":2}],"_prefab":{"__type__":"cc.PrefabInfo","root":{"__id__":1}},"_contentSize":{"__type__":"cc.Size","width":70,"height":70},"_trs":{"__type__":"TypedArray","ctor":"Float64Array","array":[-118,168,0,0,0,0,1,1,1,1]}},{"__type__":"cc.Node","_name":"daoju","_parent":{"__id__":1},"_components":[{"__type__":"e5296PHi0NFCIo2EFCDm+CX","node":{"__id__":2},"_materials":[{"__uuid__":"ecpdLyjvZBwrvm+cedCcQy"}],"_armatureName":"破坏大剑","_animationName":"newAnimation","_preCacheMode":0,"premultipliedAlpha":true,"_armatureKey":"20670c2c-732d-4907-8720-db9b8e881a11#45c00015-13d2-4839-8759-88050e1a46f2","_N$dragonAsset":{"__uuid__":"20Zwwscy1JB4cg25uOiBoR"},"_N$dragonAtlasAsset":{"__uuid__":"45wAAVE9JIOYdZiAUOGkby"}}],"_prefab":{"__type__":"cc.PrefabInfo","root":{"__id__":1},"fileId":"501gbRWWFJBZ8cOBpDFmLT"},"_contentSize":{"__type__":"cc.Size","width":26,"height":161},"_anchorPoint":{"__type__":"cc.Vec2","x":0.6,"y":0.8},"_trs":{"__type__":"TypedArray","ctor":"Float64Array","array":[0,10.309,0,0,0,0,1,1,1,1]}}]