{"res/atlas/ads.atlas":["ads/",["ad_bg.png","ad_close.png","ad_tag_bg.png","ad_title_bg.png","ads_arrow.png","ads_bg.png","ads_btn.png","ads_icon.png","ads_kuang.png","ads_red.png","ads_red1.png","ads_singleColor.png","ads_singleColor1.png","ads_title.png","baiwan_game.png","baiwan_gantang.png","lobby_btn_blue.png"]],"res/atlas/loading.atlas":["loading/",["login_bar.png","login_bar_icon.png"]],"res/atlas/number/fnt_paihang.atlas":["number/fnt_paihang/",["0.png","1.png","2.png","3.png","4.png","5.png","6.png","7.png","8.png","9.png"]],"res/atlas/number.atlas":["number/",["number_1.png","number_2.png","number_4.png","number_5.png"]],"res/atlas/tex/avt.atlas":["tex/avt/",["1.jpg","10.jpg","11.jpg","12.jpg","13.jpg","14.jpg","15.jpg","16.jpg","17.jpg","18.jpg","19.jpg","2.jpg","20.jpg","3.jpg","4.jpg","5.jpg","6.jpg","7.jpg","8.jpg","9.jpg"]],"res/atlas/tex/effect_light.atlas":["tex/effect_light/",["light2_1.png","light2_2.png","light2_3.png","light2_4.png","light2_5.png","light2_6.png","light2_7.png","light2_8.png"]],"res/atlas/tex/gold.atlas":["tex/gold/",["gold0000.png","gold0001.png","gold0002.png","gold0003.png","gold0004.png","gold0005.png"]],"res/atlas/tex/pure.atlas":["tex/pure/",["lobby_btn_blue.png","lobby_buttom_light_green.png","lobby_buttom_light_purple.png","lobby_buttom_light_yellow.png","shop.png","sign.png","sound-off.png","sound-on.png","toast.png"]],"res/atlas/tex/snake.atlas":["tex/snake/",["skin_bfx1.png","skin_bfx2.png","skin_bfx3.png","skin_bfx4.png","skin_cb1.png","skin_cb2.png","skin_cb3.png","skin_cb4.png","skin_cc1.png","skin_cc2.png","skin_cc3.png","skin_cc4.png","skin_cg1.png","skin_cg2.png","skin_cg3.png","skin_cg4.png","skin_cq1.png","skin_cq2.png","skin_dc1.png","skin_dc2.png","skin_dc3.png","skin_dc4.png","skin_dj1.png","skin_dj2.png","skin_dj3.png","skin_dj4.png","skin_djx1.png","skin_djx2.png","skin_djx3.png","skin_djx4.png","skin_ds1.png","skin_ds2.png","skin_ds3.png","skin_ds4.png","skin_dx1.png","skin_dx2.png","skin_dx3.png","skin_dx4.png","skin_fw1.png","skin_fw2.png","skin_fw3.png","skin_fw4.png","skin_glt1.png","skin_glt2.png","skin_gtx1.png","skin_gtx2.png","skin_gtx3.png","skin_gtx4.png","skin_hc1.png","skin_hc2.png","skin_hc3.png","skin_hc4.png","skin_hj1.png","skin_hj2.png","skin_hm1.png","skin_hm2.png","skin_hm3.png","skin_hm4.png","skin_jm1.png","skin_jm2.png","skin_jqdz1.png","skin_jqdz2.png","skin_ljr1.png","skin_ljr2.png","skin_ls1.png","skin_ls2.png","skin_ls3.png","skin_ls4.png","skin_ly1.png","skin_ly2.png","skin_ly3.png","skin_ly4.png","skin_mb1.png","skin_mb2.png","skin_mbc1.png","skin_mbc2.png","skin_mbc3.png","skin_mbc4.png","skin_mf1.png","skin_mf2.png","skin_mf3.png","skin_mf4.png","skin_mgdz1.png","skin_mgdz2.png","skin_mgdz3.png","skin_mgdz4.png","skin_pkq1.png","skin_pkq2.png","skin_pkq3.png","skin_pkq4.png","skin_sg1.png","skin_sg2.png","skin_sg3.png","skin_sg4.png","skin_shadow.png","skin_sj1.png","skin_sj2.png","skin_sj3.png","skin_sj4.png","skin_sz1.png","skin_sz2.png","skin_sz3.png","skin_sz4.png","skin_unknown.png","skin_wj1.png","skin_wj2.png","skin_wj3.png","skin_wj4.png","skin_xy1.png","skin_xy2.png","skin_ys1.png","skin_ys2.png","skin_ys3.png","skin_ys4.png","skin_yy1.png","skin_yy2.png","skin_yy3.png","skin_yy4.png","skin_zgl1.png","skin_zgl2.png","skin_zgl3.png","skin_zgl4.png"]],"res/atlas/tex/up.atlas":["tex/up/",["gamestart_effect1.png","gamestart_effect2.png","gamestart_effect3.png","gamestart_effect4.png","gamestart_effect5.png","gamestart_effect6.png"]],"res/atlas/tex.atlas":["tex/",["BiaoTi-ReMenTuiJian.png","FanHuiZhuYe.png","JiXuYouXi.png","Locked.png","addcoins.png","bgbgbg.png","blar_blue.png","btn_setting_open.png","common_icon_diamond.png","common_icon_gold.png","common_player_snake.png","common_shine.png","continuecontinue.png","effect_lobby_shine1.png","effect_lobby_shine2.png","effect_lobby_shine3.png","effect_lobby_shine4.png","effect_lobby_shine5.png","effect_lobby_shine6.png","effect_round.png","ending_biaoti.png","ending_btn_fnt_back.png","ending_btn_fnt_goon.png","ending_icon_kuang.png","ending_icon_kuang2.png","ending_icon_kuang3.png","fnt_lobby_cc.png","fnt_lobby_cc2.png","fnt_lobby_cd.png","fnt_lobby_djsc.png","fnt_lobby_djsc_arrow.png","fnt_lobby_lx.png","fnt_lobby_nl.png","fnt_lobby_snakecd.png","fnt_lobby_yd.png","fnt_windows_biaoti_bjpm.png","fnt_windows_biaoti_denglu.png","fnt_windows_biaoti_double.png","fnt_windows_biaoti_doublefood.png","fnt_windows_biaoti_duiju.png","fnt_windows_biaoti_jbbz.png","fnt_windows_biaoti_kjcdzj.png","fnt_windows_biaoti_offlinegold.png","fnt_windows_biaoti_pf.png","fnt_windows_biaoti_pftry.png","fnt_windows_biaoti_pfunlock.png","fnt_windows_biaoti_receive.png","fnt_windows_biaoti_score.png","fnt_windows_biaoti_setting.png","fnt_windows_biaoti_shop.png","fnt_windows_biaoti_zsbz.png","fnt_windows_btn_close.png","fnt_windows_btn_close2.png","fnt_windows_btn_double.png","fnt_windows_btn_get.png","fnt_windows_btn_know.png","fnt_windows_btn_lingqu.png","fnt_windows_btn_nothx.png","fnt_windows_btn_quxiao.png","fnt_windows_btn_reback.png","fnt_windows_btn_three.png","fnt_windows_btn_tiaoguo.png","fnt_windows_btn_trynow.png","fnt_windows_btn_upgrade.png","fnt_windows_btn_weilingqu.png","fnt_windows_btn_xy.png","fnt_windows_btn_zclq.png","fnt_windows_fnt_lingqu.png","fnt_windows_pf_cd.png","fnt_windows_pf_nn.png","fnt_windows_rank_asset.png","fnt_windows_rank_big.png","fnt_windows_rank_coins.png","fnt_windows_rank_rank.png","fnt_windows_rank_user.png","fnt_windows_small_bjpm.png","fnt_windows_small_chsc.png","fnt_windows_small_daojishi.png","fnt_windows_small_daojishi2.png","fnt_windows_small_ditian.png","fnt_windows_small_hd.png","fnt_windows_small_hyzzw.png","fnt_windows_small_xmds.png","fnt_windows_small_yijiuxu.png","fnt_windows_small_yinxiao.png","fnt_windows_small_yinyue.png","fnt_windows_small_zhendong.png","fnt_windows_xjl.png","friends_fnt_wait.png","friends_fnt_yqhy.png","fuhuo_bar_1.png","fuhuo_bar_2.png","fuhuo_bar_3.png","fuhuo_dian.png","fuhuo_fnt_1.png","fuhuo_fnt_2.png","fuhuo_fnt_cnxh.png","fuhuo_round.png","fuhuo_round2.png","gamein_buttom_jsdjs.png","gamein_buttom_qiejiao.png","gamein_buttom_rank_1.png","gamein_buttom_rank_2.png","gamein_buttom_rank_3.png","gamein_buttom_rank_4.png","gamein_fnt_bjjs.png","gamein_fnt_js.png","gamein_fnt_jsdjs.png","gamein_huangguan.png","gamein_huangguan1.png","gamein_huangguan2.png","gamein_huangguan_jiantou.png","homehome.png","icon_up.png","jc1.png","lobby_bar_1.png","lobby_bar_gold.png","lobby_btn_close.png","lobby_btn_fnt_freeup.png","lobby_btn_moregame.png","lobby_btn_start.png","lobby_btn_yellow.png","lobby_btn_yellow_windows.png","lobby_btn_zhankai.png","lobby_btn_zhankai2.png","lobby_buttom_black.png","lobby_buttom_black2.png","lobby_buttom_black_qiandao.png","lobby_buttom_level.png","lobby_buttom_snake.png","lobby_hecheng_kuang.png","lobby_icon_bbs.png","lobby_icon_chanchu.png","lobby_icon_changdu.png","lobby_icon_choujiang.png","lobby_icon_feedback.png","lobby_icon_kuang.png","lobby_icon_nengliang.png","lobby_icon_qiandao.png","lobby_icon_rank.png","lobby_icon_setting.png","lobby_icon_share.png","lobby_icon_snake.png","lobby_qipao.png","newfish.png","newfish_hand.png","newfish_kuang.png","newfish_light.png","pifu_unknow.png","progress_lobby_bar_3$bar.png","progress_lobby_bar_3.png","qiqiu.png","qiqiu_fnt.png","windows_ads_mask.png","windows_btn_rank.png","windows_btn_rank2.png","windows_buttom_1.png","windows_buttom_2.png","windows_buttom_4.png","windows_buttom_6.png","windows_buttom_7.png","windows_buttom_8.png","windows_buttom_denglu.png","windows_buttom_pf2.png","windows_fnt_haikelingqu.png","windows_huawen.png","windows_icon_changdu.png","windows_icon_doublefood.png","windows_icon_gou.png","windows_icon_gouquan.png","windows_icon_kill.png","windows_icon_lock.png","windows_icon_offlinegold.png","windows_icon_offlinezuanshi.png","windows_icon_play.png","windows_icon_rank1.png","windows_icon_rank2.png","windows_icon_rank3.png","windows_icon_rank4.png","windows_icon_rank5.png","windows_icon_skin_cd.png","windows_icon_skin_nn.png","windows_icon_time.png","windows_lixian_shouyi.png","windows_sanjiao.png","zhuanpan_bingo.png","zhuanpan_btn.png","zhuanpan_buttom.png","zhuanpan_fnt.png","zhuanpan_fnt2.png","zhuanpan_fnt3.png","zhuanpan_fnt4.png","zhuanpan_fnt5.png","zhuanpan_light.png","zhuanpan_quan.png","zhuanpan_zhong.png"]]}