{
    "deviceOrientation": "portrait",
    "openDataContext": "sub/",
    "showStatusBar": false,
    "networkTimeout": {
        "request": 10000,
        "connectSocket": 10000,
        "uploadFile": 10000,
        "downloadFile": 10000
    },
    "navigateToMiniProgramAppIdList": [
        "wx638732461656d042",
        "wxe70e56ff32528e6b",
        "wx5967698e20e3ccd5",
        "wxf40cf1af55fd7dc7",
        "wx441166782b75f245",
        "wx73b774af2b7e43d0",
        "wx71156a49536c176e",
        "wx54a500095eba26d9",
        "wx97ce1f849ac4b1f1",
        "wx130df841e96138d0"
    ],
    "__warning__": "无效的 game.json [\"navigateToMiniProgramAppIdList\"]",
    "subPackages": [
        {
            "name": "sound",
            "root": "/sound/"
        },
        {
            "name": "tex",
            "root": "/res/atlas/tex/"
        }
    ]
}