{"__type__":"cc.AnimationClip","_name":"yan1","_duration":0.6666666666666666,"sample":15,"wrapMode":0,"curveData":{"comps":{"cc.Sprite":{"spriteFrame":[{"frame":0,"value":{"__uuid__":"b4ZNiFc8RPsIcCAGdobkbQ"}},{"frame":0.06666666666666667,"value":{"__uuid__":"c7MVpsGu1LIqQwe+8nlIAj"}},{"frame":0.13333333333333333,"value":{"__uuid__":"44wspAgElKWICPQtVVQcSS"}},{"frame":0.2,"value":{"__uuid__":"87c9WETXlDsIzhP/GpgB62"}},{"frame":0.26666666666666666,"value":{"__uuid__":"23n0SrqUpJHLMd55b8FEp4"}},{"frame":0.3333333333333333,"value":{"__uuid__":"8bsFFA6QdHw5FucSBKFE/x"}},{"frame":0.4,"value":{"__uuid__":"5bGW606jlG/a31MjVByDzf"}},{"frame":0.4666666666666667,"value":{"__uuid__":"f5rxnUn9FNVoEWWQqmzw4J"}},{"frame":0.5333333333333333,"value":{"__uuid__":"9f7fRwROdEmZPMNgIuA/UP"}},{"frame":0.6,"value":{"__uuid__":"30O0dZHR1AboIl5EFQi3/N"}}]}}}}