[
  {
    "__type__": "cc.SpriteFrame",
    "content": {
      "name": "default_btn_disabled",
      "texture": "71VhFCTINJM6/Ky3oX9nBT",
      "rect": [
        0,
        0,
        40,
        40
      ],
      "offset": [
        0,
        0
      ],
      "originalSize": [
        40,
        40
      ],
      "capInsets": [
        12,
        12,
        12,
        12
      ]
    }
  },
  [
    {
      "__type__": "cc.Prefab",
      "_name": "Root",
      "data": {
        "__id__": 1
      }
    },
    {
      "__type__": "cc.Node",
      "_name": "Root",
      "_children": [
        {
          "__id__": 2
        }
      ],
      "_level": 1,
      "_components": [
        {
          "__type__": "1be29JEbA5NzqPWywBGmIJp",
          "node": {
            "__id__": 1
          }
        }
      ],
      "_prefab": {
        "__type__": "cc.PrefabInfo",
        "root": {
          "__id__": 1
        },
        "asset": {
          "__id__": 0
        },
        "fileId": "b28WAGPBJInawTpYb6Jm4t"
      },
      "_position": {
        "__type__": "cc.Vec3",
        "x": 380,
        "y": 640
      },
      "groupIndex": 1
    },
    {
      "__type__": "cc.Node",
      "_name": "yinsi",
      "_parent": {
        "__id__": 1
      },
      "_children": [
        {
          "__id__": 3
        },
        {
          "__id__": 4
        },
        {
          "__id__": 36
        }
      ],
      "_level": 2,
      "_components": [
        {
          "__type__": "bb3c9Pd475BApN+cKRN6S5+",
          "node": {
            "__id__": 2
          },
          "bgg": {
            "__id__": 4
          },
          "mianPage": {
            "__id__": 5
          },
          "yinsiPage": {
            "__id__": 18
          },
          "xieyiPage": {
            "__id__": 27
          },
          "notAgree": {
            "__id__": 15
          }
        }
      ],
      "_prefab": {
        "__type__": "cc.PrefabInfo",
        "root": {
          "__id__": 1
        },
        "asset": {
          "__id__": 0
        },
        "fileId": "c3hyMjThZFjJbRap6488mq"
      }
    },
    {
      "__type__": "cc.Node",
      "_name": "map_new",
      "_parent": {
        "__id__": 2
      },
      "_level": 2,
      "_components": [
        {
          "__type__": "cc.Sprite",
          "node": {
            "__id__": 3
          },
          "_materials": [
            {
              "__uuid__": "ecpdLyjvZBwrvm+cedCcQy"
            }
          ],
          "_spriteFrame": {
            "__uuid__": "81eYhrnqlEo7++3US4irOQ"
          },
          "_sizeMode": 0
        }
      ],
      "_prefab": {
        "__type__": "cc.PrefabInfo",
        "root": {
          "__id__": 1
        },
        "asset": {
          "__id__": 0
        },
        "fileId": "030cx+VAlAvpUb0JOJ2UUT"
      },
      "_contentSize": {
        "__type__": "cc.Size",
        "width": 850,
        "height": 1680
      },
      "_position": {
        "__type__": "cc.Vec3",
        "x": -8.112,
        "y": 64.894
      }
    },
    {
      "__type__": "cc.Node",
      "_name": "bggg",
      "_parent": {
        "__id__": 2
      },
      "_children": [
        {
          "__id__": 5
        },
        {
          "__id__": 18
        },
        {
          "__id__": 27
        }
      ],
      "_level": 3,
      "_components": [
        {
          "__type__": "cc.Sprite",
          "node": {
            "__id__": 4
          },
          "_materials": [
            {
              "__uuid__": "ecpdLyjvZBwrvm+cedCcQy"
            }
          ],
          "_spriteFrame": {
            "__uuid__": "efIlJTyi5AiJmIBA2fVtDn"
          },
          "_type": 1,
          "_sizeMode": 0
        }
      ],
      "_prefab": {
        "__type__": "cc.PrefabInfo",
        "root": {
          "__id__": 1
        },
        "asset": {
          "__id__": 0
        },
        "fileId": "acu4OsA5xHlJsQsRCdX3n/"
      },
      "_contentSize": {
        "__type__": "cc.Size",
        "width": 600,
        "height": 900
      },
      "_position": {
        "__type__": "cc.Vec3",
        "y": 82.024
      }
    },
    {
      "__type__": "cc.Node",
      "_name": "pagemain",
      "_objFlags": 512,
      "_parent": {
        "__id__": 4
      },
      "_children": [
        {
          "__id__": 6
        },
        {
          "__id__": 7
        },
        {
          "__id__": 8
        },
        {
          "__id__": 9
        },
        {
          "__id__": 10
        },
        {
          "__id__": 11
        },
        {
          "__id__": 12
        },
        {
          "__id__": 15
        }
      ],
      "_level": 2,
      "_prefab": {
        "__type__": "cc.PrefabInfo",
        "root": {
          "__id__": 1
        },
        "asset": {
          "__id__": 0
        },
        "fileId": "7dSvW9LL1LpLV9YEMvwaCu"
      },
      "_position": {
        "__type__": "cc.Vec3",
        "y": -100
      }
    },
    {
      "__type__": "cc.Node",
      "_name": "New Label",
      "_parent": {
        "__id__": 5
      },
      "_level": 3,
      "_components": [
        {
          "__type__": "cc.Label",
          "node": {
            "__id__": 6
          },
          "_materials": [
            {
              "__uuid__": "ecpdLyjvZBwrvm+cedCcQy"
            }
          ],
          "_useOriginalSize": false,
          "_string": "      厦门螺丝批科技有限公司（以下简称“本公司”）感谢您对本公司游戏的支持，我们非常重视您的个人信息和隐私保护。在体验我们的游戏前请仔细阅读我们的完整版本：",
          "_N$string": "      厦门螺丝批科技有限公司（以下简称“本公司”）感谢您对本公司游戏的支持，我们非常重视您的个人信息和隐私保护。在体验我们的游戏前请仔细阅读我们的完整版本：",
          "_fontSize": 25,
          "_lineHeight": 25,
          "_N$verticalAlign": 1,
          "_N$overflow": 3
        }
      ],
      "_prefab": {
        "__type__": "cc.PrefabInfo",
        "root": {
          "__id__": 1
        },
        "asset": {
          "__id__": 0
        },
        "fileId": "6eKwc4wepGcpppdRqgTQRY"
      },
      "_color": {
        "__type__": "cc.Color"
      },
      "_contentSize": {
        "__type__": "cc.Size",
        "width": 500,
        "height": 106.5
      },
      "_position": {
        "__type__": "cc.Vec3",
        "x": 2.842,
        "y": 375.076
      }
    },
    {
      "__type__": "cc.Node",
      "_name": "New Label",
      "_parent": {
        "__id__": 5
      },
      "_level": 3,
      "_components": [
        {
          "__type__": "cc.Label",
          "node": {
            "__id__": 7
          },
          "_materials": [
            {
              "__uuid__": "ecpdLyjvZBwrvm+cedCcQy"
            }
          ],
          "_useOriginalSize": false,
          "_string": "《隐私政策》",
          "_N$string": "《隐私政策》",
          "_fontSize": 25,
          "_lineHeight": 25,
          "_N$verticalAlign": 1,
          "_N$overflow": 3
        },
        {
          "__type__": "cc.Button",
          "node": {
            "__id__": 7
          },
          "clickEvents": [
            {
              "__type__": "cc.ClickEvent",
              "target": {
                "__id__": 2
              },
              "_componentId": "bb3c9Pd475BApN+cKRN6S5+",
              "handler": "showYinsi"
            }
          ]
        }
      ],
      "_prefab": {
        "__type__": "cc.PrefabInfo",
        "root": {
          "__id__": 1
        },
        "asset": {
          "__id__": 0
        },
        "fileId": "d1STTepeNBgZJH/YZnCXZh"
      },
      "_color": {
        "__type__": "cc.Color",
        "g": 111,
        "b": 252
      },
      "_contentSize": {
        "__type__": "cc.Size",
        "width": 150,
        "height": 31.5
      },
      "_position": {
        "__type__": "cc.Vec3",
        "x": -112.287,
        "y": 289.215
      }
    },
    {
      "__type__": "cc.Node",
      "_name": "New Label",
      "_parent": {
        "__id__": 5
      },
      "_level": 3,
      "_components": [
        {
          "__type__": "cc.Label",
          "node": {
            "__id__": 8
          },
          "_materials": [
            {
              "__uuid__": "ecpdLyjvZBwrvm+cedCcQy"
            }
          ],
          "_useOriginalSize": false,
          "_string": "《服务协议》",
          "_N$string": "《服务协议》",
          "_fontSize": 25,
          "_lineHeight": 25,
          "_N$verticalAlign": 1,
          "_N$overflow": 3
        },
        {
          "__type__": "cc.Button",
          "node": {
            "__id__": 8
          },
          "clickEvents": [
            {
              "__type__": "cc.ClickEvent",
              "target": {
                "__id__": 2
              },
              "_componentId": "bb3c9Pd475BApN+cKRN6S5+",
              "handler": "showXieyi"
            }
          ]
        }
      ],
      "_prefab": {
        "__type__": "cc.PrefabInfo",
        "root": {
          "__id__": 1
        },
        "asset": {
          "__id__": 0
        },
        "fileId": "69I/Zu/eJHQI7cfywouAHK"
      },
      "_color": {
        "__type__": "cc.Color",
        "g": 111,
        "b": 252
      },
      "_contentSize": {
        "__type__": "cc.Size",
        "width": 150,
        "height": 31.5
      },
      "_position": {
        "__type__": "cc.Vec3",
        "x": 89.662,
        "y": 287.49
      }
    },
    {
      "__type__": "cc.Node",
      "_name": "New Label",
      "_parent": {
        "__id__": 5
      },
      "_level": 3,
      "_components": [
        {
          "__type__": "cc.Label",
          "node": {
            "__id__": 9
          },
          "_materials": [
            {
              "__uuid__": "ecpdLyjvZBwrvm+cedCcQy"
            }
          ],
          "_useOriginalSize": false,
          "_string": "    1.为了您有良好的游戏体验，我们会基于具体的场景收集您的个人信息。",
          "_N$string": "    1.为了您有良好的游戏体验，我们会基于具体的场景收集您的个人信息。",
          "_fontSize": 25,
          "_lineHeight": 25,
          "_N$verticalAlign": 1,
          "_N$overflow": 3
        }
      ],
      "_prefab": {
        "__type__": "cc.PrefabInfo",
        "root": {
          "__id__": 1
        },
        "asset": {
          "__id__": 0
        },
        "fileId": "98GyjqaxFP6LDVsbypsKRV"
      },
      "_color": {
        "__type__": "cc.Color"
      },
      "_contentSize": {
        "__type__": "cc.Size",
        "width": 500,
        "height": 56.49999999999999
      },
      "_position": {
        "__type__": "cc.Vec3",
        "x": 2.842,
        "y": 218.891
      }
    },
    {
      "__type__": "cc.Node",
      "_name": "New Label",
      "_parent": {
        "__id__": 5
      },
      "_level": 3,
      "_components": [
        {
          "__type__": "cc.Label",
          "node": {
            "__id__": 10
          },
          "_materials": [
            {
              "__uuid__": "ecpdLyjvZBwrvm+cedCcQy"
            }
          ],
          "_useOriginalSize": false,
          "_string": "    2.我们会基于先进的技术和管理措施保证您的个人信息的安全。",
          "_N$string": "    2.我们会基于先进的技术和管理措施保证您的个人信息的安全。",
          "_fontSize": 25,
          "_lineHeight": 25,
          "_N$verticalAlign": 1,
          "_N$overflow": 3
        }
      ],
      "_prefab": {
        "__type__": "cc.PrefabInfo",
        "root": {
          "__id__": 1
        },
        "asset": {
          "__id__": 0
        },
        "fileId": "8doyH0DR5DL4tFJAcocXsM"
      },
      "_color": {
        "__type__": "cc.Color"
      },
      "_contentSize": {
        "__type__": "cc.Size",
        "width": 500,
        "height": 56.49999999999999
      },
      "_position": {
        "__type__": "cc.Vec3",
        "x": 5.248,
        "y": 146.707
      }
    },
    {
      "__type__": "cc.Node",
      "_name": "New Label",
      "_parent": {
        "__id__": 5
      },
      "_level": 3,
      "_components": [
        {
          "__type__": "cc.Label",
          "node": {
            "__id__": 11
          },
          "_materials": [
            {
              "__uuid__": "ecpdLyjvZBwrvm+cedCcQy"
            }
          ],
          "_useOriginalSize": false,
          "_string": "    3.基于您的授权，我们会手机以下权限：设备信息：确定设备信息，保证您账号登陆的安全性。读写外置储存器：以便保存玩家的游戏数据并存储。我们还需要获取您的位置信息，以便向您提供更有用的相关内容。如不同意授权，以上服务有可能无法正常使用",
          "_N$string": "    3.基于您的授权，我们会手机以下权限：设备信息：确定设备信息，保证您账号登陆的安全性。读写外置储存器：以便保存玩家的游戏数据并存储。我们还需要获取您的位置信息，以便向您提供更有用的相关内容。如不同意授权，以上服务有可能无法正常使用",
          "_fontSize": 25,
          "_lineHeight": 25,
          "_N$verticalAlign": 1,
          "_N$overflow": 3
        }
      ],
      "_prefab": {
        "__type__": "cc.PrefabInfo",
        "root": {
          "__id__": 1
        },
        "asset": {
          "__id__": 0
        },
        "fileId": "85kn1gvmNAT7WKT4+fY83f"
      },
      "_color": {
        "__type__": "cc.Color"
      },
      "_contentSize": {
        "__type__": "cc.Size",
        "width": 500,
        "height": 156.5
      },
      "_position": {
        "__type__": "cc.Vec3",
        "x": 5.248,
        "y": 23.584
      }
    },
    {
      "__type__": "cc.Node",
      "_name": "agree",
      "_parent": {
        "__id__": 5
      },
      "_children": [
        {
          "__id__": 13
        }
      ],
      "_level": 3,
      "_components": [
        {
          "__type__": "cc.Button",
          "node": {
            "__id__": 12
          },
          "clickEvents": [
            {
              "__type__": "cc.ClickEvent",
              "target": {
                "__id__": 2
              },
              "_componentId": "bb3c9Pd475BApN+cKRN6S5+",
              "handler": "agreeClick"
            }
          ],
          "_N$transition": 1,
          "transition": 1,
          "_N$normalColor": {
            "__type__": "cc.Color",
            "r": 230,
            "g": 230,
            "b": 230
          },
          "_N$pressedColor": {
            "__type__": "cc.Color",
            "r": 200,
            "g": 200,
            "b": 200
          },
          "pressedColor": {
            "__type__": "cc.Color",
            "r": 200,
            "g": 200,
            "b": 200
          },
          "_N$disabledColor": {
            "__type__": "cc.Color",
            "r": 120,
            "g": 120,
            "b": 120,
            "a": 200
          },
          "_N$normalSprite": {
            "__uuid__": "b5/ZbydA1B5a04Bb/vAEf2"
          },
          "_N$pressedSprite": {
            "__uuid__": "e97GVMl6JHh5Ml5qEDdSGa"
          },
          "pressedSprite": {
            "__uuid__": "e97GVMl6JHh5Ml5qEDdSGa"
          },
          "_N$hoverSprite": {
            "__uuid__": "f0BIwQ8D5Ml7nTNQbh1YlS"
          },
          "hoverSprite": {
            "__uuid__": "f0BIwQ8D5Ml7nTNQbh1YlS"
          },
          "_N$disabledSprite": {
            "__uuid__": "29FYIk+N1GYaeWH/q1NxQO"
          },
          "_N$target": {
            "__id__": 13
          }
        }
      ],
      "_prefab": {
        "__type__": "cc.PrefabInfo",
        "root": {
          "__id__": 1
        },
        "asset": {
          "__id__": 0
        },
        "fileId": "c3PSfFtVdB3pn+yG77RMzE"
      },
      "_contentSize": {
        "__type__": "cc.Size",
        "width": 447,
        "height": 86
      },
      "_position": {
        "__type__": "cc.Vec3",
        "x": -7.073,
        "y": -241.892
      },
      "_scale": {
        "__type__": "cc.Vec3",
        "x": 0.8,
        "y": 0.8,
        "z": 1
      }
    },
    {
      "__type__": "cc.Node",
      "_name": "Background",
      "_parent": {
        "__id__": 12
      },
      "_children": [
        {
          "__id__": 14
        }
      ],
      "_level": 2,
      "_components": [
        {
          "__type__": "cc.Sprite",
          "node": {
            "__id__": 13
          },
          "_materials": [
            {
              "__uuid__": "ecpdLyjvZBwrvm+cedCcQy"
            }
          ],
          "_spriteFrame": {
            "__uuid__": "b5/ZbydA1B5a04Bb/vAEf2"
          },
          "_type": 1,
          "_sizeMode": 0
        }
      ],
      "_prefab": {
        "__type__": "cc.PrefabInfo",
        "root": {
          "__id__": 1
        },
        "asset": {
          "__id__": 0
        },
        "fileId": "e5cvNme49G3pHJXpc7XtBb"
      },
      "_color": {
        "__type__": "cc.Color",
        "r": 230,
        "g": 230,
        "b": 230
      },
      "_contentSize": {
        "__type__": "cc.Size",
        "width": 447,
        "height": 86
      }
    },
    {
      "__type__": "cc.Node",
      "_name": "Label",
      "_parent": {
        "__id__": 13
      },
      "_level": 3,
      "_components": [
        {
          "__type__": "cc.Label",
          "node": {
            "__id__": 14
          },
          "_materials": [
            {
              "__uuid__": "ecpdLyjvZBwrvm+cedCcQy"
            }
          ],
          "_useOriginalSize": false,
          "_string": "同意",
          "_N$string": "同意",
          "_fontSize": 60,
          "_lineHeight": 60,
          "_enableWrapText": false,
          "_N$horizontalAlign": 1,
          "_N$verticalAlign": 1,
          "_N$overflow": 1
        }
      ],
      "_prefab": {
        "__type__": "cc.PrefabInfo",
        "root": {
          "__id__": 1
        },
        "asset": {
          "__id__": 0
        },
        "fileId": "1da2C6Is1F5YM+t7kjYbhQ"
      },
      "_color": {
        "__type__": "cc.Color"
      },
      "_contentSize": {
        "__type__": "cc.Size",
        "width": 400,
        "height": 86
      }
    },
    {
      "__type__": "cc.Node",
      "_name": "noagree",
      "_parent": {
        "__id__": 5
      },
      "_children": [
        {
          "__id__": 16
        }
      ],
      "_level": 3,
      "_components": [
        {
          "__type__": "cc.Button",
          "node": {
            "__id__": 15
          },
          "clickEvents": [
            {
              "__type__": "cc.ClickEvent",
              "target": {
                "__id__": 2
              },
              "_componentId": "bb3c9Pd475BApN+cKRN6S5+",
              "handler": "notAgreeClick"
            }
          ],
          "_N$transition": 1,
          "transition": 1,
          "_N$normalColor": {
            "__type__": "cc.Color",
            "r": 230,
            "g": 230,
            "b": 230
          },
          "_N$pressedColor": {
            "__type__": "cc.Color",
            "r": 200,
            "g": 200,
            "b": 200
          },
          "pressedColor": {
            "__type__": "cc.Color",
            "r": 200,
            "g": 200,
            "b": 200
          },
          "_N$disabledColor": {
            "__type__": "cc.Color",
            "r": 120,
            "g": 120,
            "b": 120,
            "a": 200
          },
          "_N$normalSprite": {
            "__uuid__": "b5/ZbydA1B5a04Bb/vAEf2"
          },
          "_N$pressedSprite": {
            "__uuid__": "e97GVMl6JHh5Ml5qEDdSGa"
          },
          "pressedSprite": {
            "__uuid__": "e97GVMl6JHh5Ml5qEDdSGa"
          },
          "_N$hoverSprite": {
            "__uuid__": "f0BIwQ8D5Ml7nTNQbh1YlS"
          },
          "hoverSprite": {
            "__uuid__": "f0BIwQ8D5Ml7nTNQbh1YlS"
          },
          "_N$disabledSprite": {
            "__uuid__": "29FYIk+N1GYaeWH/q1NxQO"
          },
          "_N$target": {
            "__id__": 16
          }
        }
      ],
      "_prefab": {
        "__type__": "cc.PrefabInfo",
        "root": {
          "__id__": 1
        },
        "asset": {
          "__id__": 0
        },
        "fileId": "dbEI1X6HFPhboNYdwtPxwC"
      },
      "_contentSize": {
        "__type__": "cc.Size",
        "width": 447,
        "height": 86
      },
      "_position": {
        "__type__": "cc.Vec3",
        "x": -7.073,
        "y": -312.837
      },
      "_scale": {
        "__type__": "cc.Vec3",
        "x": 0.7,
        "y": 0.7,
        "z": 1
      }
    },
    {
      "__type__": "cc.Node",
      "_name": "Background",
      "_parent": {
        "__id__": 15
      },
      "_children": [
        {
          "__id__": 17
        }
      ],
      "_level": 2,
      "_components": [
        {
          "__type__": "cc.Sprite",
          "node": {
            "__id__": 16
          },
          "_enabled": false,
          "_materials": [
            {
              "__uuid__": "ecpdLyjvZBwrvm+cedCcQy"
            }
          ],
          "_spriteFrame": {
            "__uuid__": "b5/ZbydA1B5a04Bb/vAEf2"
          },
          "_type": 1,
          "_sizeMode": 0
        }
      ],
      "_prefab": {
        "__type__": "cc.PrefabInfo",
        "root": {
          "__id__": 1
        },
        "asset": {
          "__id__": 0
        },
        "fileId": "574lFA6KtApbZ+SXqSN4lu"
      },
      "_color": {
        "__type__": "cc.Color",
        "r": 230,
        "g": 230,
        "b": 230
      },
      "_contentSize": {
        "__type__": "cc.Size",
        "width": 447,
        "height": 86
      }
    },
    {
      "__type__": "cc.Node",
      "_name": "Label",
      "_parent": {
        "__id__": 16
      },
      "_level": 3,
      "_components": [
        {
          "__type__": "cc.Label",
          "node": {
            "__id__": 17
          },
          "_materials": [
            {
              "__uuid__": "ecpdLyjvZBwrvm+cedCcQy"
            }
          ],
          "_useOriginalSize": false,
          "_string": "不同意",
          "_N$string": "不同意",
          "_fontSize": 60,
          "_lineHeight": 60,
          "_enableWrapText": false,
          "_N$horizontalAlign": 1,
          "_N$verticalAlign": 1,
          "_N$overflow": 1
        }
      ],
      "_prefab": {
        "__type__": "cc.PrefabInfo",
        "root": {
          "__id__": 1
        },
        "asset": {
          "__id__": 0
        },
        "fileId": "478pUfdw5Nn7r3V7Csp4Cq"
      },
      "_color": {
        "__type__": "cc.Color"
      },
      "_contentSize": {
        "__type__": "cc.Size",
        "width": 400,
        "height": 86
      }
    },
    {
      "__type__": "cc.Node",
      "_name": "pageyinsi",
      "_parent": {
        "__id__": 4
      },
      "_children": [
        {
          "__id__": 19
        },
        {
          "__id__": 24
        }
      ],
      "_active": false,
      "_level": 2,
      "_prefab": {
        "__type__": "cc.PrefabInfo",
        "root": {
          "__id__": 1
        },
        "asset": {
          "__id__": 0
        },
        "fileId": "d9tM08eqNOxJjr2ExkOgYK"
      },
      "_position": {
        "__type__": "cc.Vec3",
        "y": -100
      }
    },
    {
      "__type__": "cc.Node",
      "_name": "New ScrollView",
      "_parent": {
        "__id__": 18
      },
      "_children": [
        {
          "__id__": 20
        }
      ],
      "_level": 3,
      "_components": [
        {
          "__type__": "cc.Sprite",
          "node": {
            "__id__": 19
          },
          "_enabled": false,
          "_materials": [
            {
              "__uuid__": "ecpdLyjvZBwrvm+cedCcQy"
            }
          ],
          "_spriteFrame": {
            "__uuid__": "9bvaMerUlDyary99mJa6xp"
          },
          "_type": 1,
          "_sizeMode": 0
        },
        {
          "__type__": "cc.ScrollView",
          "node": {
            "__id__": 19
          },
          "horizontal": false,
          "brake": 0.75,
          "bounceDuration": 0.23,
          "_N$content": {
            "__id__": 21
          },
          "content": {
            "__id__": 21
          },
          "_N$horizontalScrollBar": null,
          "_N$verticalScrollBar": null
        }
      ],
      "_prefab": {
        "__type__": "cc.PrefabInfo",
        "root": {
          "__id__": 1
        },
        "asset": {
          "__id__": 0
        },
        "fileId": "cd3UWDbUdFuqohaqFFfo0B"
      },
      "_contentSize": {
        "__type__": "cc.Size",
        "width": 600,
        "height": 700
      },
      "_position": {
        "__type__": "cc.Vec3",
        "x": 2.842,
        "y": 146.407
      }
    },
    {
      "__type__": "cc.Node",
      "_name": "view",
      "_parent": {
        "__id__": 19
      },
      "_children": [
        {
          "__id__": 21
        }
      ],
      "_components": [
        {
          "__type__": "cc.Mask",
          "node": {
            "__id__": 20
          },
          "_materials": [
            {
              "__uuid__": "ecpdLyjvZBwrvm+cedCcQy"
            }
          ]
        }
      ],
      "_prefab": {
        "__type__": "cc.PrefabInfo",
        "root": {
          "__id__": 1
        },
        "asset": {
          "__id__": 0
        },
        "fileId": "dfO7CimrBBXLYsq0ierIo+"
      },
      "_contentSize": {
        "__type__": "cc.Size",
        "width": 600,
        "height": 700
      }
    },
    {
      "__type__": "cc.Node",
      "_name": "content",
      "_parent": {
        "__id__": 20
      },
      "_children": [
        {
          "__id__": 22
        },
        {
          "__id__": 23
        }
      ],
      "_prefab": {
        "__type__": "cc.PrefabInfo",
        "root": {
          "__id__": 1
        },
        "asset": {
          "__id__": 0
        },
        "fileId": "9a2IIq38ZIWZwHpyl8i80n"
      },
      "_contentSize": {
        "__type__": "cc.Size",
        "width": 600,
        "height": 1650
      },
      "_anchorPoint": {
        "__type__": "cc.Vec2",
        "x": 0.5,
        "y": 1
      },
      "_position": {
        "__type__": "cc.Vec3",
        "y": 350
      }
    },
    {
      "__type__": "cc.Node",
      "_name": "item",
      "_parent": {
        "__id__": 21
      },
      "_level": 1,
      "_components": [
        {
          "__type__": "cc.Label",
          "node": {
            "__id__": 22
          },
          "_materials": [
            {
              "__uuid__": "ecpdLyjvZBwrvm+cedCcQy"
            }
          ],
          "_useOriginalSize": false,
          "_string": "隐私政策条款",
          "_N$string": "隐私政策条款",
          "_fontSize": 45,
          "_lineHeight": 45,
          "_N$horizontalAlign": 1
        }
      ],
      "_prefab": {
        "__type__": "cc.PrefabInfo",
        "root": {
          "__id__": 1
        },
        "asset": {
          "__id__": 0
        },
        "fileId": "e4DnzLX3FKj4ECxvhXk3d7"
      },
      "_color": {
        "__type__": "cc.Color"
      },
      "_contentSize": {
        "__type__": "cc.Size",
        "width": 270,
        "height": 56.7
      },
      "_anchorPoint": {
        "__type__": "cc.Vec2",
        "y": 1
      },
      "_position": {
        "__type__": "cc.Vec3",
        "x": -151.287,
        "y": 6.458
      }
    },
    {
      "__type__": "cc.Node",
      "_name": "New Label",
      "_parent": {
        "__id__": 21
      },
      "_level": 1,
      "_components": [
        {
          "__type__": "cc.Label",
          "node": {
            "__id__": 23
          },
          "_materials": [
            {
              "__uuid__": "ecpdLyjvZBwrvm+cedCcQy"
            }
          ],
          "_useOriginalSize": false,
          "_string": "厦门螺丝批科技公司（以下简称“本公司”）本公司尊重并保护所有使用服务用户的个人隐私权。为了给您提供更准确、更有个性化的服务，本公司会按照本隐私权政策的规定使用和披露您的个人信息。但本公司将以高度的勤勉、审慎义务对待这些信息。除本隐私权政策另有规定外，在未征得您事先许可的情况下，本公司不会将这些信息对外披露或向第三方提供。本公司会不时更新本隐私权政策。您在同意本公司服务使用协议之时，即视为您已经同意本隐私权政策全部内容。本隐私权政策属于本公司服务使用协议不可分割的一部分。  1.适用范围  b)在您使用本公司网络服务，或访问本公司平台，选填手机号码，给予使用保障；  c)本公司通过合法途径从商业伙伴处取得的用户个人数据，。  您了解并同意，以下信息不适用本隐私权政策：  a)您在使用本公司平台提供的搜索服务时输入的关键字信息；  b)本公司收集到的您在本公司发布的有关信息数据，包括但不限于参与活动、成交信息及评价详情；  b)违反法律规定或违反本公司规则行为及本公司已对您采取的措施。  2.信息使用  为服务用户的目的，本公司可能通过使用您的个人信息，向您提供您感兴趣的信息，包括但不限于向您发出产品和服务信息，或者与本公司合作伙伴共享信息以便他们向您发送有关其产品和服务的信息。  3.信息披露  在如下情况下，本公司将依据您的个人意愿或法律的规定全部或部分的披露您的个人信息：  a)经您事先同意，向第三方披露；  b)为提供您所要求的产品和服务，而必须和第三方分享您的个人信息；  c)根据法律的有关规定，或者行政或司法机构的要求，向第三方或者行政、司法机构披露；  d)如您出现违反中国有关法律、法规或者本公司服务协议或相关规则的情况，需要向第三方披露；  e)如您是适格的知识产权投诉人并已提起投诉，应被投诉人要求，向被投诉人披露，以便双方处理可能的权利纠纷；  f)其它本公司根据法律、法规或者网站政策认为合适的披露。  4.信息存储和交换  本公司收集的有关您的信息和资料将保存在本公司及（或）其关联公司的服务器上，这些信息和资料可能传送至您所在国家、地区或本公司收集信息和资料所在地的境外并在境外被访问、存储和展示。  5.Cookie的使用  a)在您未拒绝接受cookies的情况下，本公司会在您的计算机上设定或取用cookies，以便您能登录或使用依赖于cookies的本公司平台服务或功能。本公司使用cookies可为您提供更加周到的个性化服务，包括推广服务。  b)您有权选择接受或拒绝接受cookies。您可以通过修改浏览器设置的方式拒绝接受cookies。但如果您选择拒绝接受cookies，则您可能无法登录或使用依赖于cookies的本公司网络服务或功能。  c)通过本公司所设cookies所取得的有关信息，将适用本政策。  6.信息安全  a)本公司帐号均有安全保护功能，请妥善保管您的用户名及密码信息。本公司将通过对用户密码进行加密等安全措施确保您的信息不丢失，不被滥用和变造。尽管有前述安全措施，但同时也请您注意在信息网络上不存在“完善的安全措施”。\n\n",
          "_N$string": "厦门螺丝批科技公司（以下简称“本公司”）本公司尊重并保护所有使用服务用户的个人隐私权。为了给您提供更准确、更有个性化的服务，本公司会按照本隐私权政策的规定使用和披露您的个人信息。但本公司将以高度的勤勉、审慎义务对待这些信息。除本隐私权政策另有规定外，在未征得您事先许可的情况下，本公司不会将这些信息对外披露或向第三方提供。本公司会不时更新本隐私权政策。您在同意本公司服务使用协议之时，即视为您已经同意本隐私权政策全部内容。本隐私权政策属于本公司服务使用协议不可分割的一部分。  1.适用范围  b)在您使用本公司网络服务，或访问本公司平台，选填手机号码，给予使用保障；  c)本公司通过合法途径从商业伙伴处取得的用户个人数据，。  您了解并同意，以下信息不适用本隐私权政策：  a)您在使用本公司平台提供的搜索服务时输入的关键字信息；  b)本公司收集到的您在本公司发布的有关信息数据，包括但不限于参与活动、成交信息及评价详情；  b)违反法律规定或违反本公司规则行为及本公司已对您采取的措施。  2.信息使用  为服务用户的目的，本公司可能通过使用您的个人信息，向您提供您感兴趣的信息，包括但不限于向您发出产品和服务信息，或者与本公司合作伙伴共享信息以便他们向您发送有关其产品和服务的信息。  3.信息披露  在如下情况下，本公司将依据您的个人意愿或法律的规定全部或部分的披露您的个人信息：  a)经您事先同意，向第三方披露；  b)为提供您所要求的产品和服务，而必须和第三方分享您的个人信息；  c)根据法律的有关规定，或者行政或司法机构的要求，向第三方或者行政、司法机构披露；  d)如您出现违反中国有关法律、法规或者本公司服务协议或相关规则的情况，需要向第三方披露；  e)如您是适格的知识产权投诉人并已提起投诉，应被投诉人要求，向被投诉人披露，以便双方处理可能的权利纠纷；  f)其它本公司根据法律、法规或者网站政策认为合适的披露。  4.信息存储和交换  本公司收集的有关您的信息和资料将保存在本公司及（或）其关联公司的服务器上，这些信息和资料可能传送至您所在国家、地区或本公司收集信息和资料所在地的境外并在境外被访问、存储和展示。  5.Cookie的使用  a)在您未拒绝接受cookies的情况下，本公司会在您的计算机上设定或取用cookies，以便您能登录或使用依赖于cookies的本公司平台服务或功能。本公司使用cookies可为您提供更加周到的个性化服务，包括推广服务。  b)您有权选择接受或拒绝接受cookies。您可以通过修改浏览器设置的方式拒绝接受cookies。但如果您选择拒绝接受cookies，则您可能无法登录或使用依赖于cookies的本公司网络服务或功能。  c)通过本公司所设cookies所取得的有关信息，将适用本政策。  6.信息安全  a)本公司帐号均有安全保护功能，请妥善保管您的用户名及密码信息。本公司将通过对用户密码进行加密等安全措施确保您的信息不丢失，不被滥用和变造。尽管有前述安全措施，但同时也请您注意在信息网络上不存在“完善的安全措施”。\n\n",
          "_fontSize": 25,
          "_lineHeight": 25,
          "_N$verticalAlign": 1,
          "_N$overflow": 3
        }
      ],
      "_prefab": {
        "__type__": "cc.PrefabInfo",
        "root": {
          "__id__": 1
        },
        "asset": {
          "__id__": 0
        },
        "fileId": "65A/+zDUtLdJcVUxTo+d6L"
      },
      "_color": {
        "__type__": "cc.Color"
      },
      "_contentSize": {
        "__type__": "cc.Size",
        "width": 500,
        "height": 1606.5000000000002
      },
      "_position": {
        "__type__": "cc.Vec3",
        "y": -850
      }
    },
    {
      "__type__": "cc.Node",
      "_name": "agree",
      "_parent": {
        "__id__": 18
      },
      "_children": [
        {
          "__id__": 25
        }
      ],
      "_level": 3,
      "_components": [
        {
          "__type__": "cc.Button",
          "node": {
            "__id__": 24
          },
          "clickEvents": [
            {
              "__type__": "cc.ClickEvent",
              "target": {
                "__id__": 2
              },
              "_componentId": "bb3c9Pd475BApN+cKRN6S5+",
              "handler": "showMain"
            }
          ],
          "_N$transition": 1,
          "transition": 1,
          "_N$normalColor": {
            "__type__": "cc.Color",
            "r": 230,
            "g": 230,
            "b": 230
          },
          "_N$pressedColor": {
            "__type__": "cc.Color",
            "r": 200,
            "g": 200,
            "b": 200
          },
          "pressedColor": {
            "__type__": "cc.Color",
            "r": 200,
            "g": 200,
            "b": 200
          },
          "_N$disabledColor": {
            "__type__": "cc.Color",
            "r": 120,
            "g": 120,
            "b": 120,
            "a": 200
          },
          "_N$normalSprite": {
            "__uuid__": "b5/ZbydA1B5a04Bb/vAEf2"
          },
          "_N$pressedSprite": {
            "__uuid__": "e97GVMl6JHh5Ml5qEDdSGa"
          },
          "pressedSprite": {
            "__uuid__": "e97GVMl6JHh5Ml5qEDdSGa"
          },
          "_N$hoverSprite": {
            "__uuid__": "f0BIwQ8D5Ml7nTNQbh1YlS"
          },
          "hoverSprite": {
            "__uuid__": "f0BIwQ8D5Ml7nTNQbh1YlS"
          },
          "_N$disabledSprite": {
            "__uuid__": "29FYIk+N1GYaeWH/q1NxQO"
          },
          "_N$target": {
            "__id__": 25
          }
        }
      ],
      "_prefab": {
        "__type__": "cc.PrefabInfo",
        "root": {
          "__id__": 1
        },
        "asset": {
          "__id__": 0
        },
        "fileId": "89puTUhShLGKxu965pWJlu"
      },
      "_contentSize": {
        "__type__": "cc.Size",
        "width": 447,
        "height": 86
      },
      "_position": {
        "__type__": "cc.Vec3",
        "x": -7.073,
        "y": -239.539
      },
      "_scale": {
        "__type__": "cc.Vec3",
        "x": 0.8,
        "y": 0.8,
        "z": 1
      }
    },
    {
      "__type__": "cc.Node",
      "_name": "Background",
      "_parent": {
        "__id__": 24
      },
      "_children": [
        {
          "__id__": 26
        }
      ],
      "_level": 2,
      "_components": [
        {
          "__type__": "cc.Sprite",
          "node": {
            "__id__": 25
          },
          "_materials": [
            {
              "__uuid__": "ecpdLyjvZBwrvm+cedCcQy"
            }
          ],
          "_spriteFrame": {
            "__uuid__": "b5/ZbydA1B5a04Bb/vAEf2"
          },
          "_type": 1,
          "_sizeMode": 0
        }
      ],
      "_prefab": {
        "__type__": "cc.PrefabInfo",
        "root": {
          "__id__": 1
        },
        "asset": {
          "__id__": 0
        },
        "fileId": "1cqxgUGw1KToa+1UKeDfu3"
      },
      "_color": {
        "__type__": "cc.Color",
        "r": 230,
        "g": 230,
        "b": 230
      },
      "_contentSize": {
        "__type__": "cc.Size",
        "width": 447,
        "height": 86
      }
    },
    {
      "__type__": "cc.Node",
      "_name": "Label",
      "_parent": {
        "__id__": 25
      },
      "_level": 3,
      "_components": [
        {
          "__type__": "cc.Label",
          "node": {
            "__id__": 26
          },
          "_materials": [
            {
              "__uuid__": "ecpdLyjvZBwrvm+cedCcQy"
            }
          ],
          "_useOriginalSize": false,
          "_string": "返回",
          "_N$string": "返回",
          "_fontSize": 60,
          "_lineHeight": 60,
          "_enableWrapText": false,
          "_N$horizontalAlign": 1,
          "_N$verticalAlign": 1,
          "_N$overflow": 1
        }
      ],
      "_prefab": {
        "__type__": "cc.PrefabInfo",
        "root": {
          "__id__": 1
        },
        "asset": {
          "__id__": 0
        },
        "fileId": "05o+QWRWtOF6woxsj3IeKR"
      },
      "_color": {
        "__type__": "cc.Color"
      },
      "_contentSize": {
        "__type__": "cc.Size",
        "width": 400,
        "height": 86
      }
    },
    {
      "__type__": "cc.Node",
      "_name": "pagexieyi",
      "_parent": {
        "__id__": 4
      },
      "_children": [
        {
          "__id__": 28
        },
        {
          "__id__": 33
        }
      ],
      "_active": false,
      "_level": 2,
      "_prefab": {
        "__type__": "cc.PrefabInfo",
        "root": {
          "__id__": 1
        },
        "asset": {
          "__id__": 0
        },
        "fileId": "69a9jz7qtKnrpwfLhIadRO"
      },
      "_position": {
        "__type__": "cc.Vec3",
        "y": -100
      }
    },
    {
      "__type__": "cc.Node",
      "_name": "New ScrollView",
      "_parent": {
        "__id__": 27
      },
      "_children": [
        {
          "__id__": 29
        }
      ],
      "_level": 3,
      "_components": [
        {
          "__type__": "cc.Sprite",
          "node": {
            "__id__": 28
          },
          "_enabled": false,
          "_materials": [
            {
              "__uuid__": "ecpdLyjvZBwrvm+cedCcQy"
            }
          ],
          "_spriteFrame": {
            "__uuid__": "9bvaMerUlDyary99mJa6xp"
          },
          "_type": 1,
          "_sizeMode": 0
        },
        {
          "__type__": "cc.ScrollView",
          "node": {
            "__id__": 28
          },
          "horizontal": false,
          "brake": 0.75,
          "bounceDuration": 0.1,
          "_N$content": {
            "__id__": 30
          },
          "content": {
            "__id__": 30
          },
          "_N$horizontalScrollBar": null,
          "_N$verticalScrollBar": null
        }
      ],
      "_prefab": {
        "__type__": "cc.PrefabInfo",
        "root": {
          "__id__": 1
        },
        "asset": {
          "__id__": 0
        },
        "fileId": "bfLPDyNcNBWL64qOyobMG6"
      },
      "_contentSize": {
        "__type__": "cc.Size",
        "width": 600,
        "height": 700
      },
      "_position": {
        "__type__": "cc.Vec3",
        "x": 2.842,
        "y": 146.407
      }
    },
    {
      "__type__": "cc.Node",
      "_name": "view",
      "_parent": {
        "__id__": 28
      },
      "_children": [
        {
          "__id__": 30
        }
      ],
      "_components": [
        {
          "__type__": "cc.Mask",
          "node": {
            "__id__": 29
          },
          "_materials": [
            {
              "__uuid__": "ecpdLyjvZBwrvm+cedCcQy"
            }
          ]
        }
      ],
      "_prefab": {
        "__type__": "cc.PrefabInfo",
        "root": {
          "__id__": 1
        },
        "asset": {
          "__id__": 0
        },
        "fileId": "93SwJ7qZdHvKFD+y7BM1CC"
      },
      "_contentSize": {
        "__type__": "cc.Size",
        "width": 600,
        "height": 700
      }
    },
    {
      "__type__": "cc.Node",
      "_name": "content",
      "_parent": {
        "__id__": 29
      },
      "_children": [
        {
          "__id__": 31
        },
        {
          "__id__": 32
        }
      ],
      "_prefab": {
        "__type__": "cc.PrefabInfo",
        "root": {
          "__id__": 1
        },
        "asset": {
          "__id__": 0
        },
        "fileId": "c79T5KonhEOJpdvyAv/LX7"
      },
      "_contentSize": {
        "__type__": "cc.Size",
        "width": 600,
        "height": 2200
      },
      "_anchorPoint": {
        "__type__": "cc.Vec2",
        "x": 0.5,
        "y": 1
      },
      "_position": {
        "__type__": "cc.Vec3",
        "y": 350
      }
    },
    {
      "__type__": "cc.Node",
      "_name": "item",
      "_parent": {
        "__id__": 30
      },
      "_level": 1,
      "_components": [
        {
          "__type__": "cc.Label",
          "node": {
            "__id__": 31
          },
          "_materials": [
            {
              "__uuid__": "ecpdLyjvZBwrvm+cedCcQy"
            }
          ],
          "_useOriginalSize": false,
          "_string": "用户协议",
          "_N$string": "用户协议",
          "_fontSize": 45,
          "_lineHeight": 45,
          "_N$horizontalAlign": 1
        }
      ],
      "_prefab": {
        "__type__": "cc.PrefabInfo",
        "root": {
          "__id__": 1
        },
        "asset": {
          "__id__": 0
        },
        "fileId": "daWcBVPBhPV7MVQz/1tvxQ"
      },
      "_color": {
        "__type__": "cc.Color"
      },
      "_contentSize": {
        "__type__": "cc.Size",
        "width": 180,
        "height": 56.7
      },
      "_anchorPoint": {
        "__type__": "cc.Vec2",
        "y": 1
      },
      "_position": {
        "__type__": "cc.Vec3",
        "x": -93.878,
        "y": 0.274
      }
    },
    {
      "__type__": "cc.Node",
      "_name": "New Label",
      "_parent": {
        "__id__": 30
      },
      "_level": 1,
      "_components": [
        {
          "__type__": "cc.Label",
          "node": {
            "__id__": 32
          },
          "_materials": [
            {
              "__uuid__": "ecpdLyjvZBwrvm+cedCcQy"
            }
          ],
          "_useOriginalSize": false,
          "_string": "厦门螺丝批科技公司（以下简称“本公司”）按照下列条款与条件提供信息和产品，您在本协议中亦可被称为“用户”，以下所述条款和条件将构成您与本公司，就您使用提供的内容所达成的全部协议（以下称“本协议”）。  说明  本公司向您提供包括但不限于游戏下载、使用、充值、客户服务、游戏资讯、论坛交流等服务（以下称“本服务”）。本公司针对本服务所制定的相关规定，包括但不限于本公司在游戏平台下运营的任何一款游戏所包含的游戏规则、用户处罚条例，客服条例等，以及本公司就账号使用及管理、游戏充值等服务制定的相关服务协议、规则。本公司在此提示用户，请您在使用本服务前详细阅读本协议的所有内容，尤其是免除、限制本公司责任或者限制用户权利的条款（特别是粗体下划线标注的内容），如您对本协议有任何疑问，请向本公司（020-3755993）进行咨询。一旦您使用本服务，即表示您已阅读并完全同意接受本协议项下所述条款和条件的约束。如果您不同意本协议的任何条款，请您不要使用本服务。未成年人应经其监护人陪同阅读本服务协议并表示同意，方可接受本服务协议。监护人应加强对未成年人的监督和保护，因其未谨慎履行监护责任而损害未成年人利益或者本公司利益的，应由监护人承担责任。  权利声明  1、本公司及其关联公司（关联企业指与本公司存在直接或间接，股权或以协议安排等其他形式的控制与被控制关系，以及对公司运营具有重大影响关系的公司法人）享有并保留以下各项内容完整的、不可分割的所有权及/或知识产权：  （1）游戏平台相关的软件、技术、程序、代码、用户界面等；  （2）本服务相关的商标、图形标记。  2、本公司提供的服务内容中所涉及的游戏，文字、软件、声音、图片、动画、录像、图表等，均受相关知识产权法以及其他相关法律的保护。未经本公司或者其他相关权利人授权，用户不得复制、使用、修改、摘编、翻译、发行,第三方未经本公司及/或其相关权利人的书面许可，不得以任何方式擅自进行使用。  责任限制  1、本公司向用户提供的服务均是在依\"现状\"提供，本公司在此明确声明对本服务不作任何明示或暗示的保证，包括但不限于对服务的可适用性、准确性、及时性、可持续性等。  2、用户理解并同意自行承担使用本服务的风险，且用户在使用本服务时，应遵循中国法律的相关规定，由于用户行为所造成的任何损害和后果，本公司均不承担除法律有明确规定外的责任。  3、不论在何种情况下，本公司均不对由于网络连接故障、通讯线路、第三方网站、电脑硬件等任何原因给用户造成的任何损失承担除法律有明确规定外的责任。  用户行为规范  1、用户在本网站注册时，不得使用虚假身份信息。用户应当妥善保存其账户信息和密码，由于用户泄密所导致的损失需由用户自行承担。如用户发现他人冒用或盗用其账户或密码，或其账户存在其他未经合法授权使用之情形，应立即以有效方式通知本公司。用户理解并同意本公司有权根据用户的通知、请求或依据判断，采取相应的行动或措施，包括但不限于冻结账户、限制账户功能等，本公司对采取上述行动所导致的损失不承担除法律有明确规定外的责任。  2、用户在使用本服务时须遵守法律法规，不得利用本服务从事违法违规行为，包括但不限于：  （1）发布、传送、传播、储存危害国家安全统一、破坏社会稳定、违反公序良俗、侮辱、诽谤、淫秽、暴力以及任何违反国家法律法规的内容；  （2）发布、传送、传播、储存侵害他人知识产权、商业秘密等合法权利的内容；  （3）恶意虚构事实、隐瞒真相以误导、欺骗他人；  （4）发布、传送、传播广告信息及垃圾信息；  （5）其他法律法规禁止的行为。  3、用户不得利用本服务进行任何有损本公司及其关联企业之权利、利益及商誉，或其他用户合法权利之行为。  4、用户不得基于本服务从事制作、使用、传播“私服”、“外挂”等侵害本公司合法权益的行为。如有违反，本公司将依据中国现行法律法规及本公司的相关规定予以处理。  5、虚拟财产转移服务外，用户不得通过任何方式直接或变相进行游戏账号、游戏币、游戏道具等虚拟财产的转移。  6、用户不得从事作弊等损害游戏公平性的行为。用户承诺接受本公司对其游戏数据进行分析，当本公司发现其数据异常时，本公司可根据自己的独立判断认定其为作弊。  7、用户不得从事任何利用本公司平台系统漏洞进行有损其他用户、本公司或互联网安全的行为。  8、用户知悉并确认，本公司通过公告、邮件、短信、账户通知以及用户在账户中登记的即时通讯工具等方式，向用户发出关于本服务的通知、规则、提示等信息，均为有效通知。该等信息一经公布或发布，即视为已送达至用户。  广告信息和促销  1、用户同意接受本公司通过公告、邮件、短信、账户通知以及用户在账户中登记的即时通讯工具等方式发送的有关本服务，或本公司、本公司之关联企业或与本公司有合作关系的第三方相关的商品、服务促销或其他商业信息。  2、本公司在本服务中可能提供与其他互联网之网站站点或资源的链接，本公司对存在或源于此类网站站点或资源的任何内容、广告、产品或其他资料不予保证或负责；如该链接所载的内容或搜索引擎所提供之链接的内容侵犯用户权利，本公司声明与上述内容无关，且不承担除法律有明确规定外的责任 \n\n\n",
          "_N$string": "厦门螺丝批科技公司（以下简称“本公司”）按照下列条款与条件提供信息和产品，您在本协议中亦可被称为“用户”，以下所述条款和条件将构成您与本公司，就您使用提供的内容所达成的全部协议（以下称“本协议”）。  说明  本公司向您提供包括但不限于游戏下载、使用、充值、客户服务、游戏资讯、论坛交流等服务（以下称“本服务”）。本公司针对本服务所制定的相关规定，包括但不限于本公司在游戏平台下运营的任何一款游戏所包含的游戏规则、用户处罚条例，客服条例等，以及本公司就账号使用及管理、游戏充值等服务制定的相关服务协议、规则。本公司在此提示用户，请您在使用本服务前详细阅读本协议的所有内容，尤其是免除、限制本公司责任或者限制用户权利的条款（特别是粗体下划线标注的内容），如您对本协议有任何疑问，请向本公司（020-3755993）进行咨询。一旦您使用本服务，即表示您已阅读并完全同意接受本协议项下所述条款和条件的约束。如果您不同意本协议的任何条款，请您不要使用本服务。未成年人应经其监护人陪同阅读本服务协议并表示同意，方可接受本服务协议。监护人应加强对未成年人的监督和保护，因其未谨慎履行监护责任而损害未成年人利益或者本公司利益的，应由监护人承担责任。  权利声明  1、本公司及其关联公司（关联企业指与本公司存在直接或间接，股权或以协议安排等其他形式的控制与被控制关系，以及对公司运营具有重大影响关系的公司法人）享有并保留以下各项内容完整的、不可分割的所有权及/或知识产权：  （1）游戏平台相关的软件、技术、程序、代码、用户界面等；  （2）本服务相关的商标、图形标记。  2、本公司提供的服务内容中所涉及的游戏，文字、软件、声音、图片、动画、录像、图表等，均受相关知识产权法以及其他相关法律的保护。未经本公司或者其他相关权利人授权，用户不得复制、使用、修改、摘编、翻译、发行,第三方未经本公司及/或其相关权利人的书面许可，不得以任何方式擅自进行使用。  责任限制  1、本公司向用户提供的服务均是在依\"现状\"提供，本公司在此明确声明对本服务不作任何明示或暗示的保证，包括但不限于对服务的可适用性、准确性、及时性、可持续性等。  2、用户理解并同意自行承担使用本服务的风险，且用户在使用本服务时，应遵循中国法律的相关规定，由于用户行为所造成的任何损害和后果，本公司均不承担除法律有明确规定外的责任。  3、不论在何种情况下，本公司均不对由于网络连接故障、通讯线路、第三方网站、电脑硬件等任何原因给用户造成的任何损失承担除法律有明确规定外的责任。  用户行为规范  1、用户在本网站注册时，不得使用虚假身份信息。用户应当妥善保存其账户信息和密码，由于用户泄密所导致的损失需由用户自行承担。如用户发现他人冒用或盗用其账户或密码，或其账户存在其他未经合法授权使用之情形，应立即以有效方式通知本公司。用户理解并同意本公司有权根据用户的通知、请求或依据判断，采取相应的行动或措施，包括但不限于冻结账户、限制账户功能等，本公司对采取上述行动所导致的损失不承担除法律有明确规定外的责任。  2、用户在使用本服务时须遵守法律法规，不得利用本服务从事违法违规行为，包括但不限于：  （1）发布、传送、传播、储存危害国家安全统一、破坏社会稳定、违反公序良俗、侮辱、诽谤、淫秽、暴力以及任何违反国家法律法规的内容；  （2）发布、传送、传播、储存侵害他人知识产权、商业秘密等合法权利的内容；  （3）恶意虚构事实、隐瞒真相以误导、欺骗他人；  （4）发布、传送、传播广告信息及垃圾信息；  （5）其他法律法规禁止的行为。  3、用户不得利用本服务进行任何有损本公司及其关联企业之权利、利益及商誉，或其他用户合法权利之行为。  4、用户不得基于本服务从事制作、使用、传播“私服”、“外挂”等侵害本公司合法权益的行为。如有违反，本公司将依据中国现行法律法规及本公司的相关规定予以处理。  5、虚拟财产转移服务外，用户不得通过任何方式直接或变相进行游戏账号、游戏币、游戏道具等虚拟财产的转移。  6、用户不得从事作弊等损害游戏公平性的行为。用户承诺接受本公司对其游戏数据进行分析，当本公司发现其数据异常时，本公司可根据自己的独立判断认定其为作弊。  7、用户不得从事任何利用本公司平台系统漏洞进行有损其他用户、本公司或互联网安全的行为。  8、用户知悉并确认，本公司通过公告、邮件、短信、账户通知以及用户在账户中登记的即时通讯工具等方式，向用户发出关于本服务的通知、规则、提示等信息，均为有效通知。该等信息一经公布或发布，即视为已送达至用户。  广告信息和促销  1、用户同意接受本公司通过公告、邮件、短信、账户通知以及用户在账户中登记的即时通讯工具等方式发送的有关本服务，或本公司、本公司之关联企业或与本公司有合作关系的第三方相关的商品、服务促销或其他商业信息。  2、本公司在本服务中可能提供与其他互联网之网站站点或资源的链接，本公司对存在或源于此类网站站点或资源的任何内容、广告、产品或其他资料不予保证或负责；如该链接所载的内容或搜索引擎所提供之链接的内容侵犯用户权利，本公司声明与上述内容无关，且不承担除法律有明确规定外的责任 \n\n\n",
          "_fontSize": 22,
          "_lineHeight": 22,
          "_N$overflow": 1
        }
      ],
      "_prefab": {
        "__type__": "cc.PrefabInfo",
        "root": {
          "__id__": 1
        },
        "asset": {
          "__id__": 0
        },
        "fileId": "fejOS6241B+65b4DlmrKG0"
      },
      "_color": {
        "__type__": "cc.Color"
      },
      "_contentSize": {
        "__type__": "cc.Size",
        "width": 550,
        "height": 2000
      },
      "_position": {
        "__type__": "cc.Vec3",
        "y": -1064.888
      }
    },
    {
      "__type__": "cc.Node",
      "_name": "agree",
      "_parent": {
        "__id__": 27
      },
      "_children": [
        {
          "__id__": 34
        }
      ],
      "_level": 3,
      "_components": [
        {
          "__type__": "cc.Button",
          "node": {
            "__id__": 33
          },
          "clickEvents": [
            {
              "__type__": "cc.ClickEvent",
              "target": {
                "__id__": 2
              },
              "_componentId": "bb3c9Pd475BApN+cKRN6S5+",
              "handler": "showMain"
            }
          ],
          "_N$transition": 1,
          "transition": 1,
          "_N$normalColor": {
            "__type__": "cc.Color",
            "r": 230,
            "g": 230,
            "b": 230
          },
          "_N$pressedColor": {
            "__type__": "cc.Color",
            "r": 200,
            "g": 200,
            "b": 200
          },
          "pressedColor": {
            "__type__": "cc.Color",
            "r": 200,
            "g": 200,
            "b": 200
          },
          "_N$disabledColor": {
            "__type__": "cc.Color",
            "r": 120,
            "g": 120,
            "b": 120,
            "a": 200
          },
          "_N$normalSprite": {
            "__uuid__": "b5/ZbydA1B5a04Bb/vAEf2"
          },
          "_N$pressedSprite": {
            "__uuid__": "e97GVMl6JHh5Ml5qEDdSGa"
          },
          "pressedSprite": {
            "__uuid__": "e97GVMl6JHh5Ml5qEDdSGa"
          },
          "_N$hoverSprite": {
            "__uuid__": "f0BIwQ8D5Ml7nTNQbh1YlS"
          },
          "hoverSprite": {
            "__uuid__": "f0BIwQ8D5Ml7nTNQbh1YlS"
          },
          "_N$disabledSprite": {
            "__uuid__": "29FYIk+N1GYaeWH/q1NxQO"
          },
          "_N$target": {
            "__id__": 34
          }
        }
      ],
      "_prefab": {
        "__type__": "cc.PrefabInfo",
        "root": {
          "__id__": 1
        },
        "asset": {
          "__id__": 0
        },
        "fileId": "4dIMzz6RZE24qrxIP4ZMjS"
      },
      "_contentSize": {
        "__type__": "cc.Size",
        "width": 447,
        "height": 86
      },
      "_position": {
        "__type__": "cc.Vec3",
        "x": -7.073,
        "y": -243.539
      },
      "_scale": {
        "__type__": "cc.Vec3",
        "x": 0.8,
        "y": 0.8,
        "z": 1
      }
    },
    {
      "__type__": "cc.Node",
      "_name": "Background",
      "_parent": {
        "__id__": 33
      },
      "_children": [
        {
          "__id__": 35
        }
      ],
      "_level": 2,
      "_components": [
        {
          "__type__": "cc.Sprite",
          "node": {
            "__id__": 34
          },
          "_materials": [
            {
              "__uuid__": "ecpdLyjvZBwrvm+cedCcQy"
            }
          ],
          "_spriteFrame": {
            "__uuid__": "b5/ZbydA1B5a04Bb/vAEf2"
          },
          "_type": 1,
          "_sizeMode": 0
        }
      ],
      "_prefab": {
        "__type__": "cc.PrefabInfo",
        "root": {
          "__id__": 1
        },
        "asset": {
          "__id__": 0
        },
        "fileId": "bdNFmteWFNlaAeEFESmXTp"
      },
      "_color": {
        "__type__": "cc.Color",
        "r": 230,
        "g": 230,
        "b": 230
      },
      "_contentSize": {
        "__type__": "cc.Size",
        "width": 447,
        "height": 86
      }
    },
    {
      "__type__": "cc.Node",
      "_name": "Label",
      "_parent": {
        "__id__": 34
      },
      "_level": 3,
      "_components": [
        {
          "__type__": "cc.Label",
          "node": {
            "__id__": 35
          },
          "_materials": [
            {
              "__uuid__": "ecpdLyjvZBwrvm+cedCcQy"
            }
          ],
          "_useOriginalSize": false,
          "_string": "返回",
          "_N$string": "返回",
          "_fontSize": 60,
          "_lineHeight": 60,
          "_enableWrapText": false,
          "_N$horizontalAlign": 1,
          "_N$verticalAlign": 1,
          "_N$overflow": 1
        }
      ],
      "_prefab": {
        "__type__": "cc.PrefabInfo",
        "root": {
          "__id__": 1
        },
        "asset": {
          "__id__": 0
        },
        "fileId": "1d+7o5ggNIA7aKdsGBigqJ"
      },
      "_color": {
        "__type__": "cc.Color"
      },
      "_contentSize": {
        "__type__": "cc.Size",
        "width": 400,
        "height": 86
      }
    },
    {
      "__type__": "cc.Node",
      "_name": "jiankang",
      "_objFlags": 512,
      "_parent": {
        "__id__": 2
      },
      "_children": [
        {
          "__id__": 37
        },
        {
          "__id__": 38
        },
        {
          "__id__": 39
        },
        {
          "__id__": 40
        }
      ],
      "_level": 3,
      "_components": [
        {
          "__type__": "cc.Label",
          "node": {
            "__id__": 36
          },
          "_materials": [
            {
              "__uuid__": "ecpdLyjvZBwrvm+cedCcQy"
            }
          ],
          "_useOriginalSize": false,
          "_string": "健康游戏忠告",
          "_N$string": "健康游戏忠告",
          "_N$horizontalAlign": 1,
          "_N$verticalAlign": 1
        }
      ],
      "_prefab": {
        "__type__": "cc.PrefabInfo",
        "root": {
          "__id__": 1
        },
        "asset": {
          "__id__": 0
        },
        "fileId": "daI+qeqb9IgYOo8G12CUq7"
      },
      "_color": {
        "__type__": "cc.Color"
      },
      "_contentSize": {
        "__type__": "cc.Size",
        "width": 240,
        "height": 50.4
      },
      "_position": {
        "__type__": "cc.Vec3",
        "x": -0.854,
        "y": -386.165
      }
    },
    {
      "__type__": "cc.Node",
      "_name": "New Label",
      "_parent": {
        "__id__": 36
      },
      "_level": 2,
      "_components": [
        {
          "__type__": "cc.Label",
          "node": {
            "__id__": 37
          },
          "_materials": [
            {
              "__uuid__": "ecpdLyjvZBwrvm+cedCcQy"
            }
          ],
          "_useOriginalSize": false,
          "_string": "抵制不良游戏，拒绝盗版游戏，注意自我保护，谨防上当受骗。",
          "_N$string": "抵制不良游戏，拒绝盗版游戏，注意自我保护，谨防上当受骗。",
          "_fontSize": 25,
          "_lineHeight": 25,
          "_N$horizontalAlign": 1,
          "_N$verticalAlign": 1
        }
      ],
      "_prefab": {
        "__type__": "cc.PrefabInfo",
        "root": {
          "__id__": 1
        },
        "asset": {
          "__id__": 0
        },
        "fileId": "94bIb7yT9GWapkwi0ZGIE9"
      },
      "_color": {
        "__type__": "cc.Color"
      },
      "_contentSize": {
        "__type__": "cc.Size",
        "width": 700,
        "height": 31.5
      },
      "_position": {
        "__type__": "cc.Vec3",
        "x": 6.842,
        "y": -43.986
      }
    },
    {
      "__type__": "cc.Node",
      "_name": "New Label",
      "_parent": {
        "__id__": 36
      },
      "_level": 2,
      "_components": [
        {
          "__type__": "cc.Label",
          "node": {
            "__id__": 38
          },
          "_materials": [
            {
              "__uuid__": "ecpdLyjvZBwrvm+cedCcQy"
            }
          ],
          "_useOriginalSize": false,
          "_string": "适度游戏益脑，沉迷游戏伤身，合理安排时间，享受健康生活。",
          "_N$string": "适度游戏益脑，沉迷游戏伤身，合理安排时间，享受健康生活。",
          "_fontSize": 25,
          "_lineHeight": 25,
          "_N$horizontalAlign": 1,
          "_N$verticalAlign": 1
        }
      ],
      "_prefab": {
        "__type__": "cc.PrefabInfo",
        "root": {
          "__id__": 1
        },
        "asset": {
          "__id__": 0
        },
        "fileId": "acPzCXxL1NtZt68HH3MaI8"
      },
      "_color": {
        "__type__": "cc.Color"
      },
      "_contentSize": {
        "__type__": "cc.Size",
        "width": 700,
        "height": 31.5
      },
      "_position": {
        "__type__": "cc.Vec3",
        "x": 6.842,
        "y": -79.432
      }
    },
    {
      "__type__": "cc.Node",
      "_name": "New Label",
      "_parent": {
        "__id__": 36
      },
      "_active": false,
      "_level": 2,
      "_components": [
        {
          "__type__": "cc.Label",
          "node": {
            "__id__": 39
          },
          "_materials": [
            {
              "__uuid__": "ecpdLyjvZBwrvm+cedCcQy"
            }
          ],
          "_useOriginalSize": false,
          "_string": "著作权人：戴辉",
          "_N$string": "著作权人：戴辉",
          "_fontSize": 25,
          "_lineHeight": 25,
          "_N$horizontalAlign": 1,
          "_N$verticalAlign": 1
        }
      ],
      "_prefab": {
        "__type__": "cc.PrefabInfo",
        "root": {
          "__id__": 1
        },
        "asset": {
          "__id__": 0
        },
        "fileId": "f3UOSkoV9Eo4xqvglKAQgT"
      },
      "_contentSize": {
        "__type__": "cc.Size",
        "width": 175,
        "height": 31.5
      },
      "_position": {
        "__type__": "cc.Vec3",
        "x": 6.842,
        "y": -117.605
      }
    },
    {
      "__type__": "cc.Node",
      "_name": "New Label",
      "_parent": {
        "__id__": 36
      },
      "_active": false,
      "_level": 2,
      "_components": [
        {
          "__type__": "cc.Label",
          "node": {
            "__id__": 40
          },
          "_materials": [
            {
              "__uuid__": "ecpdLyjvZBwrvm+cedCcQy"
            }
          ],
          "_useOriginalSize": false,
          "_string": "登记号：2021SR1087467",
          "_N$string": "登记号：2021SR1087467",
          "_fontSize": 25,
          "_lineHeight": 25,
          "_N$horizontalAlign": 1,
          "_N$verticalAlign": 1
        }
      ],
      "_prefab": {
        "__type__": "cc.PrefabInfo",
        "root": {
          "__id__": 1
        },
        "asset": {
          "__id__": 0
        },
        "fileId": "69u+viAT9AqJuD2+8ICGaH"
      },
      "_contentSize": {
        "__type__": "cc.Size",
        "width": 287.67,
        "height": 31.5
      },
      "_position": {
        "__type__": "cc.Vec3",
        "x": 20.598,
        "y": -150.051
      }
    }
  ],
  {
    "__type__": "cc.SpriteFrame",
    "content": {
      "name": "bg10912",
      "texture": "cfAlbpQgZPHKPwza284m7H",
      "rect": [
        0,
        0,
        750,
        1624
      ],
      "offset": [
        0,
        0
      ],
      "originalSize": [
        750,
        1624
      ],
      "capInsets": [
        0,
        0,
        0,
        0
      ]
    }
  },
  {
    "__type__": "cc.SpriteFrame",
    "content": {
      "name": "default_panel",
      "texture": "d8HsitJHxOYqo801xBk8ev",
      "rect": [
        0,
        0,
        20,
        20
      ],
      "offset": [
        0,
        0
      ],
      "originalSize": [
        20,
        20
      ],
      "capInsets": [
        6,
        6,
        6,
        6
      ]
    }
  },
  {
    "__type__": "cc.SpriteFrame",
    "content": {
      "name": "img_bgbtn",
      "texture": "556ZTN3N9PeJozvDWbaQzN",
      "rect": [
        5,
        5,
        437,
        80
      ],
      "offset": [
        0,
        -2
      ],
      "originalSize": [
        447,
        86
      ],
      "capInsets": [
        0,
        0,
        0,
        0
      ]
    }
  },
  {
    "__type__": "cc.SpriteFrame",
    "content": {
      "name": "default_btn_pressed",
      "texture": "b4P/PCArtIdIH38t6mlw8Y",
      "rect": [
        0,
        0,
        40,
        40
      ],
      "offset": [
        0,
        0
      ],
      "originalSize": [
        40,
        40
      ],
      "capInsets": [
        12,
        12,
        12,
        12
      ]
    }
  },
  {
    "__type__": "cc.SpriteFrame",
    "content": {
      "name": "bggg",
      "texture": "d5jf9ZSI5HvbwoX17tZPJP",
      "rect": [
        0,
        0,
        100,
        118
      ],
      "offset": [
        0,
        0
      ],
      "originalSize": [
        100,
        118
      ],
      "capInsets": [
        27,
        25,
        28,
        29
      ]
    }
  },
  {
    "__type__": "cc.SpriteFrame",
    "content": {
      "name": "default_btn_normal",
      "texture": "e8Ueib+qJEhL6mXAHdnwbi",
      "rect": [
        0,
        0,
        40,
        40
      ],
      "offset": [
        0,
        0
      ],
      "originalSize": [
        40,
        40
      ],
      "capInsets": [
        12,
        12,
        12,
        12
      ]
    }
  }
]