{
"texture":"水花2.png",
"endAlphaVariance":0
,"rotatePerSecondVariance":10
,"endAlpha":1
,"emitAngleVariance":360
,"radialAcceleration":0
,"startAlpha":1
,"startRotation":0
,"endRedVariance":0
,"startRotationVariance":0
,"emitterVariance":{"x":0,"y":0}
,"endRotation":0
,"startGreenVariance":0
,"endSizeVariance":4
,"endRotationVariance":0
,"startRedVariance":0
,"emitAngle":180
,"startBlue":255
,"speedVariance":0
,"startRed":255
,"startAlphaVariance":0
,"gravity":{"x":0,"y":200}
,"maxRadius":100
,"maxParticles":70
,"endBlue":255
,"endGreen":255
,"radialAccelerationVariance":0
,"emitterType":0
,"endBlueVariance":0
,"blendFactorSource":"one"
,"speed":300
,"tangentialAccelerationVariance":0
,"tangentialAcceleration":0
,"maxRadiusVariance":30
,"lifespan":400
,"blendFactorDestination":"oneMinusSourceAlpha"
,"minRadius":20
,"lifespanVariance":400
,"duration":100
,"minRadiusVariance":10
,"startSize":28
,"rotatePerSecond":30
,"startSizeVariance":8
,"engGreenVariance":0
,"startBlueVariance":0
,"endSize":10
,"startGreen":255
,"emitter":{"x":0,"y":0}
,"endRed":255
}