{
"texture":"r.png",
"emitAngleVariance":30
,"minRadiusVariance":10
,"startBlue":255
,"startRotation":180
,"startAlpha":1
,"endAlphaVariance":0
,"startRotationVariance":60
,"endRotation":720
,"startGreen":255
,"endRotationVariance":60
,"startAlphaVariance":0
,"startRed":255
,"endGreen":255
,"startGreenVariance":0
,"speedVariance":100
,"gravity":{"x":150,"y":400}
,"emitter":{"x":0,"y":0}
,"endRedVariance":0
,"engGreenVariance":0
,"radialAcceleration":0
,"startBlueVariance":0
,"radialAccelerationVariance":0
,"emitterType":0
,"endBlue":255
,"blendFactorSource":"one"
,"maxParticles":40
,"startRedVariance":0
,"speed":600
,"maxRadius":100
,"tangentialAcceleration":0
,"maxRadiusVariance":30
,"lifespan":1000
,"tangentialAccelerationVariance":0
,"minRadius":20
,"lifespanVariance":1000
,"emitterVariance":{"x":0,"y":100}
,"endBlueVariance":0
,"rotatePerSecond":30
,"startSizeVariance":6
,"blendFactorDestination":"oneMinusSourceAlpha"
,"rotatePerSecondVariance":10
,"endSize":20
,"duration":200
,"startSize":20
,"endSizeVariance":6
,"endRed":255
,"endAlpha":1
,"emitAngle":-135
}