{
"texture":"newParticle.png",
"startAlphaVariance":0
,"emitAngleVariance":45
,"endAlphaVariance":0
,"maxRadius":100
,"startRotation":0
,"startSizeVariance":10
,"startRotationVariance":0
,"endSize":10
,"endRotation":0
,"endAlpha":1
,"startBlue":255
,"endRotationVariance":0
,"startGreenVariance":0
,"speedVariance":100
,"endGreen":255
,"startRedVariance":0
,"startBlueVariance":0
,"gravity":{"x":0,"y":160}
,"engGreenVariance":0
,"maxParticles":40
,"radialAcceleration":0
,"endRed":255
,"emitterVariance":{"x":10,"y":0}
,"emitterType":0
,"blendFactorSource":"one"
,"tangentialAccelerationVariance":0
,"speed":300
,"emitter":{"x":596,"y":306}
,"tangentialAcceleration":0
,"maxRadiusVariance":30
,"lifespan":500
,"blendFactorDestination":"oneMinusSourceAlpha"
,"minRadius":20
,"lifespanVariance":400
,"startGreen":255
,"minRadiusVariance":10
,"startSize":40
,"endBlue":255
,"rotatePerSecond":30
,"endRedVariance":0
,"rotatePerSecondVariance":10
,"endBlueVariance":0
,"duration":100
,"radialAccelerationVariance":0
,"endSizeVariance":5
,"startRed":255
,"startAlpha":1
,"emitAngle":-90
}