{"__type__":"dragonBones.DragonBonesAsset","_name":"wuqi_ske","_dragonBonesJson":"{\"frameRate\":24,\"name\":\"wuqi\",\"version\":\"5.5\",\"compatibleVersion\":\"5.5\",\"armature\":[{\"type\":\"Armature\",\"frameRate\":24,\"name\":\"铁斩\",\"aabb\":{\"x\":-19.58,\"y\":-21.07,\"width\":27,\"height\":159},\"bone\":[{\"name\":\"root\"},{\"name\":\"bone\",\"parent\":\"root\",\"transform\":{\"x\":0.2307,\"y\":-0.9382}}],\"slot\":[{\"name\":\"木剑\",\"parent\":\"bone\"}],\"skin\":[{\"slot\":[{\"name\":\"木剑\",\"display\":[{\"name\":\"木剑\",\"transform\":{\"x\":-6.31,\"y\":59.37},\"path\":\"wuqi1\"}]}]}],\"animation\":[{\"duration\":0,\"playTimes\":0,\"name\":\"newAnimation\"}],\"defaultActions\":[{\"gotoAndPlay\":\"newAnimation\"}]},{\"type\":\"Armature\",\"frameRate\":24,\"name\":\"金属狼牙棒\",\"aabb\":{\"x\":-22.41,\"y\":-21.42,\"width\":46,\"height\":146},\"bone\":[{\"name\":\"root\"},{\"name\":\"bone\",\"parent\":\"root\",\"transform\":{\"x\":0.2307,\"y\":-0.9382}}],\"slot\":[{\"name\":\"木剑\",\"parent\":\"bone\"}],\"skin\":[{\"slot\":[{\"name\":\"木剑\",\"display\":[{\"name\":\"木剑\",\"transform\":{\"x\":0.36,\"y\":52.52,\"skX\":0.06,\"skY\":0.06},\"path\":\"wuqi5\"}]}]}],\"animation\":[{\"duration\":0,\"playTimes\":0,\"name\":\"newAnimation\"}],\"defaultActions\":[{\"gotoAndPlay\":\"newAnimation\"}]},{\"type\":\"Armature\",\"frameRate\":24,\"name\":\"初始武器\",\"aabb\":{\"x\":-9.98,\"y\":-17.87,\"width\":21,\"height\":141},\"bone\":[{\"name\":\"root\"},{\"name\":\"bone\",\"parent\":\"root\",\"transform\":{\"x\":0.2307,\"y\":-0.9382}}],\"slot\":[{\"name\":\"木剑\",\"parent\":\"bone\"}],\"skin\":[{\"slot\":[{\"name\":\"木剑\",\"display\":[{\"name\":\"木剑\",\"transform\":{\"x\":0.29,\"y\":53.57},\"path\":\"wuqi3\"}]}]}],\"animation\":[{\"duration\":0,\"playTimes\":0,\"name\":\"newAnimation\"}],\"defaultActions\":[{\"gotoAndPlay\":\"newAnimation\"}]},{\"type\":\"Armature\",\"frameRate\":24,\"name\":\"破坏大剑\",\"aabb\":{\"x\":-12.9,\"y\":-18.05,\"width\":26,\"height\":161},\"bone\":[{\"name\":\"root\"},{\"name\":\"bone\",\"parent\":\"root\",\"transform\":{\"x\":0.2307,\"y\":-0.9382}}],\"slot\":[{\"name\":\"木剑\",\"parent\":\"bone\"}],\"skin\":[{\"slot\":[{\"name\":\"木剑\",\"display\":[{\"name\":\"木剑\",\"transform\":{\"x\":-0.13,\"y\":63.38},\"path\":\"wuqi0\"}]}]}],\"animation\":[{\"duration\":0,\"playTimes\":0,\"name\":\"newAnimation\"}],\"defaultActions\":[{\"gotoAndPlay\":\"newAnimation\"}]},{\"type\":\"Armature\",\"frameRate\":24,\"name\":\"红药水\",\"aabb\":{\"x\":-22.36,\"y\":-10.93,\"width\":43,\"height\":53},\"bone\":[{\"name\":\"root\"},{\"name\":\"yaoshui1\",\"parent\":\"root\",\"transform\":{\"y\":0.135}}],\"slot\":[{\"name\":\"yaoshui1\",\"parent\":\"yaoshui1\"}],\"skin\":[{\"slot\":[{\"name\":\"yaoshui1\",\"display\":[{\"name\":\"yaoshui1\",\"transform\":{\"x\":-0.86,\"y\":15.44}}]}]}],\"animation\":[{\"duration\":0,\"playTimes\":0,\"name\":\"newAnimation\"}],\"defaultActions\":[{\"gotoAndPlay\":\"newAnimation\"}]},{\"type\":\"Armature\",\"frameRate\":24,\"name\":\"绿药水\",\"aabb\":{\"x\":-22.36,\"y\":-12.43,\"width\":43,\"height\":56},\"bone\":[{\"name\":\"root\"},{\"name\":\"yaoshui1\",\"parent\":\"root\",\"transform\":{\"y\":0.135}}],\"slot\":[{\"name\":\"yaoshui1\",\"parent\":\"yaoshui1\"}],\"skin\":[{\"slot\":[{\"name\":\"yaoshui1\",\"display\":[{\"name\":\"yaoshui1\",\"transform\":{\"x\":-0.86,\"y\":15.44},\"path\":\"lvyaoshui\"}]}]}],\"animation\":[{\"duration\":0,\"playTimes\":0,\"name\":\"newAnimation\"}],\"defaultActions\":[{\"gotoAndPlay\":\"newAnimation\"}]},{\"type\":\"Armature\",\"frameRate\":24,\"name\":\"紫药水\",\"aabb\":{\"x\":-22.36,\"y\":-22.03,\"width\":43,\"height\":64},\"bone\":[{\"name\":\"root\"},{\"name\":\"yaoshui1\",\"parent\":\"root\",\"transform\":{\"y\":0.135}}],\"slot\":[{\"name\":\"yaoshui1\",\"parent\":\"yaoshui1\"}],\"skin\":[{\"slot\":[{\"name\":\"yaoshui1\",\"display\":[{\"name\":\"yaoshui1\",\"transform\":{\"x\":-0.86,\"y\":9.84},\"path\":\"ziyaoshui\"}]}]}],\"animation\":[{\"duration\":0,\"playTimes\":0,\"name\":\"newAnimation\"}],\"defaultActions\":[{\"gotoAndPlay\":\"newAnimation\"}]},{\"type\":\"Armature\",\"frameRate\":24,\"name\":\"斩首大刀\",\"aabb\":{\"x\":-12.4,\"y\":-25.41,\"width\":25,\"height\":159},\"bone\":[{\"name\":\"root\"},{\"name\":\"bone\",\"parent\":\"root\",\"transform\":{\"x\":0.2307,\"y\":-0.9382}}],\"slot\":[{\"name\":\"木剑\",\"parent\":\"bone\"}],\"skin\":[{\"slot\":[{\"name\":\"木剑\",\"display\":[{\"name\":\"木剑\",\"transform\":{\"x\":-0.13,\"y\":55.03},\"path\":\"wuqi4\"}]}]}],\"animation\":[{\"duration\":0,\"playTimes\":0,\"name\":\"newAnimation\"}],\"defaultActions\":[{\"gotoAndPlay\":\"newAnimation\"}]},{\"type\":\"Armature\",\"frameRate\":24,\"name\":\"木狼牙棒\",\"aabb\":{\"x\":-22.8,\"y\":-27.2,\"width\":46,\"height\":146},\"bone\":[{\"name\":\"root\"},{\"name\":\"bone\",\"parent\":\"root\",\"transform\":{\"x\":0.2307,\"y\":-0.9382}}],\"slot\":[{\"name\":\"木剑\",\"parent\":\"bone\"}],\"skin\":[{\"slot\":[{\"name\":\"木剑\",\"display\":[{\"name\":\"木剑\",\"transform\":{\"x\":-0.03,\"y\":46.74},\"path\":\"wuqi2\"}]}]}],\"animation\":[{\"duration\":0,\"playTimes\":0,\"name\":\"newAnimation\"}],\"defaultActions\":[{\"gotoAndPlay\":\"newAnimation\"}]},{\"type\":\"Armature\",\"frameRate\":24,\"name\":\"炎龙剑\",\"aabb\":{\"x\":-19.64,\"y\":-23.81,\"width\":40,\"height\":161},\"bone\":[{\"name\":\"root\"},{\"name\":\"bone\",\"parent\":\"root\",\"transform\":{\"x\":0.2307,\"y\":-0.9382}}],\"slot\":[{\"name\":\"木剑\",\"parent\":\"bone\"}],\"skin\":[{\"slot\":[{\"name\":\"木剑\",\"display\":[{\"name\":\"木剑\",\"transform\":{\"x\":0.13,\"y\":57.63},\"path\":\"wuqi6\"}]}]}],\"animation\":[{\"duration\":0,\"playTimes\":0,\"name\":\"newAnimation\"}],\"defaultActions\":[{\"gotoAndPlay\":\"newAnimation\"}]},{\"type\":\"Armature\",\"frameRate\":24,\"name\":\"血刃\",\"aabb\":{\"x\":-16.47,\"y\":-22.32,\"width\":37,\"height\":160},\"bone\":[{\"name\":\"root\"},{\"name\":\"bone\",\"parent\":\"root\",\"transform\":{\"x\":0.2307,\"y\":-0.9382}}],\"slot\":[{\"name\":\"木剑\",\"parent\":\"bone\"}],\"skin\":[{\"slot\":[{\"name\":\"木剑\",\"display\":[{\"name\":\"木剑\",\"transform\":{\"x\":1.8,\"y\":58.61},\"path\":\"wuqi7\"}]}]}],\"animation\":[{\"duration\":0,\"playTimes\":0,\"name\":\"newAnimation\"}],\"defaultActions\":[{\"gotoAndPlay\":\"newAnimation\"}]},{\"type\":\"Armature\",\"frameRate\":24,\"name\":\"紫钢\",\"aabb\":{\"x\":-15.38,\"y\":-24.37,\"width\":33,\"height\":155},\"bone\":[{\"name\":\"root\"},{\"name\":\"bone\",\"parent\":\"root\",\"transform\":{\"x\":0.2307,\"y\":-0.9382}}],\"slot\":[{\"name\":\"木剑\",\"parent\":\"bone\"}],\"skin\":[{\"slot\":[{\"name\":\"木剑\",\"display\":[{\"name\":\"木剑\",\"transform\":{\"x\":0.89,\"y\":54.07},\"path\":\"wuqi8\"}]}]}],\"animation\":[{\"duration\":0,\"playTimes\":0,\"name\":\"newAnimation\"}],\"defaultActions\":[{\"gotoAndPlay\":\"newAnimation\"}]},{\"type\":\"Armature\",\"frameRate\":24,\"name\":\"暴鲨\",\"aabb\":{\"x\":-20.64,\"y\":-34.54,\"width\":43,\"height\":169},\"bone\":[{\"name\":\"root\"},{\"name\":\"bone\",\"parent\":\"root\",\"transform\":{\"x\":0.2307,\"y\":-0.9382}}],\"slot\":[{\"name\":\"木剑\",\"parent\":\"bone\"}],\"skin\":[{\"slot\":[{\"name\":\"木剑\",\"display\":[{\"name\":\"木剑\",\"transform\":{\"x\":0.63,\"y\":50.9},\"path\":\"wuqi9\"}]}]}],\"animation\":[{\"duration\":0,\"playTimes\":0,\"name\":\"newAnimation\"}],\"defaultActions\":[{\"gotoAndPlay\":\"newAnimation\"}]},{\"type\":\"Armature\",\"frameRate\":24,\"name\":\"幽冥\",\"aabb\":{\"x\":-22.76,\"y\":-22.75,\"width\":48,\"height\":159},\"bone\":[{\"name\":\"root\"},{\"name\":\"bone\",\"parent\":\"root\",\"transform\":{\"x\":0.2307,\"y\":-0.9382}}],\"slot\":[{\"name\":\"木剑\",\"parent\":\"bone\"}],\"skin\":[{\"slot\":[{\"name\":\"木剑\",\"display\":[{\"name\":\"木剑\",\"transform\":{\"x\":1.01,\"y\":57.68},\"path\":\"wuqi10\"}]}]}],\"animation\":[{\"duration\":0,\"playTimes\":0,\"name\":\"newAnimation\"}],\"defaultActions\":[{\"gotoAndPlay\":\"newAnimation\"}]}]}"}