{"__type__":"cc.AnimationClip","_name":"daohit","_duration":0.2,"sample":30,"curveData":{"comps":{"cc.Sprite":{"spriteFrame":[{"frame":0,"value":{"__uuid__":"f8uaQcvzNEw661w5GHWeUj"}},{"frame":0.03333333333333333,"value":{"__uuid__":"c4SuVsWf9FX4fb0GLDJlGG"}},{"frame":0.06666666666666667,"value":{"__uuid__":"caGMJfcvJN15VlZiCmPahD"}},{"frame":0.1,"value":{"__uuid__":"7fmnF74ypJ35N5EWMD9WE0"}},{"frame":0.13333333333333333,"value":{"__uuid__":"289TY8tfZGWLR/EDjhn/a3"}},{"frame":0.16666666666666666,"value":{"__uuid__":"04QTtJZY9EzYh2yJM2R6cs"}}]}},"props":{"scale":[{"frame":0,"value":{"__type__":"cc.Vec2","x":1,"y":1}},{"frame":0.03333333333333333,"value":{"__type__":"cc.Vec2","x":1,"y":2.1999999999999997}},{"frame":0.06666666666666667,"value":{"__type__":"cc.Vec2","x":1,"y":1}}]}}}