[{"__type__":"cc.Prefab","_name":"me_mc","data":{"__id__":1}},{"__type__":"cc.Node","_name":"me_mc","_children":[{"__id__":2},{"__id__":3},{"__id__":4},{"__id__":5},{"__id__":6},{"__id__":7},{"__id__":8},{"__id__":9},{"__id__":10},{"__id__":11},{"__id__":12},{"__id__":14},{"__id__":16},{"__id__":18},{"__id__":20},{"__id__":22},{"__id__":23},{"__id__":24},{"__id__":25},{"__id__":26},{"__id__":27},{"__id__":28}],"_components":[{"__type__":"ce3b9IXCoBC+5nBKcjMKXj3","node":{"__id__":1}}],"_prefab":{"__type__":"cc.PrefabInfo","root":{"__id__":1},"asset":{"__uuid__":"a79V52PsRODJOdGuC7PX0Y"}},"_trs":{"__type__":"TypedArray","ctor":"Float64Array","array":[0,0,0,0,0,0,1,1,1,1]}},{"__type__":"cc.Node","_name":"bj","_parent":{"__id__":1},"_components":[{"__type__":"e97baXNkTtEN5txJxjMsMQL","node":{"__id__":2},"_materials":[{"__uuid__":"ecpdLyjvZBwrvm+cedCcQy"}],"_spriteFrame":{"__uuid__":"f7y79NZn9Ny5V9r6BD3zm1"},"_sizeMode":0}],"_prefab":{"__type__":"cc.PrefabInfo","root":{"__id__":1},"asset":{"__uuid__":"a79V52PsRODJOdGuC7PX0Y"},"fileId":"b4n5hexehLPoWJbtkBsf42"},"_opacity":50,"_contentSize":{"__type__":"cc.Size","width":779,"height":405},"_trs":{"__type__":"TypedArray","ctor":"Float64Array","array":[210.765,13.71,0,0,0,0,1,1,1,1]}},{"__type__":"cc.Node","_name":"k2","_parent":{"__id__":1},"_components":[{"__type__":"e97baXNkTtEN5txJxjMsMQL","node":{"__id__":3},"_materials":[{"__uuid__":"ecpdLyjvZBwrvm+cedCcQy"}],"_spriteFrame":{"__uuid__":"e12p+T34xANphZvCHNQE0K"}}],"_prefab":{"__type__":"cc.PrefabInfo","root":{"__id__":1},"asset":{"__uuid__":"a79V52PsRODJOdGuC7PX0Y"},"fileId":"06HFEY2z1NnpCZdU/gtla6"},"_opacity":100,"_contentSize":{"__type__":"cc.Size","width":135,"height":217},"_trs":{"__type__":"TypedArray","ctor":"Float64Array","array":[-93.62165,50.83123,0,0,0,0,1,0.796,0.796,0.796]}},{"__type__":"cc.Node","_name":"k2","_parent":{"__id__":1},"_components":[{"__type__":"e97baXNkTtEN5txJxjMsMQL","node":{"__id__":4},"_materials":[{"__uuid__":"ecpdLyjvZBwrvm+cedCcQy"}],"_spriteFrame":{"__uuid__":"e12p+T34xANphZvCHNQE0K"}}],"_prefab":{"__type__":"cc.PrefabInfo","root":{"__id__":1},"asset":{"__uuid__":"a79V52PsRODJOdGuC7PX0Y"},"fileId":"ebgSAsvfVLv5lrmEV7yCjp"},"_opacity":100,"_contentSize":{"__type__":"cc.Size","width":135,"height":217},"_trs":{"__type__":"TypedArray","ctor":"Float64Array","array":[58.79881,50.83123,0,0,0,0,1,0.796,0.796,0.796]}},{"__type__":"cc.Node","_name":"k2","_parent":{"__id__":1},"_components":[{"__type__":"e97baXNkTtEN5txJxjMsMQL","node":{"__id__":5},"_materials":[{"__uuid__":"ecpdLyjvZBwrvm+cedCcQy"}],"_spriteFrame":{"__uuid__":"e12p+T34xANphZvCHNQE0K"}}],"_prefab":{"__type__":"cc.PrefabInfo","root":{"__id__":1},"asset":{"__uuid__":"a79V52PsRODJOdGuC7PX0Y"},"fileId":"83uDeMEdBEHZT7lysN2uMp"},"_opacity":100,"_contentSize":{"__type__":"cc.Size","width":135,"height":217},"_trs":{"__type__":"TypedArray","ctor":"Float64Array","array":[197.24153,50.83123,0,0,0,0,1,0.796,0.796,0.796]}},{"__type__":"cc.Node","_name":"k2","_parent":{"__id__":1},"_components":[{"__type__":"e97baXNkTtEN5txJxjMsMQL","node":{"__id__":6},"_materials":[{"__uuid__":"ecpdLyjvZBwrvm+cedCcQy"}],"_spriteFrame":{"__uuid__":"e12p+T34xANphZvCHNQE0K"}}],"_prefab":{"__type__":"cc.PrefabInfo","root":{"__id__":1},"asset":{"__uuid__":"a79V52PsRODJOdGuC7PX0Y"},"fileId":"7ca5yiutdAb4dhlC2M6CJJ"},"_opacity":100,"_contentSize":{"__type__":"cc.Size","width":135,"height":217},"_trs":{"__type__":"TypedArray","ctor":"Float64Array","array":[346.33391,50.83123,0,0,0,0,1,0.796,0.796,0.796]}},{"__type__":"cc.Node","_name":"k2","_parent":{"__id__":1},"_components":[{"__type__":"e97baXNkTtEN5txJxjMsMQL","node":{"__id__":7},"_materials":[{"__uuid__":"ecpdLyjvZBwrvm+cedCcQy"}],"_spriteFrame":{"__uuid__":"e12p+T34xANphZvCHNQE0K"}}],"_prefab":{"__type__":"cc.PrefabInfo","root":{"__id__":1},"asset":{"__uuid__":"a79V52PsRODJOdGuC7PX0Y"},"fileId":"0cShQQnlVBdp3WxS0ZO1N0"},"_opacity":100,"_contentSize":{"__type__":"cc.Size","width":135,"height":217},"_trs":{"__type__":"TypedArray","ctor":"Float64Array","array":[498.72653,50.83123,0,0,0,0,1,0.796,0.796,0.796]}},{"__type__":"cc.Node","_name":"pifu1","_parent":{"__id__":1},"_components":[{"__type__":"e5296PHi0NFCIo2EFCDm+CX","node":{"__id__":8},"_materials":[{"__uuid__":"ecpdLyjvZBwrvm+cedCcQy"}],"_armatureName":"pifu1","_animationName":"budong","_preCacheMode":0,"premultipliedAlpha":true,"_armatureKey":"957c750a-15fd-45e1-bbf7-5947a6edb6d4#d7be8a56-319c-43ca-8b14-a116d311da72","_N$dragonAsset":{"__uuid__":"95fHUKFf1F4bv3WUem7bbU"},"_N$dragonAtlasAsset":{"__uuid__":"d7vopWMZxDyosUoRbTEdpy"},"_N$enableBatch":true}],"_prefab":{"__type__":"cc.PrefabInfo","root":{"__id__":1},"asset":{"__uuid__":"a79V52PsRODJOdGuC7PX0Y"},"fileId":"bbgBg8jqJLAIJsVU9MeONN"},"_contentSize":{"__type__":"cc.Size","width":62,"height":1801.35},"_trs":{"__type__":"TypedArray","ctor":"Float64Array","array":[-92.97849,-24.425,0,0,0,0,1,0.796,0.796,0.796]}},{"__type__":"cc.Node","_name":"pifu2","_parent":{"__id__":1},"_components":[{"__type__":"e5296PHi0NFCIo2EFCDm+CX","node":{"__id__":9},"_materials":[{"__uuid__":"ecpdLyjvZBwrvm+cedCcQy"}],"_armatureName":"pifu2","_animationName":"budong","_preCacheMode":0,"premultipliedAlpha":true,"_armatureKey":"957c750a-15fd-45e1-bbf7-5947a6edb6d4#d7be8a56-319c-43ca-8b14-a116d311da72","_N$dragonAsset":{"__uuid__":"95fHUKFf1F4bv3WUem7bbU"},"_N$dragonAtlasAsset":{"__uuid__":"d7vopWMZxDyosUoRbTEdpy"},"_N$enableBatch":true}],"_prefab":{"__type__":"cc.PrefabInfo","root":{"__id__":1},"asset":{"__uuid__":"a79V52PsRODJOdGuC7PX0Y"},"fileId":"57VnxKSCxOmISyf3m7l0Fn"},"_contentSize":{"__type__":"cc.Size","width":91.96,"height":1801.35},"_trs":{"__type__":"TypedArray","ctor":"Float64Array","array":[60.64951,-24.425,0,0,0,0,1,0.796,0.796,0.796]}},{"__type__":"cc.Node","_name":"pifu3","_parent":{"__id__":1},"_components":[{"__type__":"e5296PHi0NFCIo2EFCDm+CX","node":{"__id__":10},"_materials":[{"__uuid__":"ecpdLyjvZBwrvm+cedCcQy"}],"_armatureName":"pifu3","_animationName":"budong","_preCacheMode":0,"premultipliedAlpha":true,"_armatureKey":"957c750a-15fd-45e1-bbf7-5947a6edb6d4#d7be8a56-319c-43ca-8b14-a116d311da72","_N$dragonAsset":{"__uuid__":"95fHUKFf1F4bv3WUem7bbU"},"_N$dragonAtlasAsset":{"__uuid__":"d7vopWMZxDyosUoRbTEdpy"},"_N$enableBatch":true}],"_prefab":{"__type__":"cc.PrefabInfo","root":{"__id__":1},"asset":{"__uuid__":"a79V52PsRODJOdGuC7PX0Y"},"fileId":"84YAAPGdlBEqIwz6IWfZNR"},"_contentSize":{"__type__":"cc.Size","width":63.8,"height":1801.35},"_trs":{"__type__":"TypedArray","ctor":"Float64Array","array":[198.35751,-24.425,0,0,0,0,1,0.796,0.796,0.796]}},{"__type__":"cc.Node","_name":"pifu4","_parent":{"__id__":1},"_components":[{"__type__":"e5296PHi0NFCIo2EFCDm+CX","node":{"__id__":11},"_materials":[{"__uuid__":"ecpdLyjvZBwrvm+cedCcQy"}],"_armatureName":"pifu4","_animationName":"budong","_preCacheMode":0,"premultipliedAlpha":true,"_armatureKey":"957c750a-15fd-45e1-bbf7-5947a6edb6d4#d7be8a56-319c-43ca-8b14-a116d311da72","_N$dragonAsset":{"__uuid__":"95fHUKFf1F4bv3WUem7bbU"},"_N$dragonAtlasAsset":{"__uuid__":"d7vopWMZxDyosUoRbTEdpy"},"_N$enableBatch":true}],"_prefab":{"__type__":"cc.PrefabInfo","root":{"__id__":1},"asset":{"__uuid__":"a79V52PsRODJOdGuC7PX0Y"},"fileId":"ebbSEdfHRLE4JJyIXJ46Ip"},"_contentSize":{"__type__":"cc.Size","width":67.36,"height":1801.35},"_trs":{"__type__":"TypedArray","ctor":"Float64Array","array":[349.59751,-24.425,0,0,0,0,1,0.796,0.796,0.796]}},{"__type__":"cc.Node","_name":"k2btn1","_parent":{"__id__":1},"_children":[{"__id__":13}],"_components":[{"__type__":"e97baXNkTtEN5txJxjMsMQL","node":{"__id__":12},"_materials":[{"__uuid__":"ecpdLyjvZBwrvm+cedCcQy"}],"_spriteFrame":{"__uuid__":"6dGZ48pllP8ZxlkLRrtbot"}}],"_prefab":{"__type__":"cc.PrefabInfo","root":{"__id__":1},"asset":{"__uuid__":"a79V52PsRODJOdGuC7PX0Y"},"fileId":"1eZWZ/AAROj4K/YYpNk284"},"_contentSize":{"__type__":"cc.Size","width":135,"height":47},"_trs":{"__type__":"TypedArray","ctor":"Float64Array","array":[-91.50429,-70.72355,0,0,0,0,1,0.796,0.796,0.796]}},{"__type__":"cc.Node","_name":"New Label","_parent":{"__id__":12},"_components":[{"__type__":"169900iLpFDSrelEizBDC4Z","node":{"__id__":13},"_materials":[{"__uuid__":"ecpdLyjvZBwrvm+cedCcQy"}],"_useOriginalSize":false,"_string":"使用","_N$string":"使用","_fontSize":24,"_lineHeight":24,"_N$horizontalAlign":1,"_N$verticalAlign":1}],"_prefab":{"__type__":"cc.PrefabInfo","root":{"__id__":1},"asset":{"__uuid__":"a79V52PsRODJOdGuC7PX0Y"},"fileId":"e56lobnCJDFr4WVJX6TxqU"},"_contentSize":{"__type__":"cc.Size","width":48,"height":30.24},"_trs":{"__type__":"TypedArray","ctor":"Float64Array","array":[0,0,0,0,0,0,1,1,1,1]}},{"__type__":"cc.Node","_name":"k2btn2","_parent":{"__id__":1},"_children":[{"__id__":15}],"_components":[{"__type__":"e97baXNkTtEN5txJxjMsMQL","node":{"__id__":14},"_materials":[{"__uuid__":"ecpdLyjvZBwrvm+cedCcQy"}],"_spriteFrame":{"__uuid__":"6dGZ48pllP8ZxlkLRrtbot"}}],"_prefab":{"__type__":"cc.PrefabInfo","root":{"__id__":1},"asset":{"__uuid__":"a79V52PsRODJOdGuC7PX0Y"},"fileId":"84BHVZC1xPFouobrz0dX2x"},"_contentSize":{"__type__":"cc.Size","width":135,"height":47},"_trs":{"__type__":"TypedArray","ctor":"Float64Array","array":[60.74185,-70.72355,0,0,0,0,1,0.796,0.796,0.796]}},{"__type__":"cc.Node","_name":"New Label","_parent":{"__id__":14},"_components":[{"__type__":"169900iLpFDSrelEizBDC4Z","node":{"__id__":15},"_materials":[{"__uuid__":"ecpdLyjvZBwrvm+cedCcQy"}],"_useOriginalSize":false,"_string":"使用","_N$string":"使用","_fontSize":24,"_lineHeight":24,"_N$horizontalAlign":1,"_N$verticalAlign":1}],"_prefab":{"__type__":"cc.PrefabInfo","root":{"__id__":1},"asset":{"__uuid__":"a79V52PsRODJOdGuC7PX0Y"},"fileId":"66pL1nOGdFFLRLzm9wxwdH"},"_contentSize":{"__type__":"cc.Size","width":48,"height":30.24},"_trs":{"__type__":"TypedArray","ctor":"Float64Array","array":[0,0,0,0,0,0,1,1,1,1]}},{"__type__":"cc.Node","_name":"k2btn3","_parent":{"__id__":1},"_children":[{"__id__":17}],"_components":[{"__type__":"e97baXNkTtEN5txJxjMsMQL","node":{"__id__":16},"_materials":[{"__uuid__":"ecpdLyjvZBwrvm+cedCcQy"}],"_spriteFrame":{"__uuid__":"6dGZ48pllP8ZxlkLRrtbot"}}],"_prefab":{"__type__":"cc.PrefabInfo","root":{"__id__":1},"asset":{"__uuid__":"a79V52PsRODJOdGuC7PX0Y"},"fileId":"c5quDQGnlPkYgwvfKm+EkT"},"_contentSize":{"__type__":"cc.Size","width":135,"height":47},"_trs":{"__type__":"TypedArray","ctor":"Float64Array","array":[199.06277,-70.72355,0,0,0,0,1,0.796,0.796,0.796]}},{"__type__":"cc.Node","_name":"New Label","_parent":{"__id__":16},"_components":[{"__type__":"169900iLpFDSrelEizBDC4Z","node":{"__id__":17},"_materials":[{"__uuid__":"ecpdLyjvZBwrvm+cedCcQy"}],"_useOriginalSize":false,"_string":"使用","_N$string":"使用","_fontSize":24,"_lineHeight":24,"_N$horizontalAlign":1,"_N$verticalAlign":1}],"_prefab":{"__type__":"cc.PrefabInfo","root":{"__id__":1},"asset":{"__uuid__":"a79V52PsRODJOdGuC7PX0Y"},"fileId":"aeFpyzS0lHYbIF8l6Oia2S"},"_contentSize":{"__type__":"cc.Size","width":48,"height":30.24},"_trs":{"__type__":"TypedArray","ctor":"Float64Array","array":[0,0,0,0,0,0,1,1,1,1]}},{"__type__":"cc.Node","_name":"k2btn4","_parent":{"__id__":1},"_children":[{"__id__":19}],"_components":[{"__type__":"e97baXNkTtEN5txJxjMsMQL","node":{"__id__":18},"_materials":[{"__uuid__":"ecpdLyjvZBwrvm+cedCcQy"}],"_spriteFrame":{"__uuid__":"6dGZ48pllP8ZxlkLRrtbot"}}],"_prefab":{"__type__":"cc.PrefabInfo","root":{"__id__":1},"asset":{"__uuid__":"a79V52PsRODJOdGuC7PX0Y"},"fileId":"29IzXAOQ5CPajVeb/Kwz+8"},"_contentSize":{"__type__":"cc.Size","width":135,"height":47},"_trs":{"__type__":"TypedArray","ctor":"Float64Array","array":[346.66665,-70.72355,0,0,0,0,1,0.796,0.796,0.796]}},{"__type__":"cc.Node","_name":"New Label","_parent":{"__id__":18},"_components":[{"__type__":"169900iLpFDSrelEizBDC4Z","node":{"__id__":19},"_materials":[{"__uuid__":"ecpdLyjvZBwrvm+cedCcQy"}],"_useOriginalSize":false,"_string":"使用","_N$string":"使用","_fontSize":24,"_lineHeight":24,"_N$horizontalAlign":1,"_N$verticalAlign":1}],"_prefab":{"__type__":"cc.PrefabInfo","root":{"__id__":1},"asset":{"__uuid__":"a79V52PsRODJOdGuC7PX0Y"},"fileId":"cbZdbTu7FAj44EzYFFTuvg"},"_contentSize":{"__type__":"cc.Size","width":48,"height":30.24},"_trs":{"__type__":"TypedArray","ctor":"Float64Array","array":[0,0,0,0,0,0,1,1,1,1]}},{"__type__":"cc.Node","_name":"k2btn5","_parent":{"__id__":1},"_children":[{"__id__":21}],"_components":[{"__type__":"e97baXNkTtEN5txJxjMsMQL","node":{"__id__":20},"_materials":[{"__uuid__":"ecpdLyjvZBwrvm+cedCcQy"}],"_spriteFrame":{"__uuid__":"6dGZ48pllP8ZxlkLRrtbot"}}],"_prefab":{"__type__":"cc.PrefabInfo","root":{"__id__":1},"asset":{"__uuid__":"a79V52PsRODJOdGuC7PX0Y"},"fileId":"e4+blD5XZLpbUVx3PqfSsi"},"_contentSize":{"__type__":"cc.Size","width":135,"height":47},"_trs":{"__type__":"TypedArray","ctor":"Float64Array","array":[499.05925,-70.72355,0,0,0,0,1,0.796,0.796,0.796]}},{"__type__":"cc.Node","_name":"New Label","_parent":{"__id__":20},"_components":[{"__type__":"169900iLpFDSrelEizBDC4Z","node":{"__id__":21},"_materials":[{"__uuid__":"ecpdLyjvZBwrvm+cedCcQy"}],"_useOriginalSize":false,"_string":"使用","_N$string":"使用","_fontSize":24,"_lineHeight":24,"_N$horizontalAlign":1,"_N$verticalAlign":1}],"_prefab":{"__type__":"cc.PrefabInfo","root":{"__id__":1},"asset":{"__uuid__":"a79V52PsRODJOdGuC7PX0Y"},"fileId":"adH1YC/elKsa5MUvB09jwb"},"_contentSize":{"__type__":"cc.Size","width":48,"height":30.24},"_trs":{"__type__":"TypedArray","ctor":"Float64Array","array":[0,0,0,0,0,0,1,1,1,1]}},{"__type__":"cc.Node","_name":"xx2","_parent":{"__id__":1},"_components":[{"__type__":"e97baXNkTtEN5txJxjMsMQL","node":{"__id__":22},"_materials":[{"__uuid__":"ecpdLyjvZBwrvm+cedCcQy"}],"_spriteFrame":{"__uuid__":"8cExtBFT5FZaNmkMmekPqU"}}],"_prefab":{"__type__":"cc.PrefabInfo","root":{"__id__":1},"asset":{"__uuid__":"a79V52PsRODJOdGuC7PX0Y"},"fileId":"ecej9nWnlIVpmIF8ByMa5Q"},"_contentSize":{"__type__":"cc.Size","width":51,"height":55},"_trs":{"__type__":"TypedArray","ctor":"Float64Array","array":[25.78869,119.64145,0,0,0,0,1,0.49193,0.49193,0.49193]}},{"__type__":"cc.Node","_name":"xx3","_parent":{"__id__":1},"_components":[{"__type__":"e97baXNkTtEN5txJxjMsMQL","node":{"__id__":23},"_materials":[{"__uuid__":"ecpdLyjvZBwrvm+cedCcQy"}],"_spriteFrame":{"__uuid__":"8cExtBFT5FZaNmkMmekPqU"}}],"_prefab":{"__type__":"cc.PrefabInfo","root":{"__id__":1},"asset":{"__uuid__":"a79V52PsRODJOdGuC7PX0Y"},"fileId":"ebi1B7e7NEz7rXbPyDCDo+"},"_contentSize":{"__type__":"cc.Size","width":51,"height":55},"_trs":{"__type__":"TypedArray","ctor":"Float64Array","array":[163.34864,119.64145,0,0,0,0,1,0.49193,0.49193,0.49193]}},{"__type__":"cc.Node","_name":"xx4","_parent":{"__id__":1},"_components":[{"__type__":"e97baXNkTtEN5txJxjMsMQL","node":{"__id__":24},"_materials":[{"__uuid__":"ecpdLyjvZBwrvm+cedCcQy"}],"_spriteFrame":{"__uuid__":"8cExtBFT5FZaNmkMmekPqU"}}],"_prefab":{"__type__":"cc.PrefabInfo","root":{"__id__":1},"asset":{"__uuid__":"a79V52PsRODJOdGuC7PX0Y"},"fileId":"e7JrWGi2pJnKJlCFGjJhq5"},"_contentSize":{"__type__":"cc.Size","width":51,"height":55},"_trs":{"__type__":"TypedArray","ctor":"Float64Array","array":[311.12763,119.64145,0,0,0,0,1,0.49193,0.49193,0.49193]}},{"__type__":"cc.Node","_name":"xx1","_parent":{"__id__":1},"_components":[{"__type__":"e97baXNkTtEN5txJxjMsMQL","node":{"__id__":25},"_materials":[{"__uuid__":"ecpdLyjvZBwrvm+cedCcQy"}],"_spriteFrame":{"__uuid__":"8cExtBFT5FZaNmkMmekPqU"}}],"_prefab":{"__type__":"cc.PrefabInfo","root":{"__id__":1},"asset":{"__uuid__":"a79V52PsRODJOdGuC7PX0Y"},"fileId":"abZCRwb6VNOqeOytt0zchC"},"_contentSize":{"__type__":"cc.Size","width":51,"height":55},"_trs":{"__type__":"TypedArray","ctor":"Float64Array","array":[-128.27869,119.64145,0,0,0,0,1,0.49193,0.49193,0.49193]}},{"__type__":"cc.Node","_name":"pifu5","_parent":{"__id__":1},"_components":[{"__type__":"e5296PHi0NFCIo2EFCDm+CX","node":{"__id__":26},"_materials":[{"__uuid__":"ecpdLyjvZBwrvm+cedCcQy"}],"_armatureName":"pifu5","_animationName":"budong","_preCacheMode":0,"premultipliedAlpha":true,"_armatureKey":"957c750a-15fd-45e1-bbf7-5947a6edb6d4#d7be8a56-319c-43ca-8b14-a116d311da72","_N$dragonAsset":{"__uuid__":"95fHUKFf1F4bv3WUem7bbU"},"_N$dragonAtlasAsset":{"__uuid__":"d7vopWMZxDyosUoRbTEdpy"},"_N$enableBatch":true}],"_prefab":{"__type__":"cc.PrefabInfo","root":{"__id__":1},"asset":{"__uuid__":"a79V52PsRODJOdGuC7PX0Y"},"fileId":"c2fL5wNMpLK7MNAiL0AJg4"},"_contentSize":{"__type__":"cc.Size","width":62,"height":1801.35},"_trs":{"__type__":"TypedArray","ctor":"Float64Array","array":[501.99013,-24.425,0,0,0,0,1,0.796,0.796,0.796]}},{"__type__":"cc.Node","_name":"xx5","_parent":{"__id__":1},"_components":[{"__type__":"e97baXNkTtEN5txJxjMsMQL","node":{"__id__":27},"_materials":[{"__uuid__":"ecpdLyjvZBwrvm+cedCcQy"}],"_spriteFrame":{"__uuid__":"8cExtBFT5FZaNmkMmekPqU"}}],"_prefab":{"__type__":"cc.PrefabInfo","root":{"__id__":1},"asset":{"__uuid__":"a79V52PsRODJOdGuC7PX0Y"},"fileId":"53aUxu/IVPbLIf95+LvpGE"},"_contentSize":{"__type__":"cc.Size","width":51,"height":55},"_trs":{"__type__":"TypedArray","ctor":"Float64Array","array":[463.52024,119.64145,0,0,0,0,1,0.49193,0.49193,0.49193]}},{"__type__":"cc.Node","_name":"New Node","_parent":{"__id__":1},"_children":[{"__id__":29},{"__id__":30},{"__id__":31},{"__id__":32},{"__id__":33},{"__id__":34},{"__id__":35},{"__id__":36},{"__id__":37},{"__id__":38}],"_prefab":{"__type__":"cc.PrefabInfo","root":{"__id__":1},"asset":{"__uuid__":"a79V52PsRODJOdGuC7PX0Y"},"fileId":"a6N5NLsYxJB4jR9nZk/O6X"},"_trs":{"__type__":"TypedArray","ctor":"Float64Array","array":[-40.3,9.803,0,0,0,0,1,0.796,0.796,0.796]}},{"__type__":"cc.Node","_name":"label","_parent":{"__id__":28},"_components":[{"__type__":"169900iLpFDSrelEizBDC4Z","node":{"__id__":29},"_materials":[{"__uuid__":"ecpdLyjvZBwrvm+cedCcQy"}],"_string":"战力+0","_N$string":"战力+0","_fontSize":22,"_N$horizontalAlign":1,"_N$verticalAlign":1}],"_prefab":{"__type__":"cc.PrefabInfo","root":{"__id__":1},"asset":{"__uuid__":"a79V52PsRODJOdGuC7PX0Y"},"fileId":"82niQ5uWVDNp+6k9KPc90/"},"_contentSize":{"__type__":"cc.Size","width":69.08,"height":50.4},"_trs":{"__type__":"TypedArray","ctor":"Float64Array","array":[-73.33794,188.20226,0,0,0,0,1,1,1,1.25628]}},{"__type__":"cc.Node","_name":"label","_parent":{"__id__":28},"_components":[{"__type__":"169900iLpFDSrelEizBDC4Z","node":{"__id__":30},"_materials":[{"__uuid__":"ecpdLyjvZBwrvm+cedCcQy"}],"_string":"战力+10","_N$string":"战力+10","_fontSize":22,"_N$horizontalAlign":1,"_N$verticalAlign":1}],"_prefab":{"__type__":"cc.PrefabInfo","root":{"__id__":1},"asset":{"__uuid__":"a79V52PsRODJOdGuC7PX0Y"},"fileId":"37QXr37LlPL6v5SQmK0jmL"},"_contentSize":{"__type__":"cc.Size","width":81.32,"height":50.4},"_trs":{"__type__":"TypedArray","ctor":"Float64Array","array":[109.41583,185.77136,0,0,0,0,1,1,1,1.57824]}},{"__type__":"cc.Node","_name":"label","_parent":{"__id__":28},"_components":[{"__type__":"169900iLpFDSrelEizBDC4Z","node":{"__id__":31},"_materials":[{"__uuid__":"ecpdLyjvZBwrvm+cedCcQy"}],"_string":"战力+100","_N$string":"战力+100","_fontSize":22,"_N$horizontalAlign":1,"_N$verticalAlign":1}],"_prefab":{"__type__":"cc.PrefabInfo","root":{"__id__":1},"asset":{"__uuid__":"a79V52PsRODJOdGuC7PX0Y"},"fileId":"f4A+2Dt3RBrJ3ipqf9pmJP"},"_contentSize":{"__type__":"cc.Size","width":93.55,"height":50.4},"_trs":{"__type__":"TypedArray","ctor":"Float64Array","array":[298.94347,184.77136,0,0,0,0,1,1,1,1.57824]}},{"__type__":"cc.Node","_name":"label","_parent":{"__id__":28},"_components":[{"__type__":"169900iLpFDSrelEizBDC4Z","node":{"__id__":32},"_materials":[{"__uuid__":"ecpdLyjvZBwrvm+cedCcQy"}],"_string":"生命+100","_N$string":"生命+100","_fontSize":22,"_N$horizontalAlign":1,"_N$verticalAlign":1}],"_prefab":{"__type__":"cc.PrefabInfo","root":{"__id__":1},"asset":{"__uuid__":"a79V52PsRODJOdGuC7PX0Y"},"fileId":"0bGxqq9RxLjpD8Zez8kIWG"},"_contentSize":{"__type__":"cc.Size","width":93.55,"height":50.4},"_trs":{"__type__":"TypedArray","ctor":"Float64Array","array":[-73.85013,228.52819,0,0,0,0,1,1,1,1]}},{"__type__":"cc.Node","_name":"label","_parent":{"__id__":28},"_components":[{"__type__":"169900iLpFDSrelEizBDC4Z","node":{"__id__":33},"_materials":[{"__uuid__":"ecpdLyjvZBwrvm+cedCcQy"}],"_string":"生命+50","_N$string":"生命+50","_fontSize":22,"_N$horizontalAlign":1,"_N$verticalAlign":1}],"_prefab":{"__type__":"cc.PrefabInfo","root":{"__id__":1},"asset":{"__uuid__":"a79V52PsRODJOdGuC7PX0Y"},"fileId":"a3VLQzF3NM+JkSr1947wmZ"},"_contentSize":{"__type__":"cc.Size","width":81.32,"height":50.4},"_trs":{"__type__":"TypedArray","ctor":"Float64Array","array":[111.96187,227.70819,0,0,0,0,1,1,1,1]}},{"__type__":"cc.Node","_name":"label","_parent":{"__id__":28},"_components":[{"__type__":"169900iLpFDSrelEizBDC4Z","node":{"__id__":34},"_materials":[{"__uuid__":"ecpdLyjvZBwrvm+cedCcQy"}],"_string":"生命+500","_N$string":"生命+500","_fontSize":22,"_N$horizontalAlign":1,"_N$verticalAlign":1}],"_prefab":{"__type__":"cc.PrefabInfo","root":{"__id__":1},"asset":{"__uuid__":"a79V52PsRODJOdGuC7PX0Y"},"fileId":"2c+tJVLc9GZb4qYtpONV+M"},"_contentSize":{"__type__":"cc.Size","width":93.55,"height":50.4},"_trs":{"__type__":"TypedArray","ctor":"Float64Array","array":[297.77387,227.88819,0,0,0,0,1,1,1,1.57824]}},{"__type__":"cc.Node","_name":"label","_parent":{"__id__":28},"_components":[{"__type__":"169900iLpFDSrelEizBDC4Z","node":{"__id__":35},"_materials":[{"__uuid__":"ecpdLyjvZBwrvm+cedCcQy"}],"_string":"生命+200","_N$string":"生命+200","_fontSize":22,"_N$horizontalAlign":1,"_N$verticalAlign":1}],"_prefab":{"__type__":"cc.PrefabInfo","root":{"__id__":1},"asset":{"__uuid__":"a79V52PsRODJOdGuC7PX0Y"},"fileId":"d3LzRXZ25Hgql4mdd7hRvZ"},"_contentSize":{"__type__":"cc.Size","width":93.55,"height":50.4},"_trs":{"__type__":"TypedArray","ctor":"Float64Array","array":[484.128,225.999,0,0,0,0,1,1,1,1.98271]}},{"__type__":"cc.Node","_name":"label","_parent":{"__id__":28},"_components":[{"__type__":"169900iLpFDSrelEizBDC4Z","node":{"__id__":36},"_materials":[{"__uuid__":"ecpdLyjvZBwrvm+cedCcQy"}],"_string":"战力+40","_N$string":"战力+40","_fontSize":22,"_N$horizontalAlign":1,"_N$verticalAlign":1}],"_prefab":{"__type__":"cc.PrefabInfo","root":{"__id__":1},"asset":{"__uuid__":"a79V52PsRODJOdGuC7PX0Y"},"fileId":"50uygalIJM+5M5xD30IfFg"},"_contentSize":{"__type__":"cc.Size","width":81.32,"height":50.4},"_trs":{"__type__":"TypedArray","ctor":"Float64Array","array":[485.598,186.089,0,0,0,0,1,1,1,1.98271]}},{"__type__":"cc.Node","_name":"label","_parent":{"__id__":28},"_components":[{"__type__":"169900iLpFDSrelEizBDC4Z","node":{"__id__":37},"_materials":[{"__uuid__":"ecpdLyjvZBwrvm+cedCcQy"}],"_string":"生命+300","_N$string":"生命+300","_fontSize":22,"_N$horizontalAlign":1,"_N$verticalAlign":1}],"_prefab":{"__type__":"cc.PrefabInfo","root":{"__id__":1},"asset":{"__uuid__":"a79V52PsRODJOdGuC7PX0Y"},"fileId":"90WaKMbNNII5cQoposu2lm"},"_contentSize":{"__type__":"cc.Size","width":93.55,"height":50.4},"_trs":{"__type__":"TypedArray","ctor":"Float64Array","array":[679.555,224.08,0,0,0,0,1,1,1,1.25628]}},{"__type__":"cc.Node","_name":"label","_parent":{"__id__":28},"_components":[{"__type__":"169900iLpFDSrelEizBDC4Z","node":{"__id__":38},"_materials":[{"__uuid__":"ecpdLyjvZBwrvm+cedCcQy"}],"_string":"战力+25","_N$string":"战力+25","_fontSize":22,"_N$horizontalAlign":1,"_N$verticalAlign":1}],"_prefab":{"__type__":"cc.PrefabInfo","root":{"__id__":1},"asset":{"__uuid__":"a79V52PsRODJOdGuC7PX0Y"},"fileId":"1f/Etvb75M26a7nSJRSlvk"},"_contentSize":{"__type__":"cc.Size","width":81.32,"height":50.4},"_trs":{"__type__":"TypedArray","ctor":"Float64Array","array":[681.401,174.611,0,0,0,0,1,1,1,1.25628]}}]