{"__type__":"cc.AnimationClip","_name":"daxin1","_duration":0.3333333333333333,"sample":30,"curveData":{"comps":{"cc.Sprite":{"spriteFrame":[{"frame":0,"value":{"__uuid__":"45aboBcgJLHrkffCmRD6+W"}},{"frame":0.03333333333333333,"value":{"__uuid__":"79TrjtL4VOa53HmLPHuhYC"}},{"frame":0.06666666666666667,"value":{"__uuid__":"68eKQqY4ZHm6y5PndUkJT7"}},{"frame":0.1,"value":{"__uuid__":"2fONTIDJlKur1V6g0Xcfxp"}},{"frame":0.13333333333333333,"value":{"__uuid__":"c08hv3DDRBupE3XKSThOBf"}},{"frame":0.16666666666666666,"value":{"__uuid__":"02JxZiAPxLwJeV+S0JYKLq"}},{"frame":0.2,"value":{"__uuid__":"d35kN7a4pDIa7vD51jWcpZ"}},{"frame":0.23333333333333334,"value":{"__uuid__":"c54A5LmBRPtIi6r+rNT3xL"}},{"frame":0.26666666666666666,"value":{"__uuid__":"c0I5ESz7REK6UDiizXdLj7"}},{"frame":0.3,"value":{"__uuid__":"47jGIww35Da6LbAM7kltdG"}}]}}}}