[{"__type__":"cc.Prefab","_name":"fk10","data":{"__id__":1}},{"__type__":"cc.Node","_name":"fk10","_children":[{"__id__":2}],"_prefab":{"__type__":"cc.PrefabInfo","root":{"__id__":1}},"_trs":{"__type__":"TypedArray","ctor":"Float64Array","array":[0,0,0,0,0,0,1,1,1,1]}},{"__type__":"cc.Node","_name":"shu5","_parent":{"__id__":1},"_components":[{"__type__":"e97baXNkTtEN5txJxjMsMQL","node":{"__id__":2},"_materials":[{"__uuid__":"ecpdLyjvZBwrvm+cedCcQy"}],"_spriteFrame":{"__uuid__":"3bHJ6MBHBBZ4AcrhPnFqbH"}}],"_prefab":{"__type__":"cc.PrefabInfo","root":{"__id__":1},"fileId":"f42HUZNoNHeJQO09QtbO7T"},"_contentSize":{"__type__":"cc.Size","width":186,"height":553},"_trs":{"__type__":"TypedArray","ctor":"Float64Array","array":[-3,236,0,0,0,0,1,1,1,1]}}]