[{"__type__":"cc.Prefab","_name":"youxi_mc","data":{"__id__":1}},{"__type__":"cc.Node","_name":"youxi_mc","_children":[{"__id__":2},{"__id__":4}],"_prefab":{"__type__":"cc.PrefabInfo","root":{"__id__":1}},"_trs":{"__type__":"TypedArray","ctor":"Float64Array","array":[0,0,0,0,0,0,1,1,1,1]}},{"__type__":"cc.Node","_name":"bj","_parent":{"__id__":1},"_children":[{"__id__":3}],"_prefab":{"__type__":"cc.PrefabInfo","root":{"__id__":1},"fileId":"a8Vgl2MPRPWr6Jtuweo8um"},"_trs":{"__type__":"TypedArray","ctor":"Float64Array","array":[-218.779,0,0,0,0,0,1,1,1,1]}},{"__type__":"cc.Node","_name":"bj","_parent":{"__id__":2},"_components":[{"__type__":"e97baXNkTtEN5txJxjMsMQL","node":{"__id__":3},"_materials":[{"__uuid__":"ecpdLyjvZBwrvm+cedCcQy"}],"_spriteFrame":{"__uuid__":"f7y79NZn9Ny5V9r6BD3zm1"},"_sizeMode":0}],"_prefab":{"__type__":"cc.PrefabInfo","root":{"__id__":1},"fileId":"9e1H5pdQ9GR4l/AINNBtz+"},"_opacity":100,"_contentSize":{"__type__":"cc.Size","width":495,"height":275},"_trs":{"__type__":"TypedArray","ctor":"Float64Array","array":[210.765,37.471,0,0,0,0,1,1,1,1]}},{"__type__":"cc.Node","_name":"btn","_parent":{"__id__":1},"_children":[{"__id__":5}],"_components":[{"__type__":"e97baXNkTtEN5txJxjMsMQL","node":{"__id__":4},"_materials":[{"__uuid__":"ecpdLyjvZBwrvm+cedCcQy"}],"_spriteFrame":{"__uuid__":"f7y79NZn9Ny5V9r6BD3zm1"},"_sizeMode":0}],"_prefab":{"__type__":"cc.PrefabInfo","root":{"__id__":1},"fileId":"800aNhWR9IpZxLw5wTDs0K"},"_contentSize":{"__type__":"cc.Size","width":130,"height":50},"_trs":{"__type__":"TypedArray","ctor":"Float64Array","array":[-8.318,-62.656,0,0,0,0,1,1,1,1]}},{"__type__":"cc.Node","_name":"label","_parent":{"__id__":4},"_components":[{"__type__":"169900iLpFDSrelEizBDC4Z","node":{"__id__":5},"_materials":[{"__uuid__":"ecpdLyjvZBwrvm+cedCcQy"}],"_string":"关闭","_N$string":"关闭","_fontSize":25,"_N$horizontalAlign":1,"_N$verticalAlign":1}],"_prefab":{"__type__":"cc.PrefabInfo","root":{"__id__":1},"fileId":"24lz1f3r9HC5I9kdebSr/w"},"_contentSize":{"__type__":"cc.Size","width":50,"height":50.4},"_trs":{"__type__":"TypedArray","ctor":"Float64Array","array":[1.345,1.332,0,0,0,0,1,1,1,1]}}]