[{"__type__":"cc.Prefab","_name":"jianqi2","data":{"__id__":1}},{"__type__":"cc.Node","_name":"jianqi2","_components":[{"__type__":"e97baXNkTtEN5txJxjMsMQL","node":{"__id__":1},"_materials":[{"__uuid__":"ecpdLyjvZBwrvm+cedCcQy"}],"_srcBlendFactor":1,"_spriteFrame":{"__uuid__":"f0M4DienFIVK1G4PiQdrgB"}},{"__type__":"cc.BoxCollider","node":{"__id__":1},"tag":2,"_offset":{"__type__":"cc.Vec2","x":27,"y":-2},"_size":{"__type__":"cc.Size","width":104,"height":172}}],"_prefab":{"__type__":"cc.PrefabInfo","root":{"__id__":1}},"_contentSize":{"__type__":"cc.Size","width":158,"height":176},"_trs":{"__type__":"TypedArray","ctor":"Float64Array","array":[437.198,320.613,0,0,0,0,1,1,1,1]},"_groupIndex":6,"groupIndex":6}]