{"compId":2,"animations":[{"action":2,"nodes":[{"target":107,"keyframes":{"x":[{"index":0,"target":107,"tweenMethod":"linearNone","value":0,"tween":true,"key":"x"},{"index":20,"target":107,"tweenMethod":"linearNone","value":0,"tween":true,"key":"x"},{"index":40,"target":107,"tweenMethod":"linearNone","value":0,"tween":true,"key":"x"}],"scaleX":[{"index":0,"target":107,"tweenMethod":"linearNone","value":15,"tween":true,"key":"scaleX"},{"index":20,"target":107,"tweenMethod":"linearNone","value":20,"tween":true,"key":"scaleX"},{"index":40,"target":107,"tweenMethod":"linearNone","value":15,"tween":true,"key":"scaleX"}],"scaleY":[{"index":0,"target":107,"tweenMethod":"linearNone","value":15,"tween":true,"key":"scaleY"},{"index":20,"target":107,"tweenMethod":"linearNone","value":20,"tween":true,"key":"scaleY"},{"index":40,"target":107,"tweenMethod":"linearNone","value":15,"tween":true,"key":"scaleY"}]}}],"frameRate":24,"name":"anima_lobby_pifu","id":1}],"child":[{"compId":4,"type":"Image","props":{"sizeGrid":"7,9,8,6","pivotX":360,"centerY":0,"height":1280,"width":720,"centerX":0,"skin":"tex/lobby_buttom_black.png","var":"bg","alpha":0.8}},{"compId":130,"child":[{"compId":131,"type":"Script","props":{"y":0,"x":0,"runtime":"script/ForIPad.ts"}},{"compId":12,"child":[{"compId":113,"child":[{"compId":8,"type":"Image","props":{"name":"bg1","sizeGrid":"20,20,20,20","pivotX":341,"pivotY":431,"mouseEnabled":false,"height":639,"width":680,"skin":"tex/windows_buttom_1.png","y":433,"x":341}},{"compId":10,"type":"Image","props":{"name":"bg2","sizeGrid":"5,12,12,12","pivotX":330,"mouseEnabled":false,"height":547,"width":660,"skin":"tex/windows_buttom_2.png","y":87,"x":341}},{"compId":63,"type":"Image","props":{"name":"bg3","pivotX":314,"mouseEnabled":false,"skin":"tex/windows_buttom_pfunlock.png","y":134,"x":341}},{"compId":57,"type":"Image","props":{"pivotX":46,"mouseEnabled":false,"var":"title","centerX":0,"skin":"tex/zhuanpan_fnt4.png","y":20}},{"compId":123,"type":"Sprite","props":{"y":95,"x":243,"texture":"tex/zhuanpan_fnt5.png"}},{"compId":109,"child":[{"compId":106,"type":"Animation","props":{"scaleX":3,"scaleY":3,"source":"view/light.ani","y":0,"x":0,"autoAnimation":"ani1","autoPlay":true}},{"compId":107,"type":"Image","props":{"pivotX":9,"pivotY":9,"scaleX":15,"scaleY":15,"height":17,"width":17,"blendMode":"lighter","skin":"tex/effect_round.png","y":0,"x":0}}],"type":"Box","props":{"y":322.5,"x":341,"height":270,"name":"light","width":274}},{"compId":97,"type":"Image","props":{"y":164,"x":266,"name":"balloon","skin":"tex/qiqiu.png"}},{"compId":124,"type":"Sprite","props":{"y":399,"x":175,"name":"desc","texture":"tex/qiqiu_fnt.png"}},{"compId":51,"child":[{"compId":54,"type":"Image","props":{"mouseEnabled":false,"var":"btnTxt","centerX":25,"skin":"tex/fnt_windows_biaoti_pftry.png","y":31,"x":120}},{"compId":95,"type":"Image","props":{"y":24,"x":32,"skin":"tex/windows_icon_play.png","var":"btnIco"}},{"compId":102,"type":"Script","props":{"y":0,"x":0,"runtime":"script/ScaleBtn.ts"}}],"type":"Button","props":{"width":260,"skin":"tex/pure/lobby_btn_blue.png","anchorX":0.5,"height":91,"var":"_btnGet","stateNum":1,"y":621,"x":341,"anchorY":0.5,"sizeGrid":"10,10,16,10"}}],"type":"Sprite","props":{"name":"content","pivotX":340,"pivotY":333,"height":666,"width":680,"y":335,"x":340}},{"compId":112,"child":[{"compId":101,"type":"Script","props":{"y":0,"x":0,"runtime":"script/ScaleBtn.ts"}},{"compId":110,"type":"Script","props":{"y":0,"x":0,"runtime":"script/NearBanner.ts","_nativeBottom":"@node:133"}},{"compId":94,"type":"Image","props":{"skin":"tex/fnt_windows_btn_nothx.png","anchorX":0.5,"anchorY":0.5,"var":"btnCloseSkin","stateNum":1,"y":30,"x":75}}],"type":"Button","props":{"width":150,"pivotX":75,"pivotY":25,"height":60,"var":"_btnClose","y":711,"x":340}},{"compId":100,"type":"Script","props":{"y":0,"x":0,"runtime":"script/DialogEffect.ts"}}],"type":"Box","props":{"width":680,"pivotX":340,"pivotY":320,"height":639,"var":"_dialog","y":250,"x":340}}],"type":"Box","props":{"anchorX":0.5,"anchorY":0.5,"width":680,"centerX":0,"centerY":0,"height":680}}],"type":"Scene","props":{"width":720,"autoDestroyAtClosed":true,"runtime":"view/BalloonView.ts","height":1280},"loadList":["tex/lobby_buttom_black.png","tex/windows_buttom_1.png","tex/windows_buttom_2.png","tex/windows_buttom_pfunlock.png","tex/zhuanpan_fnt4.png","tex/zhuanpan_fnt5.png","view/light.ani","tex/effect_round.png","tex/qiqiu.png","tex/qiqiu_fnt.png","tex/pure/lobby_btn_blue.png","tex/fnt_windows_biaoti_pftry.png","tex/windows_icon_play.png","tex/fnt_windows_btn_nothx.png","view/NativeBottom.prefab"],"loadList3D":[]}