{"animations":[{"action":0,"nodes":[{"target":4,"keyframes":{"alpha":[{"index":0,"target":4,"tweenMethod":"linearNone","value":1,"tween":true,"key":"alpha"},{"index":5,"target":4,"tweenMethod":"linearNone","value":1,"tween":true,"key":"alpha"},{"index":17,"target":4,"tweenMethod":"linearNone","value":0,"tween":true,"key":"alpha"}],"scaleX":[{"index":0,"target":4,"tweenMethod":"linearNone","value":0,"tween":true,"key":"scaleX"},{"index":4,"target":4,"tweenMethod":"linearNone","value":5.5,"tween":true,"key":"scaleX"},{"index":5,"target":4,"tweenMethod":"linearNone","value":5,"tween":true,"key":"scaleX"}],"scaleY":[{"index":0,"target":4,"tweenMethod":"linearNone","value":0,"tween":true,"key":"scaleY"},{"index":4,"target":4,"tweenMethod":"linearNone","value":5.5,"tween":true,"key":"scaleY"},{"index":5,"target":4,"tweenMethod":"linearNone","value":5,"tween":true,"key":"scaleY"}]}},{"target":5,"keyframes":{"alpha":[{"index":0,"target":5,"tweenMethod":"linearNone","value":1,"tween":true,"key":"alpha"},{"index":5,"target":5,"tweenMethod":"linearNone","value":1,"tween":true,"key":"alpha"},{"index":17,"target":5,"tweenMethod":"linearNone","value":0,"tween":true,"key":"alpha"}],"scaleX":[{"index":0,"target":5,"tweenMethod":"linearNone","value":0,"tween":true,"key":"scaleX"},{"index":4,"target":5,"tweenMethod":"linearNone","value":45,"tween":true,"key":"scaleX"},{"index":5,"target":5,"tweenMethod":"linearNone","value":40,"tween":true,"key":"scaleX"}],"scaleY":[{"index":0,"target":5,"tweenMethod":"linearNone","value":0,"tween":true,"key":"scaleY"},{"index":4,"target":5,"tweenMethod":"linearNone","value":45,"tween":true,"key":"scaleY"},{"index":5,"target":5,"tweenMethod":"linearNone","value":40,"tween":true,"key":"scaleY"}]}},{"target":6,"keyframes":{"y":[{"index":0,"target":6,"tweenMethod":"quartOut","value":0,"tween":true,"key":"y"},{"index":17,"target":6,"tweenMethod":"linearNone","value":144.52376132639267,"tween":true,"key":"y"}],"x":[{"index":0,"target":6,"tweenMethod":"quartOut","value":0,"tween":true,"key":"x"},{"index":17,"target":6,"tweenMethod":"linearNone","value":-44,"tween":true,"key":"x"}]}},{"target":7,"keyframes":{"y":[{"index":0,"target":7,"tweenMethod":"quartOut","value":0,"tween":true,"key":"y"},{"index":12,"target":7,"tweenMethod":"linearNone","value":51,"tween":true,"key":"y"}],"x":[{"index":0,"target":7,"tweenMethod":"quartOut","value":0,"tween":true,"key":"x"},{"index":12,"target":7,"tweenMethod":"linearNone","value":-131,"tween":true,"key":"x"}]}},{"target":8,"keyframes":{"y":[{"index":0,"target":8,"tweenMethod":"quartOut","value":0,"tween":true,"key":"y"},{"index":14,"target":8,"tweenMethod":"linearNone","value":-103,"tween":true,"key":"y"}],"x":[{"index":0,"target":8,"tweenMethod":"quartOut","value":0,"tween":true,"key":"x"},{"index":14,"target":8,"tweenMethod":"linearNone","value":87,"tween":true,"key":"x"}]}},{"target":9,"keyframes":{"y":[{"index":0,"target":9,"tweenMethod":"quartOut","value":0,"tween":true,"key":"y"},{"index":13,"target":9,"tweenMethod":"linearNone","value":-112,"tween":true,"key":"y"}],"x":[{"index":0,"target":9,"tweenMethod":"quartOut","value":0,"tween":true,"key":"x"},{"index":13,"target":9,"tweenMethod":"linearNone","value":-80,"tween":true,"key":"x"}]}},{"target":10,"keyframes":{"y":[{"index":0,"target":10,"tweenMethod":"quartOut","value":0,"tween":true,"key":"y"},{"index":16,"target":10,"tweenMethod":"linearNone","value":88,"tween":true,"key":"y"}],"x":[{"index":0,"target":10,"tweenMethod":"quartOut","value":0,"tween":true,"key":"x"},{"index":16,"target":10,"tweenMethod":"linearNone","value":123,"tween":true,"key":"x"}]}},{"target":11,"keyframes":{"y":[{"index":0,"target":11,"tweenMethod":"quartOut","value":0,"tween":true,"key":"y"},{"index":9,"target":11,"tweenMethod":"linearNone","value":68,"tween":true,"key":"y"}],"x":[{"index":0,"target":11,"tweenMethod":"quartOut","value":0,"tween":true,"key":"x"},{"index":9,"target":11,"tweenMethod":"linearNone","value":20,"tween":true,"key":"x"}]}},{"target":12,"keyframes":{"y":[{"index":0,"target":12,"tweenMethod":"quartOut","value":0,"tween":true,"key":"y"},{"index":11,"target":12,"tweenMethod":"linearNone","value":-33,"tween":true,"key":"y"}],"x":[{"index":0,"target":12,"tweenMethod":"quartOut","value":0,"tween":true,"key":"x"},{"index":11,"target":12,"tweenMethod":"linearNone","value":-93,"tween":true,"key":"x"}]}},{"target":13,"keyframes":{"y":[{"index":0,"target":13,"tweenMethod":"quartOut","value":0,"tween":true,"key":"y"},{"index":14,"target":13,"tweenMethod":"linearNone","value":-24,"tween":true,"key":"y"}],"x":[{"index":0,"target":13,"tweenMethod":"quartOut","value":0,"tween":true,"key":"x"},{"index":14,"target":13,"tweenMethod":"linearNone","value":116.85,"tween":true,"key":"x"}]}},{"target":14,"keyframes":{"y":[{"index":0,"target":14,"tweenMethod":"quartOut","value":0,"tween":true,"key":"y"},{"index":12,"target":14,"tweenMethod":"linearNone","value":-76,"tween":true,"key":"y"}],"x":[{"index":0,"target":14,"tweenMethod":"linearNone","value":0,"tween":true,"key":"x"}]}},{"target":15,"keyframes":{"y":[{"index":0,"target":15,"tweenMethod":"quartOut","value":0,"tween":true,"key":"y"},{"index":7,"target":15,"tweenMethod":"linearNone","value":48.4,"tween":true,"key":"y"}],"x":[{"index":0,"target":15,"tweenMethod":"quartOut","value":0,"tween":true,"key":"x"},{"index":7,"target":15,"tweenMethod":"linearNone","value":-51.76470588235294,"tween":true,"key":"x"}]}}],"frameRate":24,"name":"diamondAni","id":7}],"compId":2,"props":{"height":1280,"width":720,"runtime":"view/DiamondAnimation.ts","autoDestroyAtClosed":true},"child":[{"compId":3,"props":{"y":640,"x":384,"var":"_aniNode","width":310,"height":232},"type":"Box","child":[{"compId":4,"type":"Animation","props":{"name":"light1","scaleX":0,"scaleY":0,"source":"view/light.ani","x":0,"y":0,"alpha":1,"autoAnimation":"ani1","autoPlay":true}},{"compId":5,"type":"Image","props":{"x":0,"name":"light2","pivotX":10,"pivotY":10,"scaleX":0,"scaleY":0,"height":20,"width":20,"skin":"tex/effect_round.png","y":0,"alpha":1}},{"compId":6,"type":"Sprite","props":{"texture":"tex/common_icon_diamond.png","y":0,"autoAnimation":"ani1","x":0,"rotation":0,"autoPlay":true}},{"compId":7,"type":"Sprite","props":{"texture":"tex/common_icon_diamond.png","y":0,"autoAnimation":"ani1","x":0,"rotation":0,"autoPlay":true}},{"compId":8,"type":"Sprite","props":{"texture":"tex/common_icon_diamond.png","y":0,"autoAnimation":"ani1","x":0,"rotation":0,"autoPlay":true}},{"compId":9,"type":"Sprite","props":{"texture":"tex/common_icon_diamond.png","y":0,"autoAnimation":"ani1","x":0,"rotation":0,"autoPlay":true}},{"compId":10,"type":"Sprite","props":{"texture":"tex/common_icon_diamond.png","y":0,"autoAnimation":"ani1","x":0,"rotation":0,"autoPlay":true}},{"compId":11,"type":"Sprite","props":{"texture":"tex/common_icon_diamond.png","y":0,"autoAnimation":"ani1","x":0,"rotation":0,"autoPlay":true}},{"compId":12,"type":"Sprite","props":{"texture":"tex/common_icon_diamond.png","y":0,"autoAnimation":"ani1","x":0,"rotation":0,"autoPlay":true}},{"compId":13,"type":"Sprite","props":{"texture":"tex/common_icon_diamond.png","y":0,"autoAnimation":"ani1","x":0,"rotation":0,"autoPlay":true}},{"compId":14,"type":"Sprite","props":{"texture":"tex/common_icon_diamond.png","y":0,"autoAnimation":"ani1","x":0,"rotation":0,"autoPlay":true}},{"compId":15,"type":"Sprite","props":{"texture":"tex/common_icon_diamond.png","y":0,"autoAnimation":"ani1","x":0,"rotation":0,"autoPlay":true}}]}],"type":"View","loadList":["view/light.ani","tex/effect_round.png","tex/common_icon_diamond.png"],"loadList3D":[]}