{"child":[{"compId":4,"type":"Image","props":{"sizeGrid":"7,9,8,6","pivotX":360,"skin":"tex/lobby_buttom_black.png","height":1280,"width":720,"centerX":0,"centerY":0,"var":"bg","alpha":0.8}},{"compId":230,"props":{"anchorX":0.5,"anchorY":0.5,"width":720,"centerX":0,"centerY":0,"var":"_ipad","height":1280},"type":"Box","child":[{"compId":12,"props":{"pivotX":339,"pivotY":500,"height":1000,"width":677,"centerY":-59,"var":"_dialog","x":361},"type":"Box","child":[{"compId":143,"type":"Script","props":{"y":-3,"x":0,"runtime":"script/DialogEffect.ts"}},{"compId":237,"type":"Sprite","props":{"y":24,"x":81,"texture":"tex/ending_biaoti.png"}},{"compId":8,"type":"Image","props":{"y":120,"sizeGrid":"12,12,12,12","mouseEnabled":false,"height":675,"width":650,"centerX":0,"skin":"tex/fuhuo_bar_3.png","var":"_dialogBg"}},{"compId":224,"props":{"centerX":0,"vScrollBarSkin":" ","y":120,"repeatX":3,"width":612,"elasticEnabled":true,"spaceX":25,"var":"_adsList","spaceY":15,"height":705},"type":"List","child":[{"compId":225,"props":{"pivotX":87,"pivotY":103,"height":205,"width":174,"renderType":"render","y":118,"x":107},"type":"Box","child":[{"compId":226,"type":"Image","props":{"name":"icon","height":150,"width":150,"skin":"tex/common_player_snake.png","y":10,"x":17}},{"compId":255,"type":"Image","props":{"y":4,"x":3,"name":"bg","skin":"tex/ending_icon_kuang.png"}},{"compId":232,"type":"Label","props":{"name":"nameLbl","color":"#ffffff","text":"游戏名字","align":"left","anchorX":0.5,"anchorY":0.5,"fontSize":18,"centerX":0,"y":172,"overflow":"hidden"}},{"compId":246,"type":"Label","props":{"name":"playNumLbl","color":"#ffffff","text":"30万人在玩","align":"left","anchorX":0.5,"anchorY":0.5,"fontSize":18,"centerX":0,"y":192,"overflow":"hidden"}},{"compId":234,"type":"Image","props":{"y":-7,"x":156,"name":"redPoint","skin":"ads/baiwan_gantang.png"}},{"compId":228,"type":"Script","props":{"y":0,"x":0,"runtime":"script/ScaleBtn.ts","zoom":0.95}},{"compId":235,"type":"Script","props":{"runtime":"script/LoopRotation.ts"}}]}]},{"compId":241,"props":{"x":338,"y":852,"sizeGrid":"10,10,16,10","anchorX":0.5,"height":91,"width":260,"skin":"tex/pure/lobby_btn_blue.png","var":"_btnClose","stateNum":1,"anchorY":0.5},"type":"Button","child":[{"compId":242,"type":"Image","props":{"y":22,"mouseEnabled":false,"height":34,"width":133,"centerX":0,"skin":"tex/ending_btn_fnt_back.png","var":"btnTxt"}},{"compId":245,"type":"Script","props":{"y":0,"x":0,"runtime":"script/ScaleBtn.ts"}}]},{"compId":238,"props":{"y":942,"width":160,"pivotX":80,"pivotY":30,"height":60,"visible":false,"x":340,"var":"_btnExit","stateNum":1},"type":"Sprite","child":[{"compId":239,"type":"Script","props":{"runtime":"script/ScaleBtn.ts"}},{"compId":240,"type":"Sprite","props":{"y":14,"x":20,"texture":"tex/ending_btn_fnt_goon.png"}}]}]},{"compId":218,"type":"Script","props":{"y":298,"x":361,"runtime":"script/ForIPad.ts"}}]}],"compId":2,"props":{"height":1280,"width":720,"runtime":"ads/ExitAds.ts","autoDestroyAtClosed":true},"type":"Scene","loadList":["tex/lobby_buttom_black.png","tex/ending_biaoti.png","tex/fuhuo_bar_3.png","tex/common_player_snake.png","tex/ending_icon_kuang.png","ads/baiwan_gantang.png","tex/pure/lobby_btn_blue.png","tex/ending_btn_fnt_back.png","tex/ending_btn_fnt_goon.png"],"loadList3D":[]}