{"child":[{"compId":19,"type":"Image","props":{"x":360,"sizeGrid":"7,9,8,6","pivotX":360,"height":1280,"y":0,"skin":"tex/lobby_buttom_black.png","var":"bg","alpha":0.8,"width":720}},{"compId":20,"props":{"anchorX":0.5,"anchorY":0.5,"width":720,"centerX":0,"centerY":0,"var":"_ipad","height":1280},"type":"Box","child":[{"compId":21,"props":{"y":623,"pivotX":339,"pivotY":500,"height":980,"width":677,"var":"_dialog","x":362},"type":"Box","child":[{"compId":22,"type":"Script","props":{"y":-3,"x":0,"runtime":"script/DialogEffect.ts"}},{"compId":23,"type":"Sprite","props":{"y":16,"x":85.5,"texture":"tex/标题-热门推荐.png"}},{"compId":24,"type":"Image","props":{"sizeGrid":"12,12,12,12","top":120,"bottom":0,"mouseEnabled":false,"width":650,"centerX":0,"skin":"tex/fuhuo_bar_3.png","var":"_dialogBg"}},{"compId":5,"props":{"bottom":20,"vScrollBarSkin":" ","top":140,"var":"adList","repeatX":2,"width":600,"centerX":0,"x":58,"spaceX":60,"spaceY":20},"type":"List","child":[{"compId":6,"props":{"pivotX":126,"pivotY":160,"scaleX":1,"scaleY":1,"height":320,"width":252,"renderType":"render","y":154,"x":143},"type":"Box","child":[{"compId":15,"type":"Image","props":{"name":"bg","height":318,"width":248,"skin":"tex/ending_icon_kuang.png","y":0,"x":0}},{"compId":7,"type":"Image","props":{"name":"icon","mouseEnabled":true,"height":240,"width":240,"y":2,"x":2}},{"compId":12,"type":"Label","props":{"name":"nameLbl","color":"#ffffff","text":"我的钩子贼6","align":"center","width":200,"fontSize":32,"y":265,"x":26,"overflow":"hidden"}},{"compId":18,"type":"Script","props":{"runtime":"script/ScaleBtn.ts"}}]}]},{"compId":41,"props":{"y":20,"x":-9,"var":"btnHome","skin":"tex/返回主页.png"},"type":"Image","child":[{"compId":42,"type":"Script","props":{"y":0,"x":0,"runtime":"script/ScaleBtn.ts"}}]}]},{"compId":40,"type":"Script","props":{"y":298,"x":361,"runtime":"script/ForIPad.ts"}},{"compId":34,"props":{"x":361.5,"bottom":80,"anchorX":0.5,"anchorY":0.5,"skin":"tex/继续游戏.png","var":"_btnClose","stateNum":1},"type":"Button","child":[{"compId":36,"type":"Script","props":{"y":0,"x":0,"runtime":"script/ScaleBtn.ts"}}]}]}],"compId":2,"props":{"height":1280,"width":720,"runtime":"ads/FullScrollAds.ts","mouseThrough":true,"autoDestroyAtClosed":true},"type":"Scene","loadList":["tex/lobby_buttom_black.png","tex/标题-热门推荐.png","tex/fuhuo_bar_3.png","tex/ending_icon_kuang.png","tex/返回主页.png","tex/继续游戏.png"],"loadList3D":[]}