{"type":"Scene","props":{"width":720,"runtime":"snake_view/GameLoading.ts","height":1280,"autoDestroyAtClosed":true},"compId":2,"child":[{"type":"Image","props":{"x":-360,"var":"bg","skin":"loading/login_bg.png","centerX":0},"compId":4},{"type":"Box","props":{"y":1246,"x":0,"width":720,"var":"_footer","pivotY":20,"height":20},"compId":12,"child":[{"type":"ProgressBar","props":{"y":0,"x":0,"width":720,"var":"progress","value":1,"skin":"loading/login_bar.png"},"compId":8},{"type":"Image","props":{"y":-16,"x":42,"width":42,"var":"pika","skin":"loading/login_bar_icon.png","pivotX":42,"height":36},"compId":9},{"type":"Label","props":{"y":-40,"text":"Loading...","fontSize":24,"color":"#ffffff","centerX":0},"compId":10}]}],"loadList":["loading/login_bg.png","loading/login_bar.png","loading/login_bar_icon.png"],"loadList3D":[]}