{"type":"Scene","props":{"width":720,"runtime":"view/ReviveView1.ts","height":1280,"autoDestroyAtClosed":true},"compId":2,"child":[{"type":"Image","props":{"y":0,"x":360,"width":720,"var":"bg","skin":"tex/lobby_buttom_black.png","sizeGrid":"7,9,8,6","pivotX":360,"height":1280,"alpha":0.6},"compId":4},{"type":"Box","props":{"y":640,"x":360,"width":720,"var":"_dialog","pivotY":640,"pivotX":360,"height":1280},"compId":72,"child":[{"type":"Box","props":{"y":640,"x":360,"width":720,"var":"_pnl","pivotY":640,"pivotX":360,"height":1280},"compId":96,"child":[{"type":"Sprite","props":{"y":197,"x":0,"width":720,"var":"_revivePnl","height":417},"compId":122,"child":[{"type":"Sprite","props":{"y":0,"x":107,"texture":"tex/fuhuo_bar_1.png"},"compId":121},{"type":"Sprite","props":{"y":99,"x":145.5},"compId":127,"child":[{"type":"Sprite","props":{"x":-0.5,"texture":"tex/fuhuo_bar_2.png"},"compId":125},{"type":"Sprite","props":{"y":13,"x":94.5,"texture":"tex/fuhuo_fnt_2.png"},"compId":124},{"type":"Label","props":{"y":-7,"x":228,"width":147,"var":"_scoreLbl","valign":"middle","text":"9999","height":79,"fontSize":45,"font":"Arial2","color":"#ffffff","align":"left"},"compId":126}]},{"type":"Sprite","props":{"y":174,"x":145},"compId":128,"child":[{"type":"Sprite","props":{"x":-0.5,"texture":"tex/fuhuo_bar_2.png"},"compId":129},{"type":"Sprite","props":{"y":13,"x":94.5,"texture":"tex/fuhuo_fnt_1.png"},"compId":130},{"type":"Label","props":{"y":9.5,"x":295,"width":109,"var":"_killLbl","text":"20","height":45,"fontSize":45,"font":"Arial2","color":"#ffffff"},"compId":131}]},{"type":"Sprite","props":{"y":254,"x":280,"var":"ring","texture":"tex/fuhuo_round.png","runtime":"view/RingProgress.ts"},"compId":132,"child":[{"type":"Sprite","props":{"texture":"tex/fuhuo_round2.png","name":"progressNode"},"compId":134,"child":[{"type":"Sprite","props":{"y":-20,"x":-20,"width":200,"renderType":"mask","height":200},"compId":136}]}]},{"type":"Label","props":{"y":335,"x":359,"width":150,"var":"_countDown","text":"6","scaleY":0.7,"scaleX":0.7,"pivotY":66,"pivotX":75,"mouseEnabled":false,"height":126,"font":"number_3","align":"center"},"compId":73}]},{"type":"Button","props":{"y":870,"x":360,"width":240,"var":"_btnRevive","stateNum":1,"skin":"tex/pure/lobby_btn_blue.png","sizeGrid":"10,10,16,10","height":91,"anchorY":0.5,"anchorX":0.5},"compId":51,"child":[{"type":"Box","props":{"y":0,"x":0,"width":240,"var":"_coinsPnl","height":91},"compId":78,"child":[{"type":"Image","props":{"y":23,"x":23,"skin":"tex/common_icon_diamond.png","mouseEnabled":false},"compId":69},{"type":"Text","props":{"y":25,"x":81,"width":201,"var":"_priceLbl","text":"1000","stroke":5,"scaleY":0.6,"scaleX":0.6,"runtime":"laya.display.Text","mouseEnabled":false,"height":64,"fontSize":60,"font":"Arial2","color":"#e1ff0d","bold":true,"align":"center"},"compId":71}]},{"type":"Box","props":{"y":0,"x":0,"width":240,"var":"_sharePnl","height":90},"compId":79,"child":[{"type":"Sprite","props":{"y":30,"x":84,"texture":"tex/fnt_windows_btn_reback.png"},"compId":88}]},{"type":"Box","props":{"y":0,"x":0,"width":240,"var":"_videoPnl","height":90},"compId":82,"child":[{"type":"Image","props":{"y":22,"x":25,"skin":"tex/windows_icon_play.png","mouseEnabled":false},"compId":83},{"type":"Sprite","props":{"y":26,"x":108,"texture":"tex/fnt_windows_btn_reback.png"},"compId":87}]},{"type":"Script","props":{"runtime":"script/ScaleBtn.ts"},"compId":85}]},{"type":"Script","props":{"y":-10,"x":0,"runtime":"script/ForIPad.ts"},"compId":119}]},{"type":"Sprite","props":{"y":969,"x":332,"width":176,"var":"_btnClose","stateNum":1,"pivotY":30,"pivotX":60,"height":37},"compId":68,"child":[{"type":"Script","props":{"runtime":"script/ScaleBtn.ts"},"compId":86},{"type":"Script","props":{"runtime":"script/NearBanner.ts"},"compId":94},{"type":"Sprite","props":{"y":0,"x":0,"texture":"tex/fnt_windows_btn_nothx.png"},"compId":120}]}]}],"loadList":["tex/lobby_buttom_black.png","tex/fuhuo_bar_1.png","tex/fuhuo_bar_2.png","tex/fuhuo_fnt_2.png","tex/fuhuo_fnt_1.png","tex/fuhuo_round.png","tex/fuhuo_round2.png","view/InsideAds3.scene","tex/pure/lobby_btn_blue.png","tex/common_icon_diamond.png","tex/fnt_windows_btn_reback.png","tex/windows_icon_play.png","tex/fnt_windows_btn_nothx.png"],"loadList3D":[]}