{"type":"Scene","props":{"width":720,"runtime":"snake_view/GameScene2d.ts","height":1280,"autoDestroyAtClosed":true},"compId":2,"child":[{"type":"Image","props":{"y":125,"x":-111,"width":60,"var":"_indicator","skin":"tex/gamein_huangguan.png","pivotY":30,"pivotX":30,"mouseEnabled":false,"height":60},"compId":34,"child":[{"type":"Sprite","props":{"y":30,"x":30,"width":36,"var":"_arrow","texture":"tex/gamein_huangguan_jiantou.png","rotation":0,"pivotY":56,"pivotX":18,"height":31},"compId":35}]},{"type":"View","props":{"y":0,"x":0,"var":"_header","mouseEnabled":false},"compId":16,"child":[{"type":"View","props":{"y":8,"x":6,"name":"totalKillPnl"},"compId":17,"child":[{"type":"Sprite","props":{"texture":"tex/gamein_fnt_bjjs.png"},"compId":18},{"type":"Label","props":{"y":17.5,"x":228,"width":108,"var":"_totalKillLbl","text":"0","strokeColor":"#691677","stroke":5,"scaleY":0.8,"scaleX":0.8,"overflow":"visible","height":40,"fontSize":45,"font":"Arial2","drawCallOptimize":true,"color":"#ffffff","anchorY":0.5,"align":"left"},"compId":19}]},{"type":"View","props":{"y":60,"x":360,"width":250,"name":"countDownPnl","anchorX":0.5},"compId":15,"child":[{"type":"Image","props":{"y":0,"x":125,"width":231,"skin":"tex/gamein_buttom_jsdjs.png","sizeGrid":"0,118,4,114","pivotX":116,"mouseEnabled":false,"height":74},"compId":33},{"type":"Sprite","props":{"y":4,"x":125,"width":130,"texture":"tex/gamein_fnt_jsdjs.png","pivotX":65},"compId":14},{"type":"Label","props":{"y":53,"x":125,"width":250,"var":"_timeLbl","text":"0","scaleY":0.6,"scaleX":0.6,"overflow":"visible","height":70,"fontSize":60,"font":"Arial2","drawCallOptimize":true,"color":"#ffffff","anchorY":0.5,"anchorX":0.5,"align":"center"},"compId":11}]},{"type":"View","props":{"y":55,"x":6,"var":"_rankPnl"},"compId":20,"child":[{"type":"Image","props":{"y":0,"x":0,"width":201,"var":"_rankListBg","skin":"tex/gamein_buttom_qiejiao.png","sizeGrid":"2,23,21,2","height":289,"alpha":0.4},"compId":21},{"type":"List","props":{"y":3,"x":0,"width":201,"var":"_rankList","height":280},"compId":27,"child":[{"type":"Box","props":{"width":201,"name":"render","height":28},"compId":28,"child":[{"type":"Label","props":{"y":14,"x":33.5,"width":110,"valign":"middle","text":"玩家的名字","overflow":"hidden","name":"nick","height":20,"fontSize":14,"font":"Arial2","drawCallOptimize":true,"color":"#ffffff","anchorY":0.5,"align":"left"},"compId":31},{"type":"Label","props":{"y":14,"x":189,"width":175,"valign":"middle","text":"100","scaleY":0.25,"scaleX":0.25,"overflow":"visible","name":"score","height":70,"fontSize":60,"font":"Arial2","drawCallOptimize":true,"color":"#ffffff","anchorY":0.5,"anchorX":1,"align":"right"},"compId":32}]}]},{"type":"Box","props":{"y":3,"x":0,"width":30,"staticCache":true,"space":10,"height":280,"cacheAs":"bitmap","align":"center"},"compId":37,"child":[{"type":"Box","props":{"y":0,"width":30,"height":28},"compId":38,"child":[{"type":"Image","props":{"y":2,"x":4,"skin":"tex/gamein_buttom_rank_1.png","name":"rankBg"},"compId":39},{"type":"Label","props":{"y":14,"x":15,"width":75,"text":"1","scaleY":0.25,"scaleX":0.25,"overflow":"visible","name":"rank","height":60,"fontSize":60,"font":"Arial2","color":"#ffffff","anchorY":0.5,"anchorX":0.5,"align":"center"},"compId":40}]},{"type":"Box","props":{"y":28,"x":0,"width":30,"height":28},"compId":46,"child":[{"type":"Image","props":{"y":2,"x":4,"skin":"tex/gamein_buttom_rank_2.png","name":"rankBg"},"compId":47},{"type":"Label","props":{"y":14,"x":15,"width":75,"text":"2","scaleY":0.25,"scaleX":0.25,"overflow":"visible","name":"rank","height":60,"fontSize":60,"font":"Arial2","color":"#ffffff","anchorY":0.5,"anchorX":0.5,"align":"center"},"compId":48}]},{"type":"Box","props":{"y":56,"x":0,"width":30,"height":28},"compId":49,"child":[{"type":"Image","props":{"y":2,"x":4,"skin":"tex/gamein_buttom_rank_3.png","name":"rankBg"},"compId":51},{"type":"Label","props":{"y":14,"x":15,"width":75,"text":"3","scaleY":0.25,"scaleX":0.25,"overflow":"visible","name":"rank","height":60,"fontSize":60,"font":"Arial2","color":"#ffffff","anchorY":0.5,"anchorX":0.5,"align":"center"},"compId":52}]},{"type":"Box","props":{"y":84,"x":0,"width":30,"height":28},"compId":50,"child":[{"type":"Image","props":{"y":2,"x":4,"skin":"tex/gamein_buttom_rank_4.png","name":"rankBg"},"compId":53},{"type":"Label","props":{"y":14,"x":15,"width":75,"text":"4","scaleY":0.25,"scaleX":0.25,"overflow":"visible","name":"rank","height":60,"fontSize":60,"font":"Arial2","color":"#ffffff","anchorY":0.5,"anchorX":0.5,"align":"center"},"compId":54}]},{"type":"Box","props":{"y":112,"x":0,"width":30,"height":28},"compId":73,"child":[{"type":"Image","props":{"y":2,"x":4,"skin":"tex/gamein_buttom_rank_4.png","name":"rankBg"},"compId":74},{"type":"Label","props":{"y":14,"x":15,"width":75,"text":"5","scaleY":0.25,"scaleX":0.25,"overflow":"visible","name":"rank","height":60,"fontSize":60,"font":"Arial2","color":"#ffffff","anchorY":0.5,"anchorX":0.5,"align":"center"},"compId":75}]},{"type":"Box","props":{"y":140,"x":0,"width":30,"height":28},"compId":76,"child":[{"type":"Image","props":{"y":2,"x":4,"skin":"tex/gamein_buttom_rank_4.png","name":"rankBg"},"compId":78},{"type":"Label","props":{"y":14,"x":15,"width":75,"text":"6","scaleY":0.25,"scaleX":0.25,"overflow":"visible","name":"rank","height":60,"fontSize":60,"font":"Arial2","color":"#ffffff","anchorY":0.5,"anchorX":0.5,"align":"center"},"compId":79}]},{"type":"Box","props":{"y":168,"x":0,"width":30,"height":28},"compId":77,"child":[{"type":"Image","props":{"y":2,"x":4,"skin":"tex/gamein_buttom_rank_4.png","name":"rankBg"},"compId":80},{"type":"Label","props":{"y":14,"x":15,"width":75,"text":"7","scaleY":0.25,"scaleX":0.25,"overflow":"visible","name":"rank","height":60,"fontSize":60,"font":"Arial2","color":"#ffffff","anchorY":0.5,"anchorX":0.5,"align":"center"},"compId":81}]},{"type":"Box","props":{"y":196,"x":0,"width":30,"height":28},"compId":82,"child":[{"type":"Image","props":{"y":2,"x":4,"skin":"tex/gamein_buttom_rank_4.png","name":"rankBg"},"compId":86},{"type":"Label","props":{"y":14,"x":15,"width":75,"text":"8","scaleY":0.25,"scaleX":0.25,"overflow":"visible","name":"rank","height":60,"fontSize":60,"font":"Arial2","color":"#ffffff","anchorY":0.5,"anchorX":0.5,"align":"center"},"compId":87}]},{"type":"Box","props":{"y":224,"x":0,"width":30,"height":28},"compId":83,"child":[{"type":"Image","props":{"y":2,"x":4,"skin":"tex/gamein_buttom_rank_4.png","name":"rankBg"},"compId":88},{"type":"Label","props":{"y":14,"x":15,"width":75,"text":"9","scaleY":0.25,"scaleX":0.25,"overflow":"visible","name":"rank","height":60,"fontSize":60,"font":"Arial2","color":"#ffffff","anchorY":0.5,"anchorX":0.5,"align":"center"},"compId":89}]},{"type":"Box","props":{"y":252,"x":0,"width":30,"height":28},"compId":84,"child":[{"type":"Image","props":{"y":2,"x":4,"skin":"tex/gamein_buttom_rank_4.png","name":"rankBg"},"compId":90},{"type":"Label","props":{"y":14,"x":15,"width":75,"text":"10","scaleY":0.25,"scaleX":0.25,"overflow":"visible","name":"rank","height":60,"fontSize":60,"font":"Arial2","color":"#ffffff","anchorY":0.5,"anchorX":0.5,"align":"center"},"compId":91}]}]}]}]},{"type":"View","props":{"y":1,"x":0,"var":"_body"},"compId":22,"child":[{"type":"View","props":{"y":0,"x":0,"var":"_addScorePnl"},"compId":13},{"type":"View","props":{"y":618,"x":360,"visible":false,"var":"_curKillPnl","anchorY":0.5,"anchorX":0.5},"compId":24,"child":[{"type":"Sprite","props":{"y":0,"x":0,"texture":"tex/gamein_fnt_js.png"},"compId":25},{"type":"Label","props":{"y":22,"x":131,"var":"_curKillLbl","text":"+1","overflow":"visible","fontSize":60,"font":"Arial2","drawCallOptimize":true,"color":"#ffffff","anchorY":0.5,"align":"left"},"compId":26}]}]},{"type":"Sprite","props":{"y":0,"x":-143,"width":32,"var":"_touch","height":32},"compId":5},{"type":"Sprite","props":{"y":612,"x":3,"var":"guide1","texture":"tex/jc.png","name":"guide1"},"compId":92},{"type":"Sprite","props":{"y":701,"x":201,"var":"guide2","texture":"tex/jc1.png","name":"guide2"},"compId":93}],"loadList":["tex/gamein_huangguan.png","tex/gamein_huangguan_jiantou.png","tex/gamein_fnt_bjjs.png","tex/gamein_buttom_jsdjs.png","tex/gamein_fnt_jsdjs.png","tex/gamein_buttom_qiejiao.png","tex/gamein_buttom_rank_1.png","tex/gamein_buttom_rank_2.png","tex/gamein_buttom_rank_3.png","tex/gamein_buttom_rank_4.png","tex/gamein_fnt_js.png","tex/jc.png","tex/jc1.png"],"loadList3D":[]}