{"type":"Scene","props":{"width":720,"runtime":"view/GameRankView.ts","height":1280,"autoDestroyAtClosed":true},"compId":2,"child":[{"type":"Image","props":{"width":720,"var":"bg","skin":"tex/lobby_buttom_black.png","sizeGrid":"7,9,8,6","pivotX":360,"height":1280,"centerY":0,"centerX":0,"alpha":0.6},"compId":4},{"type":"Box","props":{"x":360,"width":680,"var":"_dialog","staticCache":false,"pivotY":431,"pivotX":340,"height":862,"centerY":-51},"compId":12,"child":[{"type":"Sprite","props":{"y":431,"x":340,"width":680,"pivotY":431,"pivotX":340,"height":862},"compId":71,"child":[{"type":"Image","props":{"y":431,"x":340,"width":680,"staticCache":false,"skin":"tex/windows_buttom_1.png","sizeGrid":"23,23,25,24","pivotY":431,"pivotX":341,"mouseEnabled":false,"height":862},"compId":8},{"type":"Image","props":{"y":79,"x":340,"width":660,"skin":"tex/windows_buttom_2.png","sizeGrid":"6,13,14,13","pivotX":330,"mouseEnabled":false,"height":768},"compId":10},{"type":"Image","props":{"y":20,"x":379,"skin":"tex/fnt_windows_biaoti_bjpm.png","pivotX":89,"mouseEnabled":false},"compId":57},{"type":"List","props":{"y":106,"x":339,"width":626,"var":"_list","spaceY":7,"repeatY":10,"repeatX":1,"pivotX":313,"height":722},"compId":47,"child":[{"type":"Box","props":{"y":0,"x":313,"width":547,"pivotX":274,"name":"render","height":64},"compId":13,"child":[{"type":"Image","props":{"y":0,"x":274,"width":547,"skin":"tex/pure/lobby_buttom_light_green.png","sizeGrid":"6,9,9,8","pivotX":274,"name":"bg","height":64},"compId":11},{"type":"Image","props":{"y":31,"x":108,"width":63,"skin":"tex/windows_icon_rank4.png","scaleY":0.8,"scaleX":0.8,"pivotY":27,"pivotX":32,"name":"rankBg","mouseEnabled":false,"height":54},"compId":17},{"type":"Label","props":{"y":32,"x":411,"width":216,"text":"1003","scaleY":0.4,"scaleX":0.4,"pivotY":31,"pivotX":108,"name":"score","mouseEnabled":false,"height":62,"fontSize":60,"font":"Arial2","bold":true,"align":"right"},"compId":20},{"type":"Label","props":{"y":33,"x":132,"width":93,"text":"4","scaleY":0.4,"scaleX":0.4,"pivotY":31,"pivotX":108,"name":"rank","mouseEnabled":false,"height":62,"fontSize":24,"font":"number_1","bold":true,"align":"center"},"compId":21},{"type":"Label","props":{"y":36,"x":242,"width":175,"text":"玩家的名字","pivotY":14,"pivotX":88,"overflow":"hidden","name":"nick","mouseEnabled":false,"height":28,"fontSize":20,"bold":true},"compId":18}]}]},{"type":"Script","props":{"runtime":"script/ForIPad.ts"},"compId":72}]},{"type":"Script","props":{"y":0,"x":0,"runtime":"script/DialogEffect.ts"},"compId":67},{"type":"Sprite","props":{"y":876,"x":37,"width":633,"height":91},"compId":68,"child":[{"type":"Button","props":{"y":45.5,"x":-606,"width":219,"var":"_btnShare","stateNum":1,"skin":"tex/pure/lobby_btn_blue.png","sizeGrid":"10,10,16,10","height":91,"anchorY":0.5,"anchorX":0.5},"compId":51,"child":[{"type":"Image","props":{"y":42,"x":110,"skin":"tex/fnt_windows_btn_xy.png","mouseEnabled":false,"anchorY":0.5,"anchorX":0.5},"compId":54},{"type":"Script","props":{"runtime":"script/ScaleBtn.ts"},"compId":65}]},{"type":"Sprite","props":{"y":45.5,"x":309,"width":100,"var":"_btnSkip","stateNum":1,"pivotY":30,"pivotX":50,"height":60},"compId":63,"child":[{"type":"Script","props":{"runtime":"script/ScaleBtn.ts"},"compId":66},{"type":"Sprite","props":{"y":14.5,"x":20,"texture":"tex/fnt_windows_btn_tiaoguo.png"},"compId":73}]},{"type":"Script","props":{"runtime":"script/NearBanner.ts"},"compId":69}]}]}],"loadList":["tex/lobby_buttom_black.png","tex/windows_buttom_1.png","tex/windows_buttom_2.png","tex/fnt_windows_biaoti_bjpm.png","tex/pure/lobby_buttom_light_green.png","tex/windows_icon_rank4.png","tex/pure/lobby_btn_blue.png","tex/fnt_windows_btn_xy.png","tex/fnt_windows_btn_tiaoguo.png"],"loadList3D":[]}