{"type":"Scene","props":{"width":720,"runtime":"view/ScoreView.ts","height":1280,"autoDestroyAtClosed":true},"compId":2,"child":[{"type":"Image","props":{"width":720,"var":"bg","skin":"tex/lobby_buttom_black.png","sizeGrid":"7,9,8,6","pivotX":360,"height":1280,"centerY":0,"centerX":0,"alpha":0.6},"compId":4},{"type":"Box","props":{"width":720,"var":"_ipad","height":1280,"centerY":0,"centerX":0,"anchorY":0.5,"anchorX":0.5},"compId":230,"child":[{"type":"Script","props":{"y":298,"x":361,"runtime":"script/ForIPad.ts"},"compId":218},{"type":"Box","props":{"x":361,"width":680,"var":"_dialog","pivotY":285,"pivotX":340,"height":570,"centerY":-54},"compId":12,"child":[{"type":"Script","props":{"runtime":"script/DialogEffect.ts"},"compId":143},{"type":"Image","props":{"y":0,"x":0,"width":680,"var":"_dialogBg","skin":"tex/windows_buttom_1.png","sizeGrid":"20,20,20,20","mouseEnabled":false,"height":570},"compId":8},{"type":"Sprite","props":{"y":17,"x":15,"name":"resultPnl"},"compId":229,"child":[{"type":"Image","props":{"y":5,"x":363,"skin":"tex/fnt_windows_biaoti_score.png","pivotX":92,"mouseEnabled":false},"compId":57},{"type":"Image","props":{"y":65,"x":325,"width":650,"skin":"tex/windows_buttom_6.png","sizeGrid":"18,18,18,18","pivotX":325,"mouseEnabled":false,"height":352},"compId":10,"child":[{"type":"Text","props":{"y":12,"x":325,"width":392,"var":"_score","text":"1200","scaleY":0.5,"scaleX":0.5,"runtime":"laya.display.Text","pivotX":196,"mouseEnabled":false,"height":108,"font":"number_3","align":"center"},"compId":92},{"type":"Image","props":{"y":25,"x":583,"skin":"tex/windows_huawen.png","scaleY":0.6,"scaleX":0.6,"mouseEnabled":false},"compId":94},{"type":"Image","props":{"y":24,"x":67,"skin":"tex/windows_huawen.png","scaleY":0.6,"scaleX":-0.6,"mouseEnabled":false},"compId":96},{"type":"Image","props":{"y":24,"x":539,"var":"_newRecord","skin":"tex/fnt_windows_xjl.png","pivotY":14,"pivotX":51,"mouseEnabled":false},"compId":93},{"type":"Image","props":{"y":74,"x":325,"width":627,"skin":"tex/windows_buttom_score.png","sizeGrid":"178,0,29,0","pivotX":314,"mouseEnabled":false,"height":277},"compId":91,"child":[{"type":"Image","props":{"y":25,"x":139.5,"var":"_rankTitleNormal","skin":"tex/fnt_windows_small_bjpm.png","pivotX":58,"name":"1","mouseEnabled":false},"compId":97},{"type":"Image","props":{"y":92,"x":108,"width":63,"var":"_rankBg","skin":"tex/windows_icon_rank1.png","scaleY":0.8,"scaleX":0.8,"pivotY":27,"pivotX":32,"mouseEnabled":false,"height":54},"compId":100,"child":[{"type":"Label","props":{"y":35,"x":30,"var":"_rank","text":"10","scaleY":0.5,"scaleX":0.5,"mouseEnabled":false,"font":"number_1","anchorY":0.5,"anchorX":0.5},"compId":136}]},{"type":"Image","props":{"y":25,"x":300,"skin":"tex/fnt_windows_small_chsc.png","pivotX":58,"name":"2","mouseEnabled":false},"compId":98,"child":[{"type":"Image","props":{"y":69,"x":35,"width":42,"skin":"tex/windows_icon_time.png","pivotY":22,"pivotX":21,"mouseEnabled":false,"height":43},"compId":101},{"type":"Text","props":{"y":52,"x":59,"width":200,"var":"_duration","text":"15:35","scaleY":0.5,"scaleX":0.5,"runtime":"laya.display.Text","mouseEnabled":false,"height":68,"fontSize":60,"font":"Arial2","align":"left"},"compId":103}]},{"type":"Image","props":{"y":25,"x":509,"skin":"tex/fnt_windows_small_xmds.png","pivotX":58,"name":"3","mouseEnabled":false},"compId":99,"child":[{"type":"Text","props":{"y":50,"x":83,"width":143,"var":"_kills","text":"15","scaleY":0.5,"scaleX":0.5,"runtime":"laya.display.Text","mouseEnabled":false,"height":68,"fontSize":60,"font":"Arial2"},"compId":104},{"type":"Image","props":{"y":67,"x":58.5,"width":42,"skin":"tex/windows_icon_kill.png","pivotY":22,"pivotX":21,"mouseEnabled":false,"height":43},"compId":102}]},{"type":"Image","props":{"y":164,"x":314,"width":68,"skin":"tex/fnt_windows_small_hd.png","pivotX":34,"name":"4","mouseEnabled":false,"height":31},"compId":105,"child":[{"type":"Image","props":{"y":70,"x":-125,"width":41,"skin":"tex/common_icon_gold.png","pivotY":23,"pivotX":21,"mouseEnabled":false,"height":46},"compId":106},{"type":"Text","props":{"y":227,"x":-835,"width":469,"var":"_coins","valign":"top","text":"8888.88万","stroke":2,"runtime":"laya.display.Text","mouseEnabled":false,"height":82,"fontSize":60,"font":"Arial2","color":"#FFFF99","align":"left"},"compId":108},{"type":"Image","props":{"y":70,"x":122,"width":41,"skin":"tex/common_icon_diamond.png","pivotY":23,"pivotX":21,"mouseEnabled":false,"height":46},"compId":219},{"type":"Text","props":{"y":230,"x":-584,"width":228,"var":"_diamonds","valign":"top","text":"1000","stroke":2,"scaleY":0.9,"scaleX":0.9,"runtime":"laya.display.Text","mouseEnabled":false,"height":82,"fontSize":60,"font":"Arial2","color":"#FFFF99","align":"left"},"compId":220},{"type":"Label","props":{"y":39.5,"x":-90.5,"width":317,"var":"_coins_1","text":"label","strokeColor":"#000000","stroke":4,"height":61,"fontSize":60,"font":"Arial2","color":"#FFFF99","align":"left"},"compId":234},{"type":"Label","props":{"y":39.5,"x":153,"width":317,"var":"_diamonds_1","text":"label","strokeColor":"#000000","stroke":4,"height":61,"fontSize":60,"font":"Arial2","color":"#FFFF99","align":"left"},"compId":235}]}]}]}]},{"type":"Button","props":{"y":547,"x":341,"width":269,"var":"_btnReceive","stateNum":1,"skin":"tex/pure/lobby_btn_blue.png","sizeGrid":"10,10,16,10","height":91,"anchorY":0.5,"anchorX":0.5},"compId":51,"child":[{"type":"Image","props":{"y":45,"x":159,"width":132,"var":"_receiveTxt","skin":"tex/fnt_windows_btn_three.png","pivotY":17,"pivotX":66,"mouseEnabled":false,"height":30},"compId":54},{"type":"Image","props":{"y":22,"x":32,"var":"_videoIcon","skin":"tex/windows_icon_play.png","mouseEnabled":false},"compId":139},{"type":"Script","props":{"y":1,"x":0,"runtime":"script/ScaleBtn.ts"},"compId":137}]},{"type":"Sprite","props":{"y":640,"x":347,"width":86,"var":"_btnClose","stateNum":1,"pivotY":30,"pivotX":50,"height":36},"compId":134,"child":[{"type":"Script","props":{"runtime":"script/ScaleBtn.ts"},"compId":138},{"type":"Script","props":{"runtime":"script/NearBanner.ts","_nativeBottom":"@node:233"},"compId":144},{"type":"Sprite","props":{"y":0,"x":0,"texture":"tex/fnt_windows_btn_close.png"},"compId":231}]}]}]}],"animations":[{"nodes":[{"target":93,"keyframes":{"x":[{"value":539,"tweenMethod":"linearNone","tween":true,"target":93,"key":"x","index":0},{"value":539,"tweenMethod":"linearNone","tween":true,"target":93,"label":null,"key":"x","index":5},{"value":539,"tweenMethod":"linearNone","tween":true,"target":93,"key":"x","index":10},{"value":539,"tweenMethod":"linearNone","tween":true,"target":93,"key":"x","index":15},{"value":539,"tweenMethod":"linearNone","tween":true,"target":93,"key":"x","index":25}],"scaleY":[{"value":3,"tweenMethod":"linearNone","tween":true,"target":93,"key":"scaleY","index":0},{"value":0.9,"tweenMethod":"linearNone","tween":true,"target":93,"key":"scaleY","index":4},{"value":1,"tweenMethod":"linearNone","tween":true,"target":93,"key":"scaleY","index":5}],"scaleX":[{"value":3,"tweenMethod":"linearNone","tween":true,"target":93,"key":"scaleX","index":0},{"value":0.9,"tweenMethod":"linearNone","tween":true,"target":93,"key":"scaleX","index":4},{"value":1,"tweenMethod":"linearNone","tween":true,"target":93,"key":"scaleX","index":5}],"rotation":[{"value":0,"tweenMethod":"linearNone","tween":true,"target":93,"key":"rotation","index":0},{"value":1,"tweenMethod":"linearNone","tween":true,"target":93,"label":null,"key":"rotation","index":5},{"value":0,"tweenMethod":"linearNone","tween":true,"target":93,"key":"rotation","index":10},{"value":0,"tweenMethod":"linearNone","tween":true,"target":93,"key":"rotation","index":15},{"value":-5,"tweenMethod":"linearNone","tween":true,"target":93,"key":"rotation","index":17},{"value":5,"tweenMethod":"linearNone","tween":true,"target":93,"key":"rotation","index":23},{"value":0,"tweenMethod":"linearNone","tween":true,"target":93,"key":"rotation","index":27},{"value":0,"tweenMethod":"linearNone","tween":true,"target":93,"label":null,"key":"rotation","index":45}],"alpha":[{"value":0,"tweenMethod":"linearNone","tween":true,"target":93,"key":"alpha","index":0},{"value":1,"tweenMethod":"linearNone","tween":true,"target":93,"key":"alpha","index":5}]}}],"name":"gamein_score_new","id":1,"frameRate":24,"action":2},{"nodes":[{"target":100,"keyframes":{"scaleY":[{"value":3,"tweenMethod":"linearNone","tween":true,"target":100,"key":"scaleY","index":0},{"value":0.8,"tweenMethod":"linearNone","tween":true,"target":100,"key":"scaleY","index":4},{"value":0.9,"tweenMethod":"linearNone","tween":true,"target":100,"key":"scaleY","index":5}],"scaleX":[{"value":3,"tweenMethod":"linearNone","tween":true,"target":100,"key":"scaleX","index":0},{"value":0.8,"tweenMethod":"linearNone","tween":true,"target":100,"key":"scaleX","index":4},{"value":0.9,"tweenMethod":"linearNone","tween":true,"target":100,"key":"scaleX","index":5}],"alpha":[{"value":0,"tweenMethod":"linearNone","tween":true,"target":100,"key":"alpha","index":0},{"value":1,"tweenMethod":"linearNone","tween":true,"target":100,"key":"alpha","index":5}]}},{"target":101,"keyframes":{"scaleY":[{"value":1,"tweenMethod":"linearNone","tween":true,"target":101,"key":"scaleY","index":0},{"value":3,"tweenMethod":"linearNone","tween":true,"target":101,"key":"scaleY","index":2},{"value":0.9,"tweenMethod":"linearNone","tween":true,"target":101,"key":"scaleY","index":6},{"value":1,"tweenMethod":"linearNone","tween":true,"target":101,"key":"scaleY","index":7}],"scaleX":[{"value":1,"tweenMethod":"linearNone","tween":true,"target":101,"key":"scaleX","index":0},{"value":3,"tweenMethod":"linearNone","tween":true,"target":101,"key":"scaleX","index":2},{"value":0.9,"tweenMethod":"linearNone","tween":true,"target":101,"key":"scaleX","index":6},{"value":1,"tweenMethod":"linearNone","tween":true,"target":101,"key":"scaleX","index":7}],"alpha":[{"value":0,"tweenMethod":"linearNone","tween":true,"target":101,"key":"alpha","index":0},{"value":0,"tweenMethod":"linearNone","tween":true,"target":101,"key":"alpha","index":2},{"value":1,"tweenMethod":"linearNone","tween":true,"target":101,"key":"alpha","index":7}]}},{"target":103,"keyframes":{"y":[{"value":41.8,"tweenMethod":"linearNone","tween":true,"target":103,"key":"y","index":0},{"value":41.8,"tweenMethod":"linearNone","tween":true,"target":103,"key":"y","index":2},{"value":52,"tweenMethod":"linearNone","tween":true,"target":103,"key":"y","index":7}],"alpha":[{"value":0,"tweenMethod":"linearNone","tween":true,"target":103,"key":"alpha","index":0},{"value":0,"tweenMethod":"linearNone","tween":true,"target":103,"key":"alpha","index":2},{"value":1,"tweenMethod":"linearNone","tween":true,"target":103,"key":"alpha","index":7}]}},{"target":102,"keyframes":{"x":[{"value":37,"tweenMethod":"linearNone","tween":true,"target":102,"key":"x","index":0},{"value":37,"tweenMethod":"linearNone","tween":true,"target":102,"key":"x","index":4}],"scaleY":[{"value":1,"tweenMethod":"linearNone","tween":true,"target":102,"key":"scaleY","index":0},{"value":3,"tweenMethod":"linearNone","tween":true,"target":102,"key":"scaleY","index":4},{"value":0.9,"tweenMethod":"linearNone","tween":true,"target":102,"key":"scaleY","index":8},{"value":1,"tweenMethod":"linearNone","tween":true,"target":102,"key":"scaleY","index":9}],"scaleX":[{"value":1,"tweenMethod":"linearNone","tween":true,"target":102,"key":"scaleX","index":0},{"value":3,"tweenMethod":"linearNone","tween":true,"target":102,"key":"scaleX","index":4},{"value":0.9,"tweenMethod":"linearNone","tween":true,"target":102,"key":"scaleX","index":8},{"value":1,"tweenMethod":"linearNone","tween":true,"target":102,"key":"scaleX","index":9}],"alpha":[{"value":0,"tweenMethod":"linearNone","tween":true,"target":102,"key":"alpha","index":0},{"value":0,"tweenMethod":"linearNone","tween":true,"target":102,"key":"alpha","index":4},{"value":1,"tweenMethod":"linearNone","tween":true,"target":102,"key":"alpha","index":9}]}},{"target":104,"keyframes":{"y":[{"value":41.8,"tweenMethod":"linearNone","tween":true,"target":104,"key":"y","index":0},{"value":41.8,"tweenMethod":"linearNone","tween":true,"target":104,"key":"y","index":4},{"value":52,"tweenMethod":"linearNone","tween":true,"target":104,"key":"y","index":9}],"x":[{"value":62,"tweenMethod":"linearNone","tween":true,"target":104,"key":"x","index":0},{"value":62,"tweenMethod":"linearNone","tween":true,"target":104,"key":"x","index":4}],"alpha":[{"value":0,"tweenMethod":"linearNone","tween":true,"target":104,"key":"alpha","index":0},{"value":0,"tweenMethod":"linearNone","tween":true,"target":104,"key":"alpha","index":4},{"value":1,"tweenMethod":"linearNone","tween":true,"target":104,"key":"alpha","index":9}]}},{"target":106,"keyframes":{"scaleY":[{"value":1,"tweenMethod":"linearNone","tween":true,"target":106,"key":"scaleY","index":0},{"value":3,"tweenMethod":"linearNone","tween":true,"target":106,"key":"scaleY","index":6},{"value":0.9,"tweenMethod":"linearNone","tween":true,"target":106,"key":"scaleY","index":10},{"value":1,"tweenMethod":"linearNone","tween":true,"target":106,"key":"scaleY","index":11}],"scaleX":[{"value":1,"tweenMethod":"linearNone","tween":true,"target":106,"key":"scaleX","index":0},{"value":3,"tweenMethod":"linearNone","tween":true,"target":106,"key":"scaleX","index":6},{"value":0.9,"tweenMethod":"linearNone","tween":true,"target":106,"key":"scaleX","index":10},{"value":1,"tweenMethod":"linearNone","tween":true,"target":106,"key":"scaleX","index":11}],"alpha":[{"value":0,"tweenMethod":"linearNone","tween":true,"target":106,"key":"alpha","index":0},{"value":0,"tweenMethod":"linearNone","tween":true,"target":106,"key":"alpha","index":6},{"value":1,"tweenMethod":"linearNone","tween":true,"target":106,"key":"alpha","index":11}]}},{"target":108,"keyframes":{"y":[{"value":0,"tweenMethod":"linearNone","tween":true,"target":108,"key":"y","index":0},{"value":0,"tweenMethod":"linearNone","tween":true,"target":108,"key":"y","index":6},{"value":70,"tweenMethod":"linearNone","tween":true,"target":108,"key":"y","index":11}],"alpha":[{"value":0,"tweenMethod":"linearNone","tween":true,"target":108,"key":"alpha","index":0},{"value":0,"tweenMethod":"linearNone","tween":true,"target":108,"key":"alpha","index":6},{"value":1,"tweenMethod":"linearNone","tween":true,"target":108,"key":"alpha","index":11}]}},{"target":219,"keyframes":{"scaleY":[{"value":1,"tweenMethod":"linearNone","tween":true,"target":219,"key":"scaleY","index":0},{"value":3,"tweenMethod":"linearNone","tween":true,"target":219,"key":"scaleY","index":10},{"value":0.9,"tweenMethod":"linearNone","tween":true,"target":219,"key":"scaleY","index":14},{"value":1,"tweenMethod":"linearNone","tween":true,"target":219,"key":"scaleY","index":15}],"scaleX":[{"value":1,"tweenMethod":"linearNone","tween":true,"target":219,"key":"scaleX","index":0},{"value":3,"tweenMethod":"linearNone","tween":true,"target":219,"key":"scaleX","index":10},{"value":0.9,"tweenMethod":"linearNone","tween":true,"target":219,"key":"scaleX","index":14},{"value":1,"tweenMethod":"linearNone","tween":true,"target":219,"key":"scaleX","index":15}],"alpha":[{"value":0,"tweenMethod":"linearNone","tween":true,"target":219,"key":"alpha","index":0},{"value":0,"tweenMethod":"linearNone","tween":true,"target":219,"key":"alpha","index":10},{"value":1,"tweenMethod":"linearNone","tween":true,"target":219,"key":"alpha","index":15}]}},{"target":220,"keyframes":{"y":[{"value":0,"tweenMethod":"linearNone","tween":true,"target":220,"key":"y","index":0},{"value":0,"tweenMethod":"linearNone","tween":true,"target":220,"key":"y","index":10},{"value":70,"tweenMethod":"linearNone","tween":true,"target":220,"key":"y","index":15}],"alpha":[{"value":0,"tweenMethod":"linearNone","tween":true,"target":220,"key":"alpha","index":0},{"value":0,"tweenMethod":"linearNone","tween":true,"target":220,"key":"alpha","index":10},{"value":1,"tweenMethod":"linearNone","tween":true,"target":220,"key":"alpha","index":15}]}}],"name":"anima_score_begin","id":2,"frameRate":24,"action":1}],"loadList":["tex/lobby_buttom_black.png","tex/windows_buttom_1.png","tex/fnt_windows_biaoti_score.png","tex/windows_buttom_6.png","tex/windows_huawen.png","tex/fnt_windows_xjl.png","tex/windows_buttom_score.png","tex/fnt_windows_small_bjpm.png","tex/windows_icon_rank1.png","tex/fnt_windows_small_chsc.png","tex/windows_icon_time.png","tex/fnt_windows_small_xmds.png","tex/windows_icon_kill.png","tex/fnt_windows_small_hd.png","tex/common_icon_gold.png","tex/common_icon_diamond.png","tex/fnt_windows_small_hyzzw.png","tex/windows_buttom_4.png","tex/common_player_snake.png","tex/windows_ads_mask.png","tex/pure/lobby_btn_blue.png","tex/fnt_windows_btn_three.png","tex/windows_icon_play.png","tex/fnt_windows_btn_close.png","view/NativeBottom.prefab"],"loadList3D":[]}