{"child":[{"compId":8,"type":"Box","props":{"y":0,"x":0,"var":"_pnl3d"}},{"compId":7,"props":{"y":599,"x":590,"var":"_pnl2d"},"type":"Sprite","child":[{"compId":3,"props":{"y":30,"sizeGrid":"10,10,16,10","pivotX":50,"pivotY":30,"height":60,"width":100,"skin":"tex/pure/lobby_btn_blue.png","var":"_btnClose","x":50},"type":"Image","child":[{"compId":4,"type":"Label","props":{"color":"#ffffff","text":"关闭","align":"center","fontSize":26,"valign":"middle","y":12,"x":24}},{"compId":10,"type":"Script","props":{"runtime":"script/ScaleBtn.ts"}}]},{"compId":5,"props":{"y":122,"sizeGrid":"10,10,16,10","pivotX":50,"pivotY":30,"height":60,"width":100,"skin":"tex/pure/lobby_btn_blue.png","var":"_btnAdd","x":50},"type":"Image","child":[{"compId":6,"type":"Label","props":{"color":"#ffffff","text":"添加","align":"center","fontSize":26,"valign":"middle","y":12,"x":24}},{"compId":11,"type":"Script","props":{"runtime":"script/ScaleBtn.ts"}}]},{"compId":13,"props":{"y":213,"sizeGrid":"10,10,16,10","pivotX":50,"pivotY":30,"height":60,"width":100,"skin":"tex/pure/lobby_btn_blue.png","var":"_btnAnim","x":50},"type":"Image","child":[{"compId":14,"type":"Label","props":{"color":"#ffffff","text":"动画","align":"center","fontSize":26,"valign":"middle","y":12,"x":24}},{"compId":15,"type":"Script","props":{"runtime":"script/ScaleBtn.ts"}}]},{"compId":16,"props":{"y":305,"sizeGrid":"10,10,16,10","pivotX":50,"pivotY":30,"height":60,"width":100,"skin":"tex/pure/lobby_btn_blue.png","var":"_btnZoomIn","x":50},"type":"Image","child":[{"compId":18,"type":"Label","props":{"color":"#ffffff","text":"缩小","align":"center","fontSize":26,"valign":"middle","y":12,"x":24}},{"compId":19,"type":"Script","props":{"runtime":"script/ScaleBtn.ts"}}]},{"compId":17,"props":{"y":396,"sizeGrid":"10,10,16,10","pivotX":50,"pivotY":30,"height":60,"width":100,"skin":"tex/pure/lobby_btn_blue.png","var":"_btnZoomOut","x":50},"type":"Image","child":[{"compId":20,"type":"Label","props":{"color":"#ffffff","text":"放大","align":"center","fontSize":26,"valign":"middle","y":12,"x":24}},{"compId":21,"type":"Script","props":{"runtime":"script/ScaleBtn.ts"}}]},{"compId":9,"type":"Label","props":{"color":"#ffffff","text":"0","var":"_lbl","fontSize":32,"y":488,"x":0}}]}],"compId":2,"props":{"height":1280,"width":720,"runtime":"snake_view/GameTest.ts","autoDestroyAtClosed":true},"type":"Scene","loadList":["tex/pure/lobby_btn_blue.png"],"loadList3D":[]}