{"type":"Scene","props":{"width":720,"height":1280},"compId":2,"child":[{"type":"Box","props":{"x":5,"top":7},"compId":80,"child":[{"type":"Image","props":{"y":0,"x":0,"skin":"tex/gamein_fnt_bjjs.png","mouseEnabled":false},"compId":65},{"type":"Text","props":{"y":-2,"x":192,"text":"5","scaleY":0.7,"scaleX":0.7,"runtime":"laya.display.Text","mouseEnabled":false,"font":"number_1"},"compId":66},{"type":"Image","props":{"y":52,"x":355,"width":231,"skin":"tex/gamein_buttom_jsdjs.png","sizeGrid":"0,118,4,114","pivotX":116,"mouseEnabled":false,"height":74},"compId":68},{"type":"Image","props":{"y":57,"x":355,"width":130,"skin":"tex/gamein_fnt_jsdjs.png","pivotX":65,"mouseEnabled":false,"height":26},"compId":69},{"type":"Text","props":{"y":88,"x":355,"width":41,"text":"5","scaleY":0.5,"scaleX":0.5,"runtime":"laya.display.Text","pivotX":21,"mouseEnabled":false,"height":68,"font":"number_1"},"compId":70},{"type":"Image","props":{"y":47,"x":1,"width":201,"skin":"tex/gamein_buttom_qiejiao.png","sizeGrid":"5,23,23,5","mouseEnabled":false,"height":289,"alpha":0.4},"compId":67},{"type":"List","props":{"y":52,"x":5,"width":193,"spaceY":3,"repeatY":10,"mouseEnabled":false,"height":279},"compId":72,"child":[{"type":"Box","props":{"y":0,"x":0,"width":177,"name":"render","mouseEnabled":false,"height":25},"compId":75,"child":[{"type":"Image","props":{"y":0,"x":0,"skin":"tex/gamein_buttom_rank_1.png","mouseEnabled":false},"compId":79},{"type":"Text","props":{"y":12,"x":29,"width":70,"text":"玩家的名字","runtime":"laya.display.Text","pivotY":7,"mouseEnabled":false,"height":14,"fontSize":14,"font":"SimHei","color":"#ffffff","align":"left"},"compId":76},{"type":"Text","props":{"y":12,"x":146,"width":123,"text":"150","scaleY":0.25,"scaleX":0.25,"runtime":"laya.display.Text","pivotY":34,"mouseEnabled":false,"height":68,"fontSize":14,"font":"number_1","color":"#ffffff"},"compId":77},{"type":"Text","props":{"y":1,"x":12,"width":87,"text":"1","scaleY":0.3,"scaleX":0.3,"runtime":"laya.display.Text","pivotX":44,"mouseEnabled":false,"height":68,"fontSize":14,"font":"number_1","color":"#ffffff","align":"center"},"compId":78}]}]}]},{"type":"Box","props":{"x":360,"width":119,"text":"+30","pivotY":34,"pivotX":60,"height":68,"font":"number_1","centerY":-278},"compId":81,"child":[{"type":"Text","props":{"y":34,"x":60,"width":119,"text":"+30","runtime":"laya.display.Text","pivotY":34,"pivotX":60,"height":68,"fontSize":60,"font":"Arial2"},"compId":89},{"type":"Text","props":{"y":34,"x":103,"width":119,"text":"+1","scaleY":0.9,"scaleX":0.9,"runtime":"laya.display.Text","pivotY":34,"height":68,"fontSize":60,"font":"Arial2","align":"left"},"compId":91},{"type":"Image","props":{"y":34,"x":36,"width":130,"skin":"tex/gamein_fnt_js.png","pivotY":22,"pivotX":65,"height":44},"compId":92}]}],"animations":[{"nodes":[{"target":81,"keyframes":{"y":[{"value":363,"tweenMethod":"linearNone","tween":true,"target":81,"key":"y","index":0},{"value":363,"tweenMethod":"linearNone","tween":true,"target":81,"key":"y","index":15},{"value":174,"tweenMethod":"linearNone","tween":true,"target":81,"key":"y","index":40}],"valign":[{"value":"middle","tweenMethod":"linearNone","tween":false,"target":81,"key":"valign","index":0}],"text":[{"value":"+30","tweenMethod":"linearNone","tween":true,"target":81,"key":"text","index":0}],"scaleY":[{"value":1,"tweenMethod":"linearNone","tween":true,"target":81,"key":"scaleY","index":0},{"value":1.1,"tweenMethod":"linearNone","tween":true,"target":81,"key":"scaleY","index":3},{"value":1,"tweenMethod":"linearNone","tween":true,"target":81,"key":"scaleY","index":10},{"value":1,"tweenMethod":"linearNone","tween":true,"target":81,"key":"scaleY","index":15}],"scaleX":[{"value":1,"tweenMethod":"linearNone","tween":true,"target":81,"key":"scaleX","index":0},{"value":1.1,"tweenMethod":"linearNone","tween":true,"target":81,"key":"scaleX","index":3},{"value":1,"tweenMethod":"linearNone","tween":true,"target":81,"key":"scaleX","index":10},{"value":1,"tweenMethod":"linearNone","tween":true,"target":81,"key":"scaleX","index":15},{"value":0.7,"tweenMethod":"linearNone","tween":true,"target":81,"key":"scaleX","index":40}],"pivotY":[{"value":34,"tweenMethod":"linearNone","tween":true,"target":81,"key":"pivotY","index":0}],"bottom":[{"value":300,"tweenMethod":"linearNone","tween":true,"target":81,"key":"bottom","index":0}],"alpha":[{"value":1,"tweenMethod":"linearNone","tween":true,"target":81,"key":"alpha","index":0},{"value":1,"tweenMethod":"linearNone","tween":true,"target":81,"key":"alpha","index":15},{"value":0,"tweenMethod":"linearNone","tween":true,"target":81,"key":"alpha","index":40}],"align":[{"value":"center","tweenMethod":"linearNone","tween":false,"target":81,"key":"align","index":0}]}}],"name":"gamein_score_number","id":1,"frameRate":24,"action":0}],"loadList":["tex/gamein_fnt_bjjs.png","tex/gamein_buttom_jsdjs.png","tex/gamein_fnt_jsdjs.png","tex/gamein_buttom_qiejiao.png","tex/gamein_buttom_rank_1.png","tex/gamein_fnt_js.png"],"loadList3D":[]}