{"animations":[{"action":2,"nodes":[{"target":66,"keyframes":{"y":[{"index":0,"target":66,"tweenMethod":"linearNone","value":508,"tween":true,"key":"y"},{"index":5,"target":66,"tweenMethod":"linearNone","value":511,"tween":true,"key":"y"},{"index":10,"target":66,"tweenMethod":"linearNone","value":498,"tween":true,"key":"y"},{"index":15,"target":66,"tweenMethod":"linearNone","value":511,"label":null,"tween":true,"key":"y"},{"index":20,"target":66,"tweenMethod":"linearNone","value":508,"label":null,"tween":true,"key":"y"},{"index":24,"target":66,"tweenMethod":"linearNone","value":508,"label":null,"tween":true,"key":"y"}],"x":[{"index":0,"target":66,"tweenMethod":"linearNone","value":287,"tween":true,"key":"x"},{"index":20,"target":66,"tweenMethod":"linearNone","value":287,"label":null,"tween":true,"key":"x"},{"index":24,"target":66,"tweenMethod":"linearNone","value":287,"label":null,"tween":true,"key":"x"},{"index":35,"target":66,"tweenMethod":"linearNone","value":287,"tween":true,"key":"x"}],"scaleX":[{"index":0,"target":66,"tweenMethod":"linearNone","value":1,"tween":true,"key":"scaleX"},{"index":20,"target":66,"tweenMethod":"linearNone","value":1,"label":null,"tween":true,"key":"scaleX"},{"index":24,"target":66,"tweenMethod":"linearNone","value":1,"label":null,"tween":true,"key":"scaleX"}],"scaleY":[{"index":0,"target":66,"tweenMethod":"linearNone","value":1,"tween":true,"key":"scaleY"},{"index":20,"target":66,"tweenMethod":"linearNone","value":1,"label":null,"tween":true,"key":"scaleY"},{"index":24,"target":66,"tweenMethod":"linearNone","value":1,"label":null,"tween":true,"key":"scaleY"}],"height":[{"index":0,"target":66,"tweenMethod":"linearNone","value":442,"tween":true,"key":"height"},{"index":5,"target":66,"tweenMethod":"linearNone","value":439,"tween":true,"key":"height"},{"index":10,"target":66,"tweenMethod":"linearNone","value":452,"label":"ticktock","tween":true,"key":"height"},{"index":15,"target":66,"tweenMethod":"linearNone","value":439,"label":null,"tween":true,"key":"height"},{"index":20,"target":66,"tweenMethod":"linearNone","value":442,"label":null,"tween":true,"key":"height"},{"index":24,"target":66,"tweenMethod":"linearNone","value":442,"tween":true,"key":"height"}]}},{"target":92,"keyframes":{"x":[{"index":0,"target":92,"tweenMethod":"linearNone","value":287,"tween":true,"key":"x"},{"index":35,"target":92,"tweenMethod":"linearNone","value":287,"tween":true,"key":"x"}],"scaleX":[{"index":0,"target":92,"tweenMethod":"linearNone","value":40,"tween":true,"key":"scaleX"},{"index":17,"target":92,"tweenMethod":"linearNone","value":30,"tween":true,"key":"scaleX"},{"index":35,"target":92,"tweenMethod":"linearNone","value":40,"tween":true,"key":"scaleX"}],"scaleY":[{"index":0,"target":92,"tweenMethod":"linearNone","value":40,"tween":true,"key":"scaleY"},{"index":17,"target":92,"tweenMethod":"linearNone","value":30,"tween":true,"key":"scaleY"},{"index":35,"target":92,"tweenMethod":"linearNone","value":40,"tween":true,"key":"scaleY"}]}}],"frameRate":24,"name":"gemein_relive","id":1},{"action":2,"nodes":[{"target":65,"keyframes":{"y":[{"index":0,"target":65,"tweenMethod":"linearNone","value":487,"tween":true,"key":"y"},{"index":160,"target":65,"tweenMethod":"linearNone","value":487,"label":null,"tween":true,"key":"y"}],"x":[{"index":0,"target":65,"tweenMethod":"linearNone","value":287,"tween":true,"key":"x"},{"index":160,"target":65,"tweenMethod":"linearNone","value":287,"label":null,"tween":true,"key":"x"}],"pivotY":[{"index":0,"target":65,"tweenMethod":"linearNone","value":157,"tween":true,"key":"pivotY"},{"index":160,"target":65,"tweenMethod":"linearNone","value":157,"label":null,"tween":true,"key":"pivotY"}],"scaleX":[{"index":0,"target":65,"tweenMethod":"linearNone","value":1,"tween":true,"key":"scaleX"},{"index":80,"target":65,"tweenMethod":"linearNone","value":1.1,"tween":true,"key":"scaleX"},{"index":160,"target":65,"tweenMethod":"linearNone","value":1,"label":null,"tween":true,"key":"scaleX"}],"scaleY":[{"index":0,"target":65,"tweenMethod":"linearNone","value":1,"tween":true,"key":"scaleY"},{"index":80,"target":65,"tweenMethod":"linearNone","value":1.1,"tween":true,"key":"scaleY"},{"index":160,"target":65,"tweenMethod":"linearNone","value":1,"label":null,"tween":true,"key":"scaleY"}]}},{"target":75,"keyframes":{"x":[{"index":0,"target":75,"tweenMethod":"linearNone","value":287,"tween":true,"key":"x"}],"alpha":[{"index":0,"target":75,"tweenMethod":"linearNone","value":0,"tween":true,"key":"alpha"},{"index":40,"target":75,"tweenMethod":"linearNone","value":1,"tween":true,"key":"alpha"},{"index":80,"target":75,"tweenMethod":"linearNone","value":0,"tween":true,"key":"alpha"},{"index":120,"target":75,"tweenMethod":"linearNone","value":1,"tween":true,"key":"alpha"},{"index":160,"target":75,"tweenMethod":"linearNone","value":0,"tween":true,"key":"alpha"}]}}],"frameRate":24,"name":"gamein_relive2","id":2}],"compId":2,"props":{"height":1280,"width":720,"runtime":"view/ReviveView.ts","autoDestroyAtClosed":true},"child":[{"compId":4,"type":"Image","props":{"x":360,"sizeGrid":"7,9,8,6","pivotX":360,"height":1280,"y":0,"skin":"tex/lobby_buttom_black.png","var":"bg","alpha":0.6,"width":720}},{"compId":72,"props":{"y":582,"pivotX":287,"pivotY":381,"height":743,"width":574,"var":"_dialog","x":360},"type":"Box","child":[{"compId":96,"props":{"pivotX":287,"pivotY":381,"height":743,"width":574,"y":381,"x":287},"type":"Box","child":[{"compId":90,"type":"Animation","props":{"scaleX":5,"scaleY":5,"source":"view/light.ani","y":324,"x":286,"autoAnimation":"ani1","autoPlay":true}},{"compId":92,"type":"Image","props":{"pivotX":10,"pivotY":10,"scaleX":40,"scaleY":40,"height":20,"width":20,"blendMode":"lighter","skin":"tex/effect_round.png","y":330,"x":287}},{"compId":64,"type":"Image","props":{"pivotX":219,"mouseEnabled":false,"height":463,"width":437,"skin":"tex/gamein_relive_3.png","y":92,"x":287}},{"compId":75,"type":"Image","props":{"pivotX":219,"mouseEnabled":false,"height":463,"width":437,"blendMode":"lighter","skin":"tex/gamein_relive_3.png","y":92,"x":287}},{"compId":65,"type":"Image","props":{"pivotX":260,"mouseEnabled":false,"height":313,"width":520,"skin":"tex/gamein_relive_2.png","y":330,"x":287}},{"compId":66,"props":{"pivotX":152,"pivotY":442,"mouseEnabled":false,"height":442,"width":303,"skin":"tex/gamein_relive_1.png","y":508,"x":287},"type":"Image","child":[{"compId":73,"type":"Text","props":{"font":"number_3","y":308,"text":"6","pivotX":88,"scaleX":0.7,"scaleY":0.7,"height":108,"width":176,"mouseEnabled":false,"var":"_countDown","x":152,"runtime":"laya.display.Text","align":"center"}}]},{"compId":51,"props":{"x":286,"y":607,"sizeGrid":"10,10,16,10","anchorX":0.5,"height":91,"width":240,"skin":"tex/pure/lobby_btn_blue.png","var":"_btnRevive","stateNum":1,"anchorY":0.5},"type":"Button","child":[{"compId":78,"props":{"y":18,"x":18,"var":"_coinsPnl"},"type":"Box","child":[{"compId":69,"type":"Image","props":{"y":1,"x":0,"mouseEnabled":false,"skin":"tex/common_icon_diamond.png"}},{"compId":71,"type":"Text","props":{"font":"number_1","bold":true,"color":"#e1ff0d","text":"1000","align":"center","scaleX":0.6,"scaleY":0.6,"height":64,"width":201,"stroke":3,"fontSize":15,"mouseEnabled":false,"var":"_priceLbl","x":51,"runtime":"laya.display.Text","y":0}}]},{"compId":79,"props":{"y":18,"x":18,"var":"_sharePnl"},"type":"Box","child":[{"compId":88,"type":"Sprite","props":{"y":2,"x":30,"texture":"tex/fnt_windows_btn_reback.png"}}]},{"compId":82,"props":{"y":18,"x":18,"var":"_videoPnl"},"type":"Box","child":[{"compId":83,"props":{"y":-8,"x":5,"mouseEnabled":false,"skin":"tex/windows_icon_play.png"},"type":"Image","child":[{"compId":121,"type":"Label","props":{"color":"#ffffff","text":"看视频","anchorX":0.5,"anchorY":0.5,"fontSize":18,"y":57,"x":18,"font":"SimHei"}}]},{"compId":87,"type":"Sprite","props":{"y":6,"x":61,"texture":"tex/fnt_windows_btn_reback.png"}}]},{"compId":85,"type":"Script","props":{"runtime":"script/ScaleBtn.ts"}}]},{"compId":119,"type":"Script","props":{"runtime":"script/ForIPad.ts"}}]},{"compId":68,"props":{"y":718,"pivotX":60,"pivotY":30,"height":60,"width":120,"x":287,"var":"_btnClose","stateNum":1},"type":"Sprite","child":[{"compId":86,"type":"Script","props":{"runtime":"script/ScaleBtn.ts"}},{"compId":94,"type":"Script","props":{"runtime":"script/NearBanner.ts"}},{"compId":120,"type":"Sprite","props":{"y":14.5,"x":0,"texture":"tex/fnt_windows_btn_nothx.png"}}]},{"compId":89,"type":"Script","props":{"runtime":"script/DialogEffect.ts"}}]}],"type":"Scene","loadList":["tex/lobby_buttom_black.png","view/light.ani","tex/effect_round.png","tex/gamein_relive_3.png","tex/gamein_relive_2.png","tex/gamein_relive_1.png","tex/pure/lobby_btn_blue.png","tex/common_icon_diamond.png","tex/fnt_windows_btn_reback.png","tex/windows_icon_play.png","tex/fnt_windows_btn_nothx.png"],"loadList3D":[]}