{"type":"Scene","props":{"width":720,"runtime":"view/GuideView.ts","mouseThrough":true,"mouseEnabled":true,"height":1280,"autoDestroyAtClosed":true},"compId":2,"child":[{"type":"Sprite","props":{"y":619,"x":55,"width":622,"var":"_dialog","pivotY":163,"height":163},"compId":8,"child":[{"type":"Sprite","props":{"texture":"tex/newfish.png"},"compId":4},{"type":"Image","props":{"y":8,"x":182,"width":440,"skin":"tex/newfish_kuang.png","sizeGrid":"33,30,30,34","height":155},"compId":7},{"type":"Label","props":{"y":37,"x":213,"wordWrap":true,"width":381,"var":"_content","valign":"middle","text":"快速点击，领取礼物！","height":99,"fontSize":28,"color":"#5490cd","align":"center"},"compId":9}]},{"type":"Sprite","props":{"y":997,"x":336,"width":129,"var":"_hand","pivotY":112,"height":112},"compId":10,"child":[{"type":"Sprite","props":{"y":102,"x":10.5,"width":102,"visible":false,"texture":"tex/newfish_light.png","pivotY":51,"pivotX":51,"name":"light","height":102},"compId":11},{"type":"Sprite","props":{"y":112,"width":129,"texture":"tex/newfish_hand.png","pivotY":112,"name":"hand","height":112},"compId":5}]}],"animations":[{"nodes":[{"target":11,"keyframes":{"visible":[{"value":false,"tweenMethod":"linearNone","tween":false,"target":11,"key":"visible","index":0}]}},{"target":5,"keyframes":{"y":[{"value":112,"tweenMethod":"linearNone","tween":true,"target":5,"key":"y","index":0},{"value":41,"tweenMethod":"linearNone","tween":true,"target":5,"key":"y","index":10},{"value":112,"tweenMethod":"linearNone","tween":true,"target":5,"key":"y","index":20}],"x":[{"value":0,"tweenMethod":"linearNone","tween":true,"target":5,"key":"x","index":0},{"value":64.5,"tweenMethod":"linearNone","tween":true,"target":5,"key":"x","index":10},{"value":0,"tweenMethod":"linearNone","tween":true,"target":5,"key":"x","index":20}]}}],"name":"clickAnim","id":1,"frameRate":24,"action":2},{"nodes":[{"target":11,"keyframes":{"visible":[{"value":false,"tweenMethod":"linearNone","tween":false,"target":11,"key":"visible","index":0}]}},{"target":5,"keyframes":{"x":[{"value":0,"tweenMethod":"linearNone","tween":true,"target":5,"key":"x","index":0}]}}],"name":"slipAnim","id":2,"frameRate":24,"action":1}],"loadList":["tex/newfish.png","tex/newfish_kuang.png","tex/newfish_light.png","tex/newfish_hand.png"],"loadList3D":[]}