{"child":[{"compId":8,"props":{"width":720,"name":"pnl","height":350},"type":"Sprite","child":[{"compId":3,"type":"Image","props":{"name":"bg","sizeGrid":"12,12,12,12","height":350,"width":660,"skin":"tex/fuhuo_bar_3.png","y":0,"x":30}},{"compId":4,"props":{"name":"list","repeatY":2,"height":300,"repeatX":4,"width":610,"x":55,"spaceX":12,"spaceY":12,"y":25},"type":"List","child":[{"compId":6,"props":{"pivotX":72,"pivotY":72,"height":144,"width":144,"renderType":"render","y":72,"x":72},"type":"Box","child":[{"compId":5,"type":"Image","props":{"name":"icon","mouseEnabled":true,"height":144,"width":144,"skin":"tex/common_player_snake.png","y":0,"x":0}},{"compId":7,"type":"Script","props":{"y":0,"x":0,"runtime":"script/ScaleBtn.ts","zoom":0.95}}]}]}]}],"compId":2,"props":{"height":350,"width":720,"runtime":"ads/InsideAds3.ts","mouseThrough":true,"autoDestroyAtClosed":true},"type":"Scene","loadList":["tex/fuhuo_bar_3.png","tex/common_player_snake.png"],"loadList3D":[]}