{"compId":2,"child":[{"compId":4,"type":"Image","props":{"var":"bg","x":-360,"centerX":0,"skin":"loading/login_bg.png"}},{"compId":11,"child":[{"compId":8,"type":"ProgressBar","props":{"y":37,"width":720,"skin":"loading/login_bar.png","value":1,"var":"progress"}},{"compId":9,"type":"Image","props":{"width":42,"pivotX":42,"height":36,"var":"pika","skin":"loading/login_bar_icon.png","y":21,"x":42}},{"compId":10,"type":"Label","props":{"bottom":36,"color":"#ffffff","text":"Loading...","fontSize":24,"centerX":0,"y":-3,"x":307}}],"type":"Box","props":{"width":720,"pivotY":57,"height":57,"var":"_footer","y":1283,"x":0}},{"compId":13,"type":"Sprite","props":{"y":134,"x":57,"name":"title","texture":"loading/logo.png"}},{"compId":14,"type":"Text","props":{"color":"#ffffff","text":"v1","var":"_version","fontSize":26,"y":24,"x":29,"runtime":"laya.display.Text"}}],"type":"Scene","props":{"width":720,"autoDestroyAtClosed":true,"runtime":"view/LoadingView.ts","height":1280},"loadList":["loading/login_bg.png","loading/login_bar.png","loading/login_bar_icon.png","loading/logo.png"],"loadList3D":[]}