{"type":"Scene","props":{"width":720,"runtime":"view/RewardView.ts","height":1280,"autoDestroyAtClosed":true},"compId":2,"child":[{"type":"Image","props":{"width":720,"var":"bg","skin":"tex/lobby_buttom_black.png","sizeGrid":"7,9,8,6","pivotX":360,"height":1280,"centerY":0,"centerX":0,"alpha":0.8},"compId":4},{"type":"Box","props":{"width":720,"height":1280,"centerY":0,"centerX":0},"compId":126,"child":[{"type":"Script","props":{"y":253,"x":0,"runtime":"script/ForIPad.ts"},"compId":114},{"type":"Box","props":{"x":360,"width":680,"pivotY":320,"pivotX":340,"height":639,"centerY":-86},"compId":12,"child":[{"type":"Script","props":{"y":0,"x":0,"runtime":"script/DialogEffect.ts"},"compId":100},{"type":"Sprite","props":{"y":333,"x":340,"width":680,"pivotY":333,"pivotX":340,"height":666},"compId":113,"child":[{"type":"Image","props":{"y":433,"x":341,"width":680,"skin":"tex/windows_buttom_1.png","sizeGrid":"23,23,25,24","pivotY":431,"pivotX":341,"mouseEnabled":false,"height":639},"compId":8},{"type":"Image","props":{"y":87,"x":341,"width":660,"skin":"tex/windows_buttom_2.png","sizeGrid":"6,13,14,13","pivotX":330,"mouseEnabled":false,"height":547},"compId":10},{"type":"Image","props":{"y":20,"x":217,"var":"title","skin":"tex/fnt_windows_biaoti_pfunlock.png","pivotX":46,"mouseEnabled":false,"centerX":0},"compId":57},{"type":"Button","props":{"y":620.5,"x":341,"width":260,"var":"btnGet","stateNum":1,"skin":"tex/pure/lobby_btn_blue.png","sizeGrid":"10,10,16,10","height":91,"anchorY":0.5,"anchorX":0.5},"compId":51,"child":[{"type":"Image","props":{"y":28,"var":"btnTxt","skin":"tex/fnt_windows_biaoti_pftry.png","mouseEnabled":false,"centerX":25},"compId":54},{"type":"Image","props":{"y":22,"x":34,"var":"btnIco","skin":"tex/windows_icon_play.png"},"compId":95},{"type":"Script","props":{"y":0,"x":0,"runtime":"script/ScaleBtn.ts"},"compId":102}]},{"type":"Image","props":{"y":134,"x":341,"skin":"tex/windows_buttom_pfunlock.png","pivotX":314,"name":"main","mouseEnabled":false},"compId":63,"child":[{"type":"Image","props":{"y":311,"x":614,"width":48,"visible":false,"var":"attr1","skin":"tex/lobby_icon_changdu.png","pivotX":48,"name":"attr1","mouseEnabled":false,"height":48},"compId":66,"child":[{"type":"Text","props":{"y":13,"x":-7,"width":161,"text":"+30%","scaleY":0.45,"scaleX":0.45,"runtime":"laya.display.Text","pivotX":161,"mouseEnabled":false,"height":65,"font":"number_1"},"compId":67}]},{"type":"Image","props":{"y":254,"x":614,"width":48,"visible":false,"var":"attr2","skin":"tex/lobby_icon_nengliang.png","pivotX":48,"name":"attr2","mouseEnabled":false,"height":48},"compId":71,"child":[{"type":"Text","props":{"y":10,"x":-7,"width":161,"text":"+30%","scaleY":0.45,"scaleX":0.45,"runtime":"laya.display.Text","pivotX":161,"mouseEnabled":false,"height":65,"font":"number_1"},"compId":72}]},{"type":"Text","props":{"y":-35,"x":307,"width":500,"var":"descTxt","text":"雷蛇","runtime":"laya.display.Text","pivotX":250,"mouseEnabled":false,"height":35,"fontSize":34,"font":"Arial2","align":"center"},"compId":73}]},{"type":"Box","props":{"y":322.5,"x":341,"width":274,"name":"light","height":270},"compId":109,"child":[{"type":"Animation","props":{"y":0,"x":0,"source":"view/light.ani","scaleY":3,"scaleX":3,"autoPlay":true,"autoAnimation":"ani1"},"compId":106},{"type":"Image","props":{"y":0,"x":0,"width":17,"skin":"tex/effect_round.png","scaleY":15,"scaleX":15,"pivotY":9,"pivotX":9,"height":17,"blendMode":"lighter"},"compId":107}]},{"type":"Label","props":{"y":475,"visible":false,"var":"offTip","text":"离线最高保留12小时收益","fontSize":24,"color":"#ffffff","centerX":0},"compId":96},{"type":"Label","props":{"y":475,"visible":false,"var":"freeTip","text":"今日还可领取(1/5)次","fontSize":24,"color":"#ffffff","centerX":0},"compId":122},{"type":"Text","props":{"y":383,"x":140,"width":400,"var":"rewardNum","text":"+360","runtime":"laya.display.Text","fontSize":30,"font":"Arial2","align":"center"},"compId":98},{"type":"Image","props":{"var":"Ico","skin":"tex/windows_icon_offlinezuanshi.png","centerY":-9,"centerX":20,"anchorY":0,"anchorX":0},"compId":97},{"type":"View","props":{"y":169,"x":165,"width":350,"var":"_modelPnl","height":300},"compId":99},{"type":"Sprite","props":{"y":417.5,"x":207,"width":300,"var":"unlockReceivePnl","height":80},"compId":115,"child":[{"type":"Sprite","props":{"y":29,"x":19,"texture":"tex/fnt_windows_fnt_lingqu.png"},"compId":116},{"type":"Sprite","props":{"y":23,"x":111,"texture":"tex/common_icon_diamond.png"},"compId":117},{"type":"Text","props":{"y":15.5,"x":159,"var":"unlockReceiveDiamonds","text":"1000","scaleY":0.8,"scaleX":0.8,"runtime":"laya.display.Text","fontSize":60,"font":"Arial2","align":"center"},"compId":118}]}]},{"type":"Button","props":{"y":712,"x":340,"width":120,"var":"btnClose","pivotY":30,"pivotX":60,"height":60},"compId":112,"child":[{"type":"Script","props":{"y":0,"x":0,"runtime":"script/ScaleBtn.ts"},"compId":101},{"type":"Image","props":{"y":30,"x":60,"var":"btnCloseSkin","stateNum":1,"skin":"tex/fnt_windows_btn_know.png","anchorY":0.5,"anchorX":0.5},"compId":94},{"type":"Script","props":{"runtime":"script/NearBanner.ts","_nativeBottom":"@node:127"},"compId":125}]}]}]}],"animations":[{"nodes":[{"target":107,"keyframes":{"x":[{"value":0,"tweenMethod":"linearNone","tween":true,"target":107,"key":"x","index":0},{"value":0,"tweenMethod":"linearNone","tween":true,"target":107,"key":"x","index":20},{"value":0,"tweenMethod":"linearNone","tween":true,"target":107,"key":"x","index":40}],"scaleY":[{"value":15,"tweenMethod":"linearNone","tween":true,"target":107,"key":"scaleY","index":0},{"value":20,"tweenMethod":"linearNone","tween":true,"target":107,"key":"scaleY","index":20},{"value":15,"tweenMethod":"linearNone","tween":true,"target":107,"key":"scaleY","index":40}],"scaleX":[{"value":15,"tweenMethod":"linearNone","tween":true,"target":107,"key":"scaleX","index":0},{"value":20,"tweenMethod":"linearNone","tween":true,"target":107,"key":"scaleX","index":20},{"value":15,"tweenMethod":"linearNone","tween":true,"target":107,"key":"scaleX","index":40}]}}],"name":"anima_lobby_pifu","id":1,"frameRate":24,"action":2}],"loadList":["tex/lobby_buttom_black.png","tex/windows_buttom_1.png","tex/windows_buttom_2.png","tex/fnt_windows_biaoti_pfunlock.png","tex/pure/lobby_btn_blue.png","tex/fnt_windows_biaoti_pftry.png","tex/windows_icon_play.png","tex/windows_buttom_pfunlock.png","tex/lobby_icon_changdu.png","tex/lobby_icon_nengliang.png","view/light.ani","tex/effect_round.png","tex/windows_icon_offlinezuanshi.png","tex/fnt_windows_fnt_lingqu.png","tex/common_icon_diamond.png","tex/fnt_windows_btn_know.png","view/NativeBottom.prefab"],"loadList3D":[]}