{"type":"Scene","props":{"width":720,"runtime":"view/MatchView.ts","height":1280,"autoDestroyAtClosed":true},"compId":2,"child":[{"type":"Image","props":{"width":720,"var":"bg","skin":"tex/lobby_buttom_black.png","sizeGrid":"7,9,8,6","pivotX":360,"height":1280,"centerY":0,"centerX":0,"alpha":0.8},"compId":4},{"type":"Box","props":{"width":720,"height":1280,"centerY":0,"centerX":0},"compId":165,"child":[{"type":"Script","props":{"y":301,"x":19,"runtime":"script/ForIPad.ts"},"compId":151},{"type":"Box","props":{"x":360,"width":680,"var":"_dialog","pivotY":282,"pivotX":340,"height":545,"centerY":-36},"compId":12,"child":[{"type":"Sprite","props":{"y":241,"x":339,"width":680,"pivotY":272,"pivotX":340,"height":544},"compId":150,"child":[{"type":"Image","props":{"y":461,"x":341,"width":680,"skin":"tex/windows_buttom_1.png","sizeGrid":"23,23,25,24","pivotY":431,"pivotX":341,"mouseEnabled":false,"height":514},"compId":8},{"type":"Image","props":{"y":113,"x":341,"width":650,"skin":"tex/windows_buttom_6.png","sizeGrid":"18,18,18,18","pivotX":325,"mouseEnabled":false,"height":339},"compId":10},{"type":"Image","props":{"y":161,"x":341,"skin":"tex/windows_buttom_duiju2.png","pivotX":314,"mouseEnabled":false},"compId":135},{"type":"Image","props":{"y":0,"x":324,"skin":"tex/fnt_windows_biaoti_duiju.png","pivotX":159,"mouseEnabled":false},"compId":136},{"type":"Image","props":{"y":137,"x":427,"skin":"tex/fnt_windows_small_daojishi.png","pivotY":12,"mouseEnabled":false},"compId":138},{"type":"Image","props":{"y":136,"x":308,"skin":"tex/fnt_windows_small_yijiuxu.png","pivotY":12,"mouseEnabled":false,"anchorX":1},"compId":137},{"type":"Text","props":{"y":117,"x":83,"width":110,"var":"_progressLbl","text":"3/20","strokeColor":"#000000","stroke":2,"runtime":"laya.display.Text","mouseEnabled":false,"height":40,"fontSize":40,"font":"Arial2","color":"#FEF87A","align":"right"},"compId":139},{"type":"Text","props":{"y":116,"x":560,"width":93,"var":"_timesLbl","text":"5","stroke":2,"scaleY":1,"scaleX":1,"runtime":"laya.display.Text","mouseEnabled":false,"height":42,"fontSize":42,"font":"Arial2","color":"#FEF87A"},"compId":141},{"type":"List","props":{"y":211,"x":342,"width":459,"var":"_list","spaceY":12,"spaceX":9,"repeatY":2,"repeatX":5,"pivotX":230,"mouseEnabled":false,"height":182},"compId":142,"child":[{"type":"Box","props":{"y":0,"x":43,"width":84,"pivotX":42,"name":"render","mouseEnabled":false,"height":84},"compId":144,"child":[{"type":"Image","props":{"y":0,"x":0,"width":84,"skin":"tex/common_player_snake.png","name":"avatar","mouseEnabled":false,"height":84},"compId":143}]}]},{"type":"Box","props":{"y":487,"x":164,"visible":false,"var":"inviteTip"},"compId":161,"child":[{"type":"Image","props":{"skin":"tex/friends_fnt_wait.png"},"compId":162},{"type":"Image","props":{"y":0,"x":250,"skin":"tex/fnt_windows_small_daojishi2.png","mouseEnabled":false},"compId":163},{"type":"Text","props":{"y":-10,"x":334,"var":"_inviteTimesLbl","text":"3","scaleY":0.5,"scaleX":0.5,"runtime":"laya.display.Text","mouseEnabled":false,"font":"number_1"},"compId":164}]}]},{"type":"Sprite","props":{"y":582,"x":315,"width":150,"var":"btnClose","stateNum":1,"pivotY":30,"pivotX":50,"height":60},"compId":54,"child":[{"type":"Script","props":{"runtime":"script/ScaleBtn.ts"},"compId":147},{"type":"Sprite","props":{"y":14,"x":20,"texture":"tex/fnt_windows_btn_quxiao.png"},"compId":152}]},{"type":"Script","props":{"y":-332,"x":-20,"runtime":"script/DialogEffect.ts"},"compId":146}]}]}],"loadList":["tex/lobby_buttom_black.png","tex/windows_buttom_1.png","tex/windows_buttom_6.png","tex/windows_buttom_duiju2.png","tex/fnt_windows_biaoti_duiju.png","tex/fnt_windows_small_daojishi.png","tex/fnt_windows_small_yijiuxu.png","tex/common_player_snake.png","tex/friends_fnt_wait.png","tex/fnt_windows_small_daojishi2.png","tex/pure/lobby_btn_blue.png","tex/friends_fnt_yqhy.png","tex/fnt_windows_btn_quxiao.png","view/ScrollAds.scene"],"loadList3D":[]}