{"child":[{"compId":4,"type":"Image","props":{"sizeGrid":"7,9,8,6","pivotX":360,"skin":"tex/lobby_buttom_black.png","height":1280,"width":720,"centerX":0,"centerY":0,"var":"bg","alpha":0.8}},{"compId":12,"props":{"y":527,"pivotX":340,"pivotY":431,"height":862,"width":680,"centerY":-113,"var":"_dialog","x":360},"type":"Box","child":[{"compId":8,"type":"Image","props":{"sizeGrid":"23,23,25,24","pivotX":341,"pivotY":431,"mouseEnabled":false,"height":862,"width":680,"skin":"tex/windows_buttom_1.png","y":431,"x":341}},{"compId":10,"type":"Image","props":{"sizeGrid":"6,13,14,13","pivotX":330,"mouseEnabled":false,"height":710,"width":660,"skin":"tex/windows_buttom_2.png","y":141,"x":341}},{"compId":43,"props":{"y":75,"x":342,"width":289,"height":69},"type":"Box","child":[{"compId":59,"type":"Button","props":{"sizeGrid":"0,0,0,0","skin":"tex/windows_btn_rank.png","y":0,"x":0,"var":"btnWorldRank","stateNum":2}}]},{"compId":44,"props":{"y":75,"x":197,"pivotX":145,"width":289,"height":69},"type":"Box","child":[{"compId":60,"type":"Button","props":{"sizeGrid":"0,0,0,0","skin":"tex/windows_btn_rank2.png","y":0,"x":0,"var":"btnFriendRank","stateNum":2}}]},{"compId":97,"props":{"y":158,"x":102,"name":"head"},"type":"Box","child":[{"compId":93,"type":"Sprite","props":{"texture":"tex/fnt_windows_rank_rank.png"}},{"compId":94,"type":"Sprite","props":{"x":102,"texture":"tex/fnt_windows_rank_user.png"}},{"compId":96,"type":"Sprite","props":{"y":0,"x":374,"texture":"tex/fnt_windows_rank_asset.png"}}]},{"compId":47,"props":{"y":197,"visible":false,"vScrollBarSkin":" ","height":541,"repeatX":1,"selectEnable":false,"x":27,"var":"scrollList","spaceY":9,"width":626},"type":"List","child":[{"compId":71,"props":{"pivotX":288,"mouseEnabled":false,"presetID":1,"height":80,"width":576,"renderType":"render","isPresetRoot":true,"y":0,"x":313},"type":"Box","child":[{"compId":72,"type":"Image","props":{"sizeGrid":"6,6,6,6","pivotX":288,"presetID":2,"height":80,"width":576,"skin":"tex/pure/lobby_buttom_light_green.png","y":0,"x":288}},{"compId":73,"type":"Image","props":{"name":"rk_avatar","mouseEnabled":false,"pivotX":42,"pivotY":42,"scaleX":0.7,"scaleY":0.7,"presetID":3,"height":84,"width":84,"skin":"tex/common_player_snake.png","y":40,"x":177}},{"compId":74,"type":"Image","props":{"name":"rk_rankBg","pivotX":32,"pivotY":27,"mouseEnabled":false,"presetID":4,"height":54,"width":63,"skin":"tex/windows_icon_rank4.png","y":42,"x":78}},{"compId":78,"type":"Label","props":{"name":"rk_name","text":"玩家的名字","presetID":8,"anchorY":0.5,"fontSize":22,"y":40,"x":224,"bold":true}},{"compId":79,"type":"Label","props":{"font":"number_1","name":"rk_score","text":"8888.88万","align":"right","scaleX":0.45,"scaleY":0.45,"presetID":9,"height":80,"fontSize":24,"anchorX":1,"y":40,"x":541,"anchorY":0.5}},{"compId":80,"type":"Label","props":{"name":"rk_rank","text":"4","pivotX":108,"pivotY":31,"scaleX":0.5,"scaleY":0.5,"presetID":10,"height":62,"width":93,"y":41,"x":107.5,"font":"number_1","align":"center"}}]}]},{"compId":64,"props":{"y":746,"width":576,"pivotX":288,"mouseEnabled":false,"presetID":1,"height":80,"visible":false,"isPresetRoot":true,"var":"myRank","x":340},"type":"Box","child":[{"compId":65,"type":"Image","props":{"sizeGrid":"6,6,6,6","pivotX":288,"presetID":2,"height":80,"width":576,"skin":"tex/pure/lobby_buttom_light_yellow.png","y":0,"x":288}},{"compId":66,"type":"Image","props":{"name":"rk_avatar","mouseEnabled":false,"pivotX":42,"pivotY":42,"scaleX":0.7,"scaleY":0.7,"presetID":3,"height":84,"width":84,"skin":"tex/common_player_snake.png","y":40,"x":177}},{"compId":67,"type":"Image","props":{"name":"rk_rankBg","pivotX":32,"pivotY":27,"mouseEnabled":false,"presetID":4,"height":54,"width":63,"skin":"tex/windows_icon_rank4.png","y":42,"x":78}},{"compId":81,"type":"Label","props":{"name":"rk_name","text":"玩家的名字","presetID":8,"anchorY":0.5,"fontSize":22,"y":40,"x":224,"bold":true}},{"compId":82,"type":"Label","props":{"font":"number_1","name":"rk_score","text":"8888.88万","align":"right","scaleX":0.45,"scaleY":0.45,"presetID":9,"height":80,"fontSize":24,"anchorX":1,"y":40,"x":541,"anchorY":0.5}},{"compId":83,"type":"Label","props":{"name":"rk_rank","text":"4","pivotX":108,"pivotY":31,"scaleX":0.5,"scaleY":0.5,"presetID":10,"height":62,"width":93,"y":41,"x":107.5,"font":"number_1","align":"center"}}]},{"compId":63,"type":"WXOpenDataViewer","props":{"runtime":"laya.ui.WXOpenDataViewer","y":197,"var":"openDataView","width":576,"iconSign":"wx","x":51,"height":628}},{"compId":87,"props":{"y":877,"x":230,"width":334,"height":91},"type":"Sprite","child":[{"compId":53,"props":{"pivotX":110,"pivotY":46,"height":91,"width":219,"y":46,"x":110},"type":"Box","child":[{"compId":51,"type":"Button","props":{"x":110,"y":0,"sizeGrid":"10,10,16,10","pivotX":110,"height":91,"width":219,"skin":"tex/pure/lobby_btn_blue.png","var":"btnFlaunt","stateNum":1}},{"compId":54,"type":"Image","props":{"pivotX":33,"mouseEnabled":false,"height":32,"width":65,"skin":"tex/fnt_windows_btn_xy.png","y":23.5,"x":110}},{"compId":86,"type":"Script","props":{"runtime":"script/ScaleBtn.ts"}}]},{"compId":58,"props":{"y":31.5,"pivotX":30,"pivotY":16,"height":60,"width":100,"x":292,"var":"btnClose","stateNum":1},"type":"Sprite","child":[{"compId":85,"type":"Script","props":{"runtime":"script/ScaleBtn.ts"}},{"compId":98,"type":"Sprite","props":{"y":14.5,"x":20,"texture":"tex/fnt_windows_btn_tiaoguo.png"}}]},{"compId":89,"type":"Script","props":{"runtime":"script/NearBanner.ts"}}]},{"compId":91,"type":"Script","props":{"runtime":"script/ForIPad.ts"}},{"compId":92,"type":"Image","props":{"y":38,"x":341,"pivotX":65,"pivotY":22,"skin":"tex/fnt_windows_rank_big.png"}}]}],"compId":2,"props":{"height":1280,"width":720,"runtime":"view/RankView.ts","autoDestroyAtClosed":true},"type":"Scene","loadList":["tex/lobby_buttom_black.png","tex/windows_buttom_1.png","tex/windows_buttom_2.png","tex/windows_btn_rank.png","tex/windows_btn_rank2.png","tex/fnt_windows_rank_rank.png","tex/fnt_windows_rank_user.png","tex/fnt_windows_rank_asset.png","tex/pure/lobby_buttom_light_green.png","tex/common_player_snake.png","tex/windows_icon_rank4.png","tex/pure/lobby_buttom_light_yellow.png","tex/pure/lobby_btn_blue.png","tex/fnt_windows_btn_xy.png","tex/fnt_windows_btn_tiaoguo.png","tex/fnt_windows_rank_big.png","view/rank_list.prefab"],"loadList3D":[]}