{"type":"Scene","props":{"width":720,"runtime":"view/SignView.ts","height":1280,"autoDestroyAtClosed":true},"compId":2,"child":[{"type":"Image","props":{"y":0,"x":360,"width":720,"var":"bg","skin":"tex/lobby_buttom_black.png","sizeGrid":"7,9,8,6","pivotX":360,"height":1280,"alpha":0.8},"compId":4},{"type":"Box","props":{"y":527,"x":360,"width":680,"var":"_dialog","pivotY":431,"pivotX":340,"height":862,"centerY":-113},"compId":12,"child":[{"type":"Sprite","props":{"y":431,"x":340,"width":681,"pivotY":431,"pivotX":341,"height":862},"compId":131,"child":[{"type":"Image","props":{"width":680,"skin":"tex/windows_buttom_1.png","sizeGrid":"23,23,25,24","mouseEnabled":false,"height":862},"compId":8},{"type":"Image","props":{"y":19,"x":276,"skin":"tex/fnt_windows_biaoti_denglu.png","mouseEnabled":false},"compId":57},{"type":"Image","props":{"y":499,"x":340,"width":644,"skin":"tex/lobby_buttom_black2.png","sizeGrid":"11,12,12,11","pivotY":417,"pivotX":322,"mouseEnabled":false,"height":745,"alpha":0.3},"compId":90},{"type":"Label","props":{"y":410,"x":41,"width":600,"var":"_tips","valign":"middle","text":"Loading...","height":100,"fontSize":46,"font":"Arial2","color":"#ffffff","align":"center"},"compId":128},{"type":"Sprite","props":{"y":4,"x":1,"width":680,"var":"_content","height":858},"compId":125,"child":[{"type":"List","props":{"y":90,"x":346,"width":630,"var":"signList","spaceY":32,"spaceX":12,"selectEnable":true,"repeatY":2,"repeatX":3,"pivotX":315,"height":453},"compId":88,"child":[{"type":"Box","props":{"y":14,"x":99,"width":198,"renderType":"render","pivotX":99,"name":"render","height":196},"compId":92,"child":[{"type":"Image","props":{"y":98,"x":99,"width":197,"skin":"tex/windows_buttom_denglu.png","sizeGrid":"55,113,15,83","pivotY":98,"pivotX":99,"mouseEnabled":false,"height":195},"compId":76},{"type":"Label","props":{"y":-3,"x":121,"width":118,"text":"3","scaleY":0.4,"scaleX":0.4,"name":"sign_day","height":127,"font":"number_3","anchorX":0.5,"align":"center"},"compId":115},{"type":"Image","props":{"y":80.5,"x":77,"skin":"tex/snake/skin_shadow.png","scaleY":0.7,"scaleX":0.7,"name":"skin_shadow","mouseEnabled":false},"compId":89},{"type":"Image","props":{"y":58,"skin":"tex/snake/skin_ls1.png","scaleY":0.4,"scaleX":0.4,"name":"skin_ico","mouseEnabled":false,"centerX":-5},"compId":78},{"type":"Image","props":{"y":11,"x":99,"skin":"tex/fnt_windows_small_ditian.png","scaleY":0.6,"scaleX":0.6,"pivotX":85,"mouseEnabled":false},"compId":94},{"type":"Image","props":{"y":97,"x":42,"width":46,"skin":"tex/common_icon_gold.png","scaleY":0.8,"scaleX":0.8,"pivotY":23,"pivotX":21,"name":"gold_ico","mouseEnabled":false,"height":46},"compId":97},{"type":"Label","props":{"y":96,"x":74,"width":365,"valign":"middle","text":"+8888","stroke":5,"scaleY":0.5,"scaleX":0.5,"pivotY":64,"name":"gold_num","height":127,"fontSize":55,"font":"Arial2","color":"#ffff99","align":"left"},"compId":116},{"type":"Image","props":{"y":0,"x":0,"width":197,"visible":false,"skin":"tex/lobby_buttom_black_qiandao.png","sizeGrid":"13,14,15,13","name":"sign_mask","mouseEnabled":false,"height":195,"alpha":0.4},"compId":114},{"type":"Button","props":{"y":163,"x":81,"width":137,"visible":false,"stateNum":1,"skin":"tex/pure/lobby_btn_blue.png","sizeGrid":"10,10,16,10","scaleY":0.75,"scaleX":0.75,"pivotY":31,"pivotX":46,"name":"state_noget","mouseEnabled":false,"height":60},"compId":112,"child":[{"type":"Image","props":{"y":28,"x":62,"skin":"tex/Locked.png","scaleY":0.6,"scaleX":0.6,"pivotY":24,"pivotX":73},"compId":113}]},{"type":"Button","props":{"y":163,"x":80,"width":140,"visible":false,"stateNum":1,"skin":"tex/lobby_btn_yellow.png","sizeGrid":"0,65,0,27","scaleY":0.75,"scaleX":0.75,"pivotY":31,"pivotX":46,"name":"state_toget","mouseThrough":true,"mouseEnabled":true,"height":62},"compId":103,"child":[{"type":"Image","props":{"y":13,"x":58,"skin":"tex/fnt_windows_btn_lingqu.png","scaleY":0.6,"scaleX":0.6,"pivotX":48},"compId":96}]},{"type":"Image","props":{"y":142,"x":99,"visible":false,"skin":"tex/windows_icon_gou.png","pivotX":23,"name":"state_get","mouseEnabled":false},"compId":80}]}]},{"type":"Image","props":{"y":565,"x":339,"var":"signDay7","skin":"tex/windows_buttom_score.png","pivotX":314,"mouseEnabled":true},"compId":63,"child":[{"type":"Image","props":{"y":20,"x":439,"skin":"tex/fnt_windows_small_ditian.png","mouseEnabled":false},"compId":99},{"type":"Text","props":{"y":12,"x":564,"width":138,"text":"7","stroke":2,"scaleY":0.7,"scaleX":0.7,"runtime":"laya.display.Text","pivotX":69,"mouseEnabled":false,"height":125,"fontSize":90,"font":"Arial2","color":"#FFFF99","align":"center"},"compId":100},{"type":"Image","props":{"y":82.5,"x":97,"visible":true,"var":"skin_shadow","skin":"tex/snake/skin_shadow.png","scaleY":1.2,"scaleX":1.2,"mouseEnabled":false},"compId":102},{"type":"Image","props":{"y":115.5,"x":139,"var":"day7_ico","skin":"tex/windows_icon_offlinezuanshi.png","scaleY":1,"scaleX":1,"mouseEnabled":false,"anchorY":0.5,"anchorX":0.5},"compId":101},{"type":"Label","props":{"y":115.5,"x":317,"width":304,"var":"day7_gold","valign":"middle","text":"+8888.88万","stroke":2,"scaleY":0.5,"scaleX":0.5,"pivotY":64,"height":127,"fontSize":66,"font":"Arial","color":"#FFFF99","align":"left"},"compId":117},{"type":"Image","props":{"y":115.5,"x":280,"width":46,"var":"gold_ico","skin":"tex/common_icon_diamond.png","pivotY":23,"pivotX":23,"mouseEnabled":false,"height":46},"compId":127},{"type":"Image","props":{"y":0,"x":0,"width":627,"visible":false,"var":"day7_mask","skin":"tex/lobby_buttom_black_qiandao.png","sizeGrid":"13,14,15,13","mouseEnabled":false,"height":209,"alpha":0.4},"compId":119},{"type":"Image","props":{"y":138.5,"x":525,"width":46,"visible":false,"var":"day7_get","skin":"tex/windows_icon_gou.png","pivotX":23,"mouseEnabled":false,"height":42},"compId":118},{"type":"Button","props":{"y":160,"x":526,"width":154,"var":"day7_noGet","stateNum":1,"skin":"tex/pure/lobby_btn_blue.png","sizeGrid":"10,10,16,10","scaleY":1,"scaleX":1,"pivotY":31,"pivotX":78,"mouseEnabled":false,"height":61},"compId":104,"child":[{"type":"Image","props":{"y":28,"x":78,"width":173,"skin":"tex/Locked.png","scaleY":0.7,"scaleX":0.7,"pivotY":22,"pivotX":87,"height":43},"compId":105}]},{"type":"Button","props":{"y":160,"x":525,"width":156,"var":"day7_toGet","stateNum":1,"skin":"tex/lobby_btn_yellow.png","sizeGrid":"0,65,0,27","scaleY":1,"scaleX":1,"pivotY":31,"pivotX":78,"height":62},"compId":110,"child":[{"type":"Image","props":{"y":29,"x":65,"skin":"tex/fnt_windows_btn_lingqu.png","scaleY":0.7,"scaleX":0.7,"pivotY":24,"pivotX":48},"compId":111}]}]}]},{"type":"Script","props":{"y":4,"x":1,"runtime":"script/ForIPad.ts"},"compId":126}]},{"type":"Button","props":{"y":928,"x":340,"width":100,"var":"btnClose","pivotY":30,"pivotX":50,"mouseEnabled":true,"height":60},"compId":54,"child":[{"type":"Script","props":{"runtime":"script/ScaleBtn.ts"},"compId":121},{"type":"Script","props":{"runtime":"script/NearBanner.ts"},"compId":122},{"type":"Sprite","props":{"y":14,"x":20,"texture":"tex/fnt_windows_btn_close.png"},"compId":124}]},{"type":"Script","props":{"runtime":"script/DialogEffect.ts"},"compId":120}]}],"loadList":["tex/lobby_buttom_black.png","tex/windows_buttom_1.png","tex/fnt_windows_biaoti_denglu.png","tex/lobby_buttom_black2.png","tex/windows_buttom_denglu.png","tex/snake/skin_shadow.png","tex/snake/skin_ls1.png","tex/fnt_windows_small_ditian.png","tex/common_icon_gold.png","tex/lobby_buttom_black_qiandao.png","tex/pure/lobby_btn_blue.png","tex/fnt_windows_btn_weilingqu.png","tex/lobby_btn_yellow.png","tex/fnt_windows_btn_lingqu.png","tex/windows_icon_gou.png","tex/windows_buttom_score.png","tex/windows_icon_offlinezuanshi.png","tex/common_icon_diamond.png","tex/fnt_windows_btn_close.png","tex/Locked.png"],"loadList3D":[]}