{"child":[{"compId":4,"type":"Image","props":{"sizeGrid":"7,9,8,6","pivotX":360,"skin":"tex/lobby_buttom_black.png","height":1280,"width":720,"centerX":0,"centerY":0,"var":"bg","alpha":0.8}},{"compId":12,"props":{"pivotX":340,"pivotY":238,"height":477,"width":680,"centerY":-100,"x":360},"type":"Box","child":[{"compId":115,"type":"Script","props":{"y":4,"x":0,"runtime":"script/ForIPad.ts"}},{"compId":114,"props":{"pivotX":340,"pivotY":238,"height":477,"width":680,"y":106,"x":339},"type":"Sprite","child":[{"compId":8,"type":"Image","props":{"sizeGrid":"23,23,25,24","pivotX":341,"pivotY":431,"mouseEnabled":false,"height":477,"width":680,"skin":"tex/windows_buttom_1.png","y":429,"x":340}},{"compId":10,"type":"Image","props":{"sizeGrid":"6,13,14,13","pivotX":330,"mouseEnabled":false,"height":353,"width":660,"skin":"tex/windows_buttom_2.png","y":81,"x":340}},{"compId":57,"type":"Image","props":{"y":16,"x":339,"pivotX":46,"mouseEnabled":false,"skin":"tex/fnt_windows_biaoti_setting.png"}},{"compId":117,"props":{"y":113,"x":89,"visible":false},"type":"Sprite","child":[{"compId":96,"type":"Image","props":{"mouseEnabled":false,"skin":"tex/fnt_windows_small_yinyue.png"}},{"compId":106,"props":{"x":107,"y":83,"pivotX":105,"pivotY":38,"height":77,"width":210,"toggle":false,"skin":"tex/btn_setting_open.png","var":"btnMusic","stateNum":2},"type":"Button","child":[{"compId":111,"type":"Script","props":{"runtime":"script/ScaleBtn.ts"}}]}]},{"compId":118,"props":{"y":184,"x":375},"type":"Sprite","child":[{"compId":98,"type":"Image","props":{"mouseEnabled":false,"skin":"tex/fnt_windows_small_yinxiao.png"}},{"compId":107,"props":{"x":107,"y":82,"pivotX":105,"pivotY":38,"height":77,"width":210,"toggle":false,"skin":"tex/btn_setting_open.png","var":"btnSound","stateNum":2},"type":"Button","child":[{"compId":112,"type":"Script","props":{"runtime":"script/ScaleBtn.ts"}}]}]},{"compId":119,"props":{"y":184,"x":89},"type":"Sprite","child":[{"compId":108,"props":{"x":107,"y":82,"pivotX":105,"pivotY":38,"height":77,"width":210,"toggle":false,"skin":"tex/btn_setting_open.png","var":"btnVibrate","stateNum":2},"type":"Button","child":[{"compId":113,"type":"Script","props":{"runtime":"script/ScaleBtn.ts"}}]},{"compId":104,"type":"Image","props":{"mouseEnabled":false,"skin":"tex/fnt_windows_small_zhendong.png"}}]},{"compId":109,"type":"Script","props":{"y":-4,"x":0,"runtime":"script/DialogEffect.ts"}}]},{"compId":53,"props":{"y":430,"sizeGrid":"10,10,16,10","pivotX":110,"pivotY":45,"height":83,"width":219,"skin":"tex/pure/lobby_btn_blue.png","var":"btnClose","x":338},"type":"Image","child":[{"compId":51,"type":"Sprite","props":{"sizeGrid":"0,54,0,50","pivotX":32,"pivotY":17,"texture":"tex/fnt_windows_btn_close2.png","height":33,"width":64,"x":109.5,"y":38.5,"stateNum":1}},{"compId":110,"type":"Script","props":{"runtime":"script/ScaleBtn.ts"}},{"compId":120,"type":"Script","props":{"runtime":"script/NearBanner.ts","_nativeBottom":"@node:121"}}]},{"compId":121,"props":{"presetID":1,"height":496,"width":625,"isPresetRoot":true,"y":480,"x":27.5},"type":"Box","child":[{"compId":3,"type":"Image","props":{"name":"bg","sizeGrid":"20,20,20,20","presetID":2,"height":400,"width":625,"skin":"ads/ad_bg.png","y":96,"x":0}},{"compId":16,"type":"Sprite","props":{"y":115,"x":24.5,"presetID":3,"texture":"ads/ad_tag_bg.png","name":"ad"}},{"compId":11,"type":"Sprite","props":{"name":"close","mouseEnabled":true,"presetID":4,"texture":"ads/ad_close.png","y":111,"x":573.5}},{"compId":7,"type":"Image","props":{"name":"img","mouseEnabled":false,"presetID":5,"height":290,"width":580,"y":151,"x":22.5}},{"compId":122,"type":"Text","props":{"name":"title","color":"#000000","text":"text","align":"center","presetID":6,"height":40,"width":450,"fontSize":26,"valign":"middle","y":105.5,"x":87.5,"runtime":"laya.display.Text"}},{"compId":13,"type":"Text","props":{"x":25,"name":"desc","color":"#000000","text":"text","align":"left","presetID":7,"height":40,"width":580,"fontSize":22,"valign":"middle","y":441,"wordWrap":true,"overflow":"scroll","runtime":"laya.display.Text"}},{"compId":14,"props":{"name":"open","sizeGrid":"8,8,16,8","anchorX":0.5,"height":70,"width":180,"presetID":8,"skin":"ads/lobby_btn_blue.png","y":35,"x":312,"anchorY":0.5},"type":"Image","child":[{"compId":15,"type":"Text","props":{"name":"lbl","color":"#ffffff","text":"查看广告","align":"center","presetID":9,"height":50,"width":180,"fontSize":28,"valign":"middle","y":6,"x":0,"overflow":"hidden","runtime":"laya.display.Text","bold":true}},{"compId":124,"type":"Script","props":{"runtime":"script/LoopScale.ts","presetID":12}}]},{"compId":18,"type":"Script","props":{"btnLbl":"@node:15","imgSp":"@node:7","bg":"@node:3","closeBtn":"@node:11","presetID":10,"titleLbl":"@node:12","descLbl":"@node:13","runtime":"ads/NativeAds.ts"}}]}]}],"compId":2,"props":{"height":1280,"width":720,"runtime":"view/LobbySettingView.ts","autoDestroyAtClosed":true},"type":"Scene","loadList":["tex/lobby_buttom_black.png","tex/windows_buttom_1.png","tex/windows_buttom_2.png","tex/fnt_windows_biaoti_setting.png","tex/fnt_windows_small_yinyue.png","tex/btn_setting_open.png","tex/fnt_windows_small_yinxiao.png","tex/fnt_windows_small_zhendong.png","tex/pure/lobby_btn_blue.png","tex/fnt_windows_btn_close2.png","ads/ad_bg.png","ads/ad_tag_bg.png","ads/ad_close.png","ads/lobby_btn_blue.png","view/NativeBottom.prefab"],"loadList3D":[]}