{"type":"Scene","props":{"y":0,"x":0,"width":720,"runtime":"view/LobbyView.ts","height":1280,"autoDestroyAtClosed":true},"compId":2,"child":[{"type":"Image","props":{"y":-140,"x":360,"width":720,"skin":"tex/lobby_bg.png","pivotX":360,"name":"bg","height":1560,"centerY":0},"compId":11},{"type":"View","props":{"x":361,"width":600,"var":"_modelPnl","pivotY":175,"pivotX":300,"height":350,"centerY":-225},"compId":141,"child":[{"type":"Sprite","props":{"y":-15,"x":224,"texture":"tex/lobby_qipao.png"},"compId":244},{"type":"Label","props":{"y":-60,"x":300,"var":"_skinName","text":"水龙蛇","fontSize":26,"font":"Arial2","color":"#ffffff","anchorX":0.5},"compId":248},{"type":"Script","props":{"runtime":"script/ForIPad.ts"},"compId":252}]},{"type":"Sprite","props":{"y":28,"x":12,"width":702,"var":"boxTop","mouseThrough":true,"height":696},"compId":134,"child":[{"type":"Box","props":{"x":-2,"top":117,"name":"topBtns"},"compId":22,"child":[{"type":"Sprite","props":{"y":-123,"x":41,"width":99,"var":"btnFeedback","stateNum":1,"pivotY":23,"pivotX":50,"height":45},"compId":148,"child":[{"type":"Script","props":{"runtime":"script/ScaleBtn.ts"},"compId":149},{"type":"Sprite","props":{"y":19.5,"x":13,"texture":"tex/lobby_icon_feedback.png"},"compId":235}]},{"type":"Label","props":{"y":-27,"x":474,"visible":false,"var":"btnTest","text":"测试","fontSize":30,"color":"#ffffff"},"compId":154},{"type":"Button","props":{"y":-43,"x":592,"var":"btnExit","stateNum":1,"skin":"tex/lobby_btn_close.png"},"compId":286,"child":[{"type":"Script","props":{"y":0,"x":0,"runtime":"script/ScaleBtn.ts"},"compId":287}]}]},{"type":"Box","props":{"y":-11,"x":0,"name":"topAttrs"},"compId":213,"child":[{"type":"Box","props":{"y":43,"x":84,"width":161,"var":"_moneyBar","pivotY":23,"pivotX":81,"mouseEnabled":false,"height":46},"compId":132,"child":[{"type":"Image","props":{"y":4,"x":0,"width":220,"skin":"tex/lobby_bar_gold.png","sizeGrid":"0,23,0,24","mouseEnabled":false,"height":38},"compId":8},{"type":"Image","props":{"y":3,"x":0,"skin":"tex/common_icon_gold.png","mouseEnabled":false},"compId":12},{"type":"Text","props":{"y":6,"x":41,"width":333,"var":"lbGold","valign":"middle","text":"15.5K","stroke":3,"scaleY":0.5,"scaleX":0.5,"runtime":"laya.display.Text","height":66,"fontSize":50,"font":"Arial2","color":"#e1ff0d","bold":true,"align":"center"},"compId":92}]},{"type":"Box","props":{"y":137,"x":84,"width":161,"var":"_diamondBar","pivotY":23,"pivotX":81,"mouseEnabled":false,"height":46},"compId":204,"child":[{"type":"Image","props":{"y":4,"x":0,"width":220,"skin":"tex/lobby_bar_gold.png","sizeGrid":"0,23,0,24","mouseEnabled":false,"height":38},"compId":205},{"type":"Image","props":{"y":2,"x":0,"skin":"tex/common_icon_diamond.png","mouseEnabled":false},"compId":206},{"type":"Text","props":{"y":7,"x":41,"width":329,"var":"lblDiamond","valign":"middle","text":"15.5K","stroke":3,"scaleY":0.5,"scaleX":0.5,"runtime":"laya.display.Text","height":66,"fontSize":50,"font":"Arial2","color":"#e1ff0d","bold":true,"align":"center"},"compId":207}]},{"type":"Box","props":{"y":72,"x":-30},"compId":210,"child":[{"type":"Image","props":{"visible":false,"skin":"tex/lobby_icon_chanchu.png"},"compId":211},{"type":"Label","props":{"y":4,"x":135,"var":"lblProduct","text":"150/分","fontSize":26,"font":"Arial2","color":"#ffffff"},"compId":212},{"type":"Image","props":{"y":7.5,"x":40,"skin":"tex/fnt_lobby_cc.png"},"compId":241}]},{"type":"Box","props":{"y":200,"x":3,"visible":false},"compId":217,"child":[{"type":"Image","props":{"skin":"tex/lobby_icon_changdu.png"},"compId":218},{"type":"Label","props":{"y":4,"x":132,"var":"lblLength","text":"+150节","fontSize":26,"font":"Arial2","color":"#ffffff"},"compId":219},{"type":"Image","props":{"y":5.5,"x":40,"skin":"tex/fnt_lobby_snakecd.png"},"compId":242}]},{"type":"Box","props":{"y":253,"x":3,"visible":false},"compId":220,"child":[{"type":"Image","props":{"skin":"tex/lobby_icon_nengliang.png"},"compId":221},{"type":"Label","props":{"y":5,"x":131,"var":"lblEnergy","text":"+10%","fontSize":26,"font":"Arial2","color":"#ffffff"},"compId":222},{"type":"Image","props":{"y":5.5,"x":40.30294988808936,"skin":"tex/fnt_lobby_nl.png"},"compId":243}]},{"type":"Image","props":{"y":24,"x":194,"width":40,"var":"addCoins","skin":"tex/addcoins.png","name":"addCoins","height":40},"compId":298}]}]},{"type":"Box","props":{"x":361,"width":500,"var":"btnSkin","pivotY":150,"pivotX":250,"height":300,"centerY":-221},"compId":240,"child":[{"type":"Script","props":{"runtime":"script/ForIPad.ts"},"compId":253}]},{"type":"Box","props":{"y":1279,"x":360,"width":720,"var":"_footer","pivotY":674,"pivotX":360,"mouseThrough":true,"height":674},"compId":74,"child":[{"type":"Button","props":{"y":30,"x":360,"width":389,"var":"btnStart","stateNum":1,"skin":"tex/lobby_btn_start.png","pivotY":49,"pivotX":195,"height":98},"compId":105,"child":[{"type":"Script","props":{"y":1,"x":0,"runtime":"script/ScaleBtn.ts"},"compId":142}]},{"type":"MergePnl","props":{"y":141,"x":1,"var":"mergePnl","runtime":"merge/MergePnl.ts"},"compId":234},{"type":"Box","props":{"y":674,"x":361,"var":"_footerBtns","pivotY":86,"pivotX":321},"compId":56,"child":[{"type":"Button","props":{"y":-579,"x":633,"var":"btnShop","stateNum":1,"skin":"tex/pure/shop.png","sizeGrid":"10,10,16,10","pivotY":31,"pivotX":90},"compId":107,"child":[{"type":"Script","props":{"y":-9,"x":9,"runtime":"script/ScaleBtn.ts"},"compId":231}]},{"type":"Button","props":{"y":24,"x":321,"width":248,"var":"btnReceive","stateNum":1,"skin":"tex/pure/lobby_btn_blue.png","sizeGrid":"10,10,16,10","pivotY":41,"pivotX":124,"height":99},"compId":110,"child":[{"type":"Image","props":{"y":41,"x":124,"width":157,"skin":"tex/fnt_lobby_yd.png","pivotX":79,"mouseEnabled":false,"height":36},"compId":50},{"type":"ProgressBar","props":{"y":11,"x":9,"width":230,"var":"progressReceive","value":0.5,"skin":"tex/progress_lobby_bar_3.png","sizeGrid":"6,6,6,6"},"compId":238,"child":[{"type":"Image","props":{"y":2.5,"x":4,"width":222,"skin":"tex/lobby_bar_1.png","sizeGrid":"2,2,2,2"},"compId":239}]},{"type":"Script","props":{"y":21,"x":-176,"runtime":"script/ScaleBtn.ts"},"compId":232}]},{"type":"Button","props":{"y":24,"x":320,"width":248,"var":"btnBuy","stateNum":1,"skin":"tex/pure/lobby_btn_blue.png","sizeGrid":"10,10,16,10","pivotY":41,"pivotX":124,"height":99},"compId":111,"child":[{"type":"Script","props":{"y":37,"x":66,"runtime":"script/ScaleBtn.ts"},"compId":233},{"type":"Image","props":{"y":-15,"width":360,"var":"_buySkin","skin":"tex/snake/skin_bfx1.png","scaleY":0.3,"scaleX":0.3,"pivotY":11,"pivotX":180,"height":260,"centerX":0},"compId":249},{"type":"Image","props":{"y":74,"x":62,"width":39,"skin":"tex/common_icon_gold.png","scaleY":0.6,"scaleX":0.6,"pivotY":20,"pivotX":20,"height":39},"compId":250},{"type":"Label","props":{"y":73,"x":143.5,"width":319,"var":"_buyPrice","valign":"middle","text":"10.653亿","scaleY":0.5,"scaleX":0.5,"pivotY":40,"pivotX":160,"height":80,"fontSize":46,"font":"Arial2","bold":true,"align":"center"},"compId":251}]},{"type":"Button","props":{"y":-548,"x":915,"width":180,"var":"btnLottery","stateNum":1,"skin":"tex/pure/lobby_btn_blue.png","sizeGrid":"10,10,16,10","pivotY":31,"pivotX":90,"height":70},"compId":278,"child":[{"type":"Script","props":{"y":37,"x":66,"runtime":"script/ScaleBtn.ts"},"compId":279},{"type":"Image","props":{"y":8,"x":90,"skin":"tex/lobby_icon_choujiang.png","pivotY":32.5,"pivotX":32.5},"compId":280},{"type":"Image","props":{"y":35.5,"x":63.5,"skin":"tex/zhuanpan_quan.png","scaleY":0.7,"scaleX":0.7},"compId":260},{"type":"Label","props":{"y":40,"x":92,"var":"ticketsLbl","text":"X3","scaleY":0.3,"scaleX":0.3,"font":"number_1","align":"left"},"compId":262}]}]},{"type":"Script","props":{"y":0,"x":0,"runtime":"script/ForIPad.ts"},"compId":202}]},{"type":"Sprite","props":{"y":251,"x":-119,"width":148,"visible":false,"var":"btnBalloon","pivotY":114,"pivotX":74,"height":228},"compId":267,"child":[{"type":"Sprite","props":{"width":148,"texture":"tex/qiqiu.png","height":228},"compId":266},{"type":"Script","props":{"runtime":"script/LoopMove.ts"},"compId":268}]},{"type":"Box","props":{"x":190,"scaleY":0.7,"scaleX":0.7,"name":"sunshine","mouseEnabled":false,"centerY":-306},"compId":130,"child":[{"type":"Image","props":{"y":74,"x":770,"width":400,"skin":"tex/effect_lobby_shine2.png","scaleY":1,"scaleX":1,"pivotY":200,"pivotX":200,"mouseEnabled":false,"height":400,"blendMode":"lighter","alpha":0.3},"compId":120},{"type":"Image","props":{"y":65,"x":770,"width":200,"skin":"tex/effect_lobby_shine2.png","scaleY":1,"scaleX":1,"pivotY":100,"pivotX":100,"mouseEnabled":false,"height":200,"blendMode":"lighter","alpha":0.5},"compId":119},{"type":"Image","props":{"y":573.8,"x":414.8,"width":250,"skin":"tex/effect_lobby_shine1.png","scaleY":1,"scaleX":1,"pivotY":125,"pivotX":125,"mouseEnabled":false,"height":250,"alpha":0.2},"compId":121},{"type":"Image","props":{"y":488.2,"x":476,"width":70,"skin":"tex/effect_lobby_shine1.png","scaleY":1,"scaleX":1,"pivotY":35,"pivotX":35,"mouseEnabled":false,"height":70,"alpha":1},"compId":122},{"type":"Image","props":{"y":440.4,"x":516,"width":164,"skin":"tex/effect_lobby_shine4.png","scaleY":1,"scaleX":1,"pivotY":82,"pivotX":82,"mouseEnabled":false,"height":164,"alpha":0.2},"compId":124},{"type":"Image","props":{"y":430,"x":522.4,"width":90,"skin":"tex/effect_lobby_shine4.png","scaleY":1,"scaleX":1,"pivotY":45,"pivotX":45,"mouseEnabled":false,"height":90,"alpha":1},"compId":123},{"type":"Image","props":{"y":450.8,"x":511.6,"width":44,"skin":"tex/effect_lobby_shine5.png","scaleY":1,"scaleX":1,"pivotY":22,"pivotX":22,"mouseEnabled":false,"height":44},"compId":125},{"type":"Image","props":{"y":294.8,"x":630.4,"width":44,"skin":"tex/effect_lobby_shine5.png","scaleY":1,"scaleX":1,"pivotY":22,"pivotX":22,"mouseEnabled":false,"height":44},"compId":126},{"type":"Image","props":{"y":394.4,"x":551.4,"width":16,"skin":"tex/effect_lobby_shine6.png","scaleY":1,"scaleX":1,"pivotY":8,"pivotX":8,"mouseEnabled":false,"height":16,"blendMode":"lighter","alpha":0.6},"compId":127},{"type":"Image","props":{"y":319.6,"x":610,"width":10,"skin":"tex/effect_lobby_shine6.png","scaleY":1,"scaleX":1,"pivotY":5,"pivotX":5,"mouseEnabled":false,"height":10,"blendMode":"lighter","alpha":0.6},"compId":128},{"type":"Image","props":{"y":648.8,"x":367,"width":500,"skin":"tex/effect_lobby_shine3.png","scaleY":1,"scaleX":1,"pivotY":250,"pivotX":250,"mouseEnabled":false,"height":500,"alpha":1},"compId":131}]},{"type":"Box","props":{"x":-893,"width":100,"var":"leftPanel","top":-22,"bottom":0},"compId":283,"child":[{"type":"Image","props":{"x":-10,"width":110,"top":0,"skin":"tex/blar_blue.png","bottom":0},"compId":284},{"type":"Button","props":{"y":460,"x":98,"var":"btnMenu","stateNum":1,"skin":"tex/lobby_btn_zhankai.png","pivotY":54,"centerY":-180},"compId":285},{"type":"Box","props":{"y":50,"x":0,"width":100,"var":"leftBtns"},"compId":296,"child":[{"type":"Button","props":{"y":42,"x":50,"width":54,"var":"btnSetting","stateNum":1,"skin":"tex/lobby_icon_setting.png","pivotY":42,"pivotX":27,"height":84},"compId":114,"child":[{"type":"Script","props":{"runtime":"script/ScaleBtn.ts"},"compId":145}]},{"type":"Button","props":{"y":146,"x":50,"width":72,"var":"btnRank","stateNum":1,"skin":"tex/lobby_icon_rank.png","pivotY":38,"pivotX":36,"height":75},"compId":115,"child":[{"type":"Script","props":{"runtime":"script/ScaleBtn.ts"},"compId":146}]},{"type":"Button","props":{"y":576,"x":958,"var":"btnSign","stateNum":1,"skin":"tex/pure/sign.png","pivotY":38,"pivotX":26},"compId":208,"child":[{"type":"Script","props":{"runtime":"script/ScaleBtn.ts"},"compId":237}]},{"type":"Button","props":{"y":351,"x":50,"width":47,"visible":true,"var":"btnShare","stateNum":1,"skin":"tex/lobby_icon_share.png","pivotY":41,"pivotX":24,"height":81},"compId":113,"child":[{"type":"Script","props":{"runtime":"script/ScaleBtn.ts"},"compId":144}]},{"type":"Button","props":{"y":460,"x":50,"width":49,"var":"btnClub","stateNum":1,"skin":"tex/lobby_icon_bbs.png","pivotY":39,"pivotX":25,"height":78},"compId":150,"child":[{"type":"Script","props":{"runtime":"script/ScaleBtn.ts"},"compId":151}]}]}]},{"type":"Image","props":{"width":60,"var":"soundBtn","top":130,"skin":"tex/pure/sound-on.png","right":20,"name":"soundBtn","height":60},"compId":297}],"animations":[{"nodes":[{"target":105,"keyframes":{"scaleY":[{"value":1,"tweenMethod":"linearNone","tween":true,"target":105,"key":"scaleY","index":0},{"value":0.95,"tweenMethod":"linearNone","tween":true,"target":105,"key":"scaleY","index":25},{"value":1,"tweenMethod":"linearNone","tween":true,"target":105,"label":null,"key":"scaleY","index":50}],"scaleX":[{"value":1,"tweenMethod":"linearNone","tween":true,"target":105,"key":"scaleX","index":0},{"value":0.95,"tweenMethod":"linearNone","tween":true,"target":105,"key":"scaleX","index":25},{"value":1,"tweenMethod":"linearNone","tween":true,"target":105,"label":null,"key":"scaleX","index":50}]}}],"name":"lobby_start","id":1,"frameRate":24,"action":2},{"nodes":[{"target":120,"keyframes":{"scaleY":[{"value":1.1,"tweenMethod":"linearNone","tween":true,"target":120,"key":"scaleY","index":0},{"value":1,"tweenMethod":"linearNone","tween":true,"target":120,"key":"scaleY","index":30},{"value":2,"tweenMethod":"linearNone","tween":true,"target":120,"key":"scaleY","index":40},{"value":1,"tweenMethod":"linearNone","tween":true,"target":120,"key":"scaleY","index":50},{"value":1.1,"tweenMethod":"linearNone","tween":true,"target":120,"label":null,"key":"scaleY","index":80}],"scaleX":[{"value":1.1,"tweenMethod":"linearNone","tween":true,"target":120,"key":"scaleX","index":0},{"value":1,"tweenMethod":"linearNone","tween":true,"target":120,"key":"scaleX","index":30},{"value":2,"tweenMethod":"linearNone","tween":true,"target":120,"key":"scaleX","index":40},{"value":1,"tweenMethod":"linearNone","tween":true,"target":120,"key":"scaleX","index":50},{"value":1.1,"tweenMethod":"linearNone","tween":true,"target":120,"label":null,"key":"scaleX","index":80}],"alpha":[{"value":0.3,"tweenMethod":"linearNone","tween":true,"target":120,"key":"alpha","index":0},{"value":0.1,"tweenMethod":"linearNone","tween":true,"target":120,"key":"alpha","index":40},{"value":0.3,"tweenMethod":"linearNone","tween":true,"target":120,"label":null,"key":"alpha","index":80}]}},{"target":119,"keyframes":{"scaleY":[{"value":1.2,"tweenMethod":"linearNone","tween":true,"target":119,"key":"scaleY","index":0},{"value":1.1,"tweenMethod":"linearNone","tween":true,"target":119,"key":"scaleY","index":40},{"value":1.2,"tweenMethod":"linearNone","tween":true,"target":119,"label":null,"key":"scaleY","index":80}],"scaleX":[{"value":1.2,"tweenMethod":"linearNone","tween":true,"target":119,"key":"scaleX","index":0},{"value":1.1,"tweenMethod":"linearNone","tween":true,"target":119,"key":"scaleX","index":40},{"value":1.2,"tweenMethod":"linearNone","tween":true,"target":119,"label":null,"key":"scaleX","index":80}]}},{"target":121,"keyframes":{"scaleY":[{"value":1,"tweenMethod":"linearNone","tween":true,"target":121,"key":"scaleY","index":0},{"value":1.05,"tweenMethod":"linearNone","tween":true,"target":121,"key":"scaleY","index":40},{"value":1,"tweenMethod":"linearNone","tween":true,"target":121,"label":null,"key":"scaleY","index":80}],"scaleX":[{"value":1,"tweenMethod":"linearNone","tween":true,"target":121,"key":"scaleX","index":0},{"value":1.05,"tweenMethod":"linearNone","tween":true,"target":121,"key":"scaleX","index":40},{"value":1,"tweenMethod":"linearNone","tween":true,"target":121,"label":null,"key":"scaleX","index":80}],"alpha":[{"value":0.2,"tweenMethod":"linearNone","tween":true,"target":121,"key":"alpha","index":0},{"value":1,"tweenMethod":"linearNone","tween":true,"target":121,"key":"alpha","index":40},{"value":0.2,"tweenMethod":"linearNone","tween":true,"target":121,"key":"alpha","index":80}]}},{"target":131,"keyframes":{"scaleY":[{"value":1,"tweenMethod":"linearNone","tween":true,"target":131,"key":"scaleY","index":0},{"value":0.95,"tweenMethod":"linearNone","tween":true,"target":131,"key":"scaleY","index":40},{"value":1,"tweenMethod":"linearNone","tween":true,"target":131,"label":null,"key":"scaleY","index":80}],"scaleX":[{"value":1,"tweenMethod":"linearNone","tween":true,"target":131,"key":"scaleX","index":0},{"value":0.95,"tweenMethod":"linearNone","tween":true,"target":131,"key":"scaleX","index":40},{"value":1,"tweenMethod":"linearNone","tween":true,"target":131,"label":null,"key":"scaleX","index":80}],"alpha":[{"value":1,"tweenMethod":"linearNone","tween":true,"target":131,"key":"alpha","index":0},{"value":0.2,"tweenMethod":"linearNone","tween":true,"target":131,"key":"alpha","index":35},{"value":0.5,"tweenMethod":"linearNone","tween":true,"target":131,"key":"alpha","index":40},{"value":0,"tweenMethod":"linearNone","tween":true,"target":131,"key":"alpha","index":45},{"value":1,"tweenMethod":"linearNone","tween":true,"target":131,"key":"alpha","index":80}]}},{"target":122,"keyframes":{"scaleY":[{"value":1,"tweenMethod":"linearNone","tween":true,"target":122,"key":"scaleY","index":0},{"value":1.1,"tweenMethod":"linearNone","tween":true,"target":122,"key":"scaleY","index":40},{"value":1,"tweenMethod":"linearNone","tween":true,"target":122,"key":"scaleY","index":80}],"scaleX":[{"value":1,"tweenMethod":"linearNone","tween":true,"target":122,"key":"scaleX","index":0},{"value":1.1,"tweenMethod":"linearNone","tween":true,"target":122,"key":"scaleX","index":40},{"value":1,"tweenMethod":"linearNone","tween":true,"target":122,"key":"scaleX","index":80}],"alpha":[{"value":1,"tweenMethod":"linearNone","tween":true,"target":122,"key":"alpha","index":0},{"value":0.2,"tweenMethod":"linearNone","tween":true,"target":122,"key":"alpha","index":40},{"value":1,"tweenMethod":"linearNone","tween":true,"target":122,"key":"alpha","index":80}]}},{"target":124,"keyframes":{"scaleY":[{"value":1,"tweenMethod":"linearNone","tween":true,"target":124,"key":"scaleY","index":0},{"value":0.9,"tweenMethod":"linearNone","tween":true,"target":124,"key":"scaleY","index":40},{"value":1,"tweenMethod":"linearNone","tween":true,"target":124,"key":"scaleY","index":80}],"scaleX":[{"value":1,"tweenMethod":"linearNone","tween":true,"target":124,"key":"scaleX","index":0},{"value":0.9,"tweenMethod":"linearNone","tween":true,"target":124,"key":"scaleX","index":40},{"value":1,"tweenMethod":"linearNone","tween":true,"target":124,"key":"scaleX","index":80}],"alpha":[{"value":0.2,"tweenMethod":"linearNone","tween":true,"target":124,"key":"alpha","index":0},{"value":1,"tweenMethod":"linearNone","tween":true,"target":124,"key":"alpha","index":40},{"value":0.2,"tweenMethod":"linearNone","tween":true,"target":124,"key":"alpha","index":80}]}},{"target":123,"keyframes":{"scaleY":[{"value":1,"tweenMethod":"linearNone","tween":true,"target":123,"key":"scaleY","index":0},{"value":1.1,"tweenMethod":"linearNone","tween":true,"target":123,"key":"scaleY","index":40},{"value":1,"tweenMethod":"linearNone","tween":true,"target":123,"key":"scaleY","index":80}],"scaleX":[{"value":1,"tweenMethod":"linearNone","tween":true,"target":123,"key":"scaleX","index":0},{"value":1.1,"tweenMethod":"linearNone","tween":true,"target":123,"key":"scaleX","index":40},{"value":1,"tweenMethod":"linearNone","tween":true,"target":123,"key":"scaleX","index":80}],"alpha":[{"value":1,"tweenMethod":"linearNone","tween":true,"target":123,"key":"alpha","index":0},{"value":0.2,"tweenMethod":"linearNone","tween":true,"target":123,"key":"alpha","index":40},{"value":1,"tweenMethod":"linearNone","tween":true,"target":123,"key":"alpha","index":80}]}},{"target":125,"keyframes":{"scaleY":[{"value":1,"tweenMethod":"linearNone","tween":true,"target":125,"key":"scaleY","index":0},{"value":0.9,"tweenMethod":"linearNone","tween":true,"target":125,"key":"scaleY","index":40},{"value":1,"tweenMethod":"linearNone","tween":true,"target":125,"key":"scaleY","index":80}],"scaleX":[{"value":1,"tweenMethod":"linearNone","tween":true,"target":125,"key":"scaleX","index":0},{"value":0.9,"tweenMethod":"linearNone","tween":true,"target":125,"key":"scaleX","index":40},{"value":1,"tweenMethod":"linearNone","tween":true,"target":125,"key":"scaleX","index":80}],"alpha":[{"value":0,"tweenMethod":"linearNone","tween":true,"target":125,"key":"alpha","index":0},{"value":1,"tweenMethod":"linearNone","tween":true,"target":125,"key":"alpha","index":40},{"value":0,"tweenMethod":"linearNone","tween":true,"target":125,"key":"alpha","index":80}]}},{"target":126,"keyframes":{"scaleY":[{"value":1,"tweenMethod":"linearNone","tween":true,"target":126,"key":"scaleY","index":0},{"value":1.1,"tweenMethod":"linearNone","tween":true,"target":126,"key":"scaleY","index":40},{"value":1,"tweenMethod":"linearNone","tween":true,"target":126,"key":"scaleY","index":80}],"scaleX":[{"value":1,"tweenMethod":"linearNone","tween":true,"target":126,"key":"scaleX","index":0},{"value":1.1,"tweenMethod":"linearNone","tween":true,"target":126,"key":"scaleX","index":40},{"value":1,"tweenMethod":"linearNone","tween":true,"target":126,"key":"scaleX","index":80}],"alpha":[{"value":1,"tweenMethod":"linearNone","tween":true,"target":126,"key":"alpha","index":0},{"value":0,"tweenMethod":"linearNone","tween":true,"target":126,"key":"alpha","index":40},{"value":1,"tweenMethod":"linearNone","tween":true,"target":126,"key":"alpha","index":80}]}},{"target":127,"keyframes":{"scaleY":[{"value":1,"tweenMethod":"linearNone","tween":true,"target":127,"key":"scaleY","index":0},{"value":1,"tweenMethod":"linearNone","tween":true,"target":127,"key":"scaleY","index":15},{"value":2,"tweenMethod":"linearNone","tween":true,"target":127,"key":"scaleY","index":25},{"value":1,"tweenMethod":"linearNone","tween":true,"target":127,"key":"scaleY","index":35}],"scaleX":[{"value":1,"tweenMethod":"linearNone","tween":true,"target":127,"key":"scaleX","index":0},{"value":1,"tweenMethod":"linearNone","tween":true,"target":127,"key":"scaleX","index":15},{"value":2,"tweenMethod":"linearNone","tween":true,"target":127,"key":"scaleX","index":25},{"value":1,"tweenMethod":"linearNone","tween":true,"target":127,"key":"scaleX","index":35}]}},{"target":128,"keyframes":{"scaleY":[{"value":1,"tweenMethod":"linearNone","tween":true,"target":128,"key":"scaleY","index":0},{"value":1,"tweenMethod":"linearNone","tween":true,"target":128,"key":"scaleY","index":35},{"value":2,"tweenMethod":"linearNone","tween":true,"target":128,"key":"scaleY","index":45},{"value":1,"tweenMethod":"linearNone","tween":true,"target":128,"key":"scaleY","index":55}],"scaleX":[{"value":1,"tweenMethod":"linearNone","tween":true,"target":128,"key":"scaleX","index":0},{"value":1,"tweenMethod":"linearNone","tween":true,"target":128,"key":"scaleX","index":35},{"value":2,"tweenMethod":"linearNone","tween":true,"target":128,"key":"scaleX","index":45},{"value":1,"tweenMethod":"linearNone","tween":true,"target":128,"key":"scaleX","index":55}]}}],"name":"lobby_shine","id":5,"frameRate":24,"action":2},{"nodes":[{"target":131,"keyframes":{"y":[{"value":680,"tweenMethod":"linearNone","tween":true,"target":131,"key":"y","index":0},{"value":628,"tweenMethod":"linearNone","tween":true,"target":131,"key":"y","index":60},{"value":680,"tweenMethod":"linearNone","tween":true,"target":131,"label":null,"key":"y","index":120}],"x":[{"value":334,"tweenMethod":"linearNone","tween":true,"target":131,"key":"x","index":0},{"value":389,"tweenMethod":"linearNone","tween":true,"target":131,"key":"x","index":60},{"value":334,"tweenMethod":"linearNone","tween":true,"target":131,"label":null,"key":"x","index":120}]}},{"target":121,"keyframes":{"y":[{"value":593,"tweenMethod":"linearNone","tween":true,"target":121,"key":"y","index":0},{"value":561,"tweenMethod":"linearNone","tween":true,"target":121,"key":"y","index":60},{"value":593,"tweenMethod":"linearNone","tween":true,"target":121,"label":null,"key":"y","index":120}],"x":[{"value":389,"tweenMethod":"linearNone","tween":true,"target":121,"key":"x","index":0},{"value":432,"tweenMethod":"linearNone","tween":true,"target":121,"key":"x","index":60},{"value":389,"tweenMethod":"linearNone","tween":true,"target":121,"label":null,"key":"x","index":120}]}},{"target":122,"keyframes":{"y":[{"value":499,"tweenMethod":"linearNone","tween":true,"target":122,"key":"y","index":0},{"value":481,"tweenMethod":"linearNone","tween":true,"target":122,"key":"y","index":60},{"value":499,"tweenMethod":"linearNone","tween":true,"target":122,"label":null,"key":"y","index":120}],"x":[{"value":464,"tweenMethod":"linearNone","tween":true,"target":122,"key":"x","index":0},{"value":484,"tweenMethod":"linearNone","tween":true,"target":122,"key":"x","index":60},{"value":464,"tweenMethod":"linearNone","tween":true,"target":122,"label":null,"key":"x","index":120}]}},{"target":124,"keyframes":{"y":[{"value":447,"tweenMethod":"linearNone","tween":true,"target":124,"key":"y","index":0},{"value":436,"tweenMethod":"linearNone","tween":true,"target":124,"key":"y","index":60},{"value":447,"tweenMethod":"linearNone","tween":true,"target":124,"label":null,"key":"y","index":120}],"x":[{"value":504,"tweenMethod":"linearNone","tween":true,"target":124,"key":"x","index":0},{"value":524,"tweenMethod":"linearNone","tween":true,"target":124,"key":"x","index":60},{"value":504,"tweenMethod":"linearNone","tween":true,"target":124,"label":null,"key":"x","index":120}]}},{"target":123,"keyframes":{"y":[{"value":436,"tweenMethod":"linearNone","tween":true,"target":123,"key":"y","index":0},{"value":426,"tweenMethod":"linearNone","tween":true,"target":123,"key":"y","index":60},{"value":436,"tweenMethod":"linearNone","tween":true,"target":123,"label":null,"key":"y","index":120}],"x":[{"value":514,"tweenMethod":"linearNone","tween":true,"target":123,"key":"x","index":0},{"value":528,"tweenMethod":"linearNone","tween":true,"target":123,"key":"x","index":60},{"value":514,"tweenMethod":"linearNone","tween":true,"target":123,"label":null,"key":"x","index":120}]}},{"target":125,"keyframes":{"y":[{"value":452,"tweenMethod":"linearNone","tween":true,"target":125,"key":"y","index":0},{"value":450,"tweenMethod":"linearNone","tween":true,"target":125,"key":"y","index":60},{"value":452,"tweenMethod":"linearNone","tween":true,"target":125,"label":null,"key":"y","index":120}],"x":[{"value":502,"tweenMethod":"linearNone","tween":true,"target":125,"key":"x","index":0},{"value":518,"tweenMethod":"linearNone","tween":true,"target":125,"key":"x","index":60},{"value":502,"tweenMethod":"linearNone","tween":true,"target":125,"label":null,"key":"x","index":120}]}},{"target":126,"keyframes":{"y":[{"value":278,"tweenMethod":"linearNone","tween":true,"target":126,"key":"y","index":0},{"value":306,"tweenMethod":"linearNone","tween":true,"target":126,"key":"y","index":60},{"value":278,"tweenMethod":"linearNone","tween":true,"target":126,"label":null,"key":"y","index":120}],"x":[{"value":640,"tweenMethod":"linearNone","tween":true,"target":126,"key":"x","index":0},{"value":624,"tweenMethod":"linearNone","tween":true,"target":126,"key":"x","index":60},{"value":640,"tweenMethod":"linearNone","tween":true,"target":126,"label":null,"key":"x","index":120}]}},{"target":127,"keyframes":{"y":[{"value":404,"tweenMethod":"linearNone","tween":true,"target":127,"key":"y","index":0},{"value":388,"tweenMethod":"linearNone","tween":true,"target":127,"key":"y","index":60},{"value":404,"tweenMethod":"linearNone","tween":true,"target":127,"label":null,"key":"y","index":120}],"x":[{"value":546,"tweenMethod":"linearNone","tween":true,"target":127,"key":"x","index":0},{"value":555,"tweenMethod":"linearNone","tween":true,"target":127,"key":"x","index":60},{"value":546,"tweenMethod":"linearNone","tween":true,"target":127,"label":null,"key":"x","index":120}]}},{"target":128,"keyframes":{"y":[{"value":328,"tweenMethod":"linearNone","tween":true,"target":128,"key":"y","index":0},{"value":314,"tweenMethod":"linearNone","tween":true,"target":128,"key":"y","index":60},{"value":328,"tweenMethod":"linearNone","tween":true,"target":128,"label":null,"key":"y","index":120}],"x":[{"value":601,"tweenMethod":"linearNone","tween":true,"target":128,"key":"x","index":0},{"value":616,"tweenMethod":"linearNone","tween":true,"target":128,"key":"x","index":60},{"value":601,"tweenMethod":"linearNone","tween":true,"target":128,"label":null,"key":"x","index":120}]}}],"name":"lobby_shine2","id":6,"frameRate":24,"action":2},{"nodes":[],"name":"btnAdsAnim","id":8,"frameRate":24,"action":0}],"loadList":["tex/lobby_bg.png","tex/lobby_qipao.png","tex/fnt_lobby_djsc_arrow.png","tex/fnt_lobby_djsc.png","tex/lobby_icon_feedback.png","tex/lobby_btn_close.png","tex/lobby_bar_gold.png","tex/common_icon_gold.png","tex/common_icon_diamond.png","tex/lobby_icon_chanchu.png","tex/fnt_lobby_cc.png","tex/lobby_icon_changdu.png","tex/fnt_lobby_snakecd.png","tex/lobby_icon_nengliang.png","tex/fnt_lobby_nl.png","ads/ads_icon.png","tex/lobby_icon_kuang.png","tex/lobby_btn_moregame.png","tex/lobby_btn_start.png","view/MergePnl.scene","tex/pure/lobby_btn_blue.png","tex/lobby_icon_snake.png","tex/fnt_lobby_cd.png","tex/fnt_lobby_yd.png","tex/progress_lobby_bar_3.png","tex/lobby_bar_1.png","tex/snake/skin_bfx1.png","tex/lobby_icon_choujiang.png","tex/zhuanpan_quan.png","tex/qiqiu.png","tex/effect_lobby_shine2.png","tex/effect_lobby_shine1.png","tex/effect_lobby_shine4.png","tex/effect_lobby_shine5.png","tex/effect_lobby_shine6.png","tex/effect_lobby_shine3.png","tex/blar_blue.png","tex/lobby_btn_zhankai.png","tex/lobby_icon_setting.png","tex/lobby_icon_rank.png","tex/lobby_icon_qiandao.png","tex/lobby_icon_share.png","tex/lobby_icon_bbs.png","tex/pure/shop.png","tex/pure/sign.png","tex/addcoins.png","tex/pure/sound-on.png"],"loadList3D":[]}