{"type":"Scene","props":{"width":720,"runtime":"view/ShopView.ts","mouseEnabled":true,"height":1280,"autoDestroyAtClosed":true},"compId":2,"child":[{"type":"Image","props":{"y":0,"x":360,"width":720,"var":"bg","skin":"tex/lobby_buttom_black.png","sizeGrid":"7,9,8,6","pivotX":360,"height":1280,"alpha":0.8},"compId":4},{"type":"Box","props":{"y":527,"x":360,"width":680,"var":"_dialog","pivotY":431,"pivotX":340,"height":862,"centerY":-113},"compId":12,"child":[{"type":"Box","props":{"y":495,"x":340,"width":680,"pivotY":429,"pivotX":340,"mouseEnabled":true,"height":858},"compId":125,"child":[{"type":"Image","props":{"y":427,"x":340,"width":680,"skin":"tex/windows_buttom_1.png","sizeGrid":"23,23,25,24","pivotY":431,"pivotX":341,"mouseEnabled":false,"height":862},"compId":8},{"type":"Image","props":{"y":14,"x":292,"skin":"tex/fnt_windows_biaoti_shop.png","mouseEnabled":false},"compId":57},{"type":"Image","props":{"y":495,"x":339,"width":644,"skin":"tex/lobby_buttom_black2.png","sizeGrid":"11,12,12,11","pivotY":417,"pivotX":322,"mouseEnabled":false,"height":745,"alpha":0.3},"compId":90},{"type":"List","props":{"y":79,"x":340,"width":630,"var":"scrollList","vScrollBarSkin":" ","repeatY":10,"repeatX":0,"pivotX":315,"height":743,"elasticEnabled":true},"compId":156,"child":[{"type":"Box","props":{"y":0,"x":0,"width":630,"renderType":"render","height":151},"compId":167,"child":[{"type":"Image","props":{"y":27,"x":0,"skin":"tex/windows_shop_buttom.png"},"compId":168},{"type":"Image","props":{"y":62,"x":114,"visible":false,"skin":"tex/snake/skin_shadow.png"},"compId":169},{"type":"Image","props":{"y":40,"x":62,"width":236,"skin":"tex/snake/skin_hj1.png","scaleY":0.6,"scaleX":0.6,"name":"skinIcon","height":170},"compId":170},{"type":"Label","props":{"y":88,"x":30,"text":"1","scaleY":0.5,"scaleX":0.5,"name":"skinId","font":"number_1","anchorY":0.5,"anchorX":0.5},"compId":171},{"type":"Button","props":{"y":88,"x":539,"width":146,"stateNum":1,"skin":"tex/pure/lobby_btn_blue.png","sizeGrid":"10,10,16,10","pivotY":27,"pivotX":73,"name":"btnBuy","height":61},"compId":172,"child":[{"type":"Image","props":{"y":27.5,"x":34,"width":39,"skin":"tex/common_icon_gold.png","scaleY":0.7,"scaleX":0.7,"pivotY":20,"pivotX":20,"name":"priceIcon","height":39},"compId":173},{"type":"Label","props":{"y":28,"x":95,"width":236,"text":"1000","scaleY":0.4,"scaleX":0.4,"name":"priceLbl","height":61,"fontSize":55,"font":"Arial2","color":"#000000","anchorY":0.5,"anchorX":0.5,"align":"center"},"compId":174},{"type":"Script","props":{"runtime":"script/ScaleBtn.ts"},"compId":175},{"type":"Image","props":{"y":2,"x":51,"skin":"tex/windows_icon_lock.png","name":"lock"},"compId":176}]},{"type":"Label","props":{"y":78.5,"x":225,"width":80,"text":"狸猫蛇","pivotY":13,"name":"skinName","height":26,"fontSize":22,"font":"Arial2","color":"#396192","bold":true},"compId":177},{"type":"Label","props":{"y":118,"x":338,"width":128,"valign":"middle","text":"150/分","scaleY":0.8,"scaleX":0.8,"name":"productLbl","height":26,"fontSize":24,"font":"Arial2","color":"#ffffff","anchorY":0.5,"align":"left"},"compId":180},{"type":"Box","props":{"y":99,"x":235,"name":"productPnl"},"compId":178,"child":[{"type":"Image","props":{"y":1,"x":-10,"skin":"tex/lobby_icon_chanchu.png"},"compId":179},{"type":"Image","props":{"y":10.5,"x":30,"skin":"tex/fnt_lobby_cc2.png","scaleY":0.8,"scaleX":0.8},"compId":181}]}]}]},{"type":"Script","props":{"y":2,"x":0,"runtime":"script/ForIPad.ts"},"compId":126}]},{"type":"Button","props":{"y":997,"x":332,"width":80,"var":"btnClose","pivotY":30,"pivotX":40,"mouseEnabled":true,"height":60},"compId":54,"child":[{"type":"Script","props":{"runtime":"script/ScaleBtn.ts"},"compId":121},{"type":"Script","props":{"runtime":"script/NearBanner.ts"},"compId":122},{"type":"Sprite","props":{"y":14,"x":10,"texture":"tex/fnt_windows_btn_close.png"},"compId":124}]},{"type":"Script","props":{"runtime":"script/DialogEffect.ts"},"compId":120}]}],"loadList":["tex/lobby_buttom_black.png","tex/windows_buttom_1.png","tex/fnt_windows_biaoti_shop.png","tex/lobby_buttom_black2.png","tex/windows_shop_buttom.png","tex/snake/skin_shadow.png","tex/snake/skin_hj1.png","tex/pure/lobby_btn_blue.png","tex/common_icon_gold.png","tex/windows_icon_lock.png","tex/lobby_icon_chanchu.png","tex/fnt_lobby_cc2.png","tex/fnt_windows_btn_close.png"],"loadList3D":[]}