{"type":"Scene","props":{"width":720,"runtime":"view/SkinView.ts","height":1280,"autoDestroyAtClosed":true},"compId":2,"child":[{"type":"Image","props":{"width":720,"var":"bg","skin":"tex/lobby_buttom_black.png","sizeGrid":"7,9,8,6","pivotX":360,"height":1280,"centerY":0,"centerX":0,"alpha":0.8},"compId":4},{"type":"Box","props":{"y":527,"x":360,"width":680,"pivotY":431,"pivotX":340,"height":862,"centerY":-113},"compId":12,"child":[{"type":"Script","props":{"runtime":"script/DialogEffect.ts"},"compId":103},{"type":"Sprite","props":{"y":529,"x":340,"width":680,"pivotY":484,"pivotX":340,"height":968},"compId":108,"child":[{"type":"Image","props":{"y":431,"x":340,"width":680,"skin":"tex/windows_buttom_1.png","sizeGrid":"23,23,25,24","pivotY":431,"pivotX":341,"mouseEnabled":false,"height":862},"compId":8},{"type":"Image","props":{"y":83,"x":339,"width":647,"skin":"tex/windows_buttom_6.png","sizeGrid":"6,13,14,13","pivotX":324,"mouseEnabled":false,"height":312},"compId":10},{"type":"Image","props":{"y":23,"x":340,"skin":"tex/fnt_windows_biaoti_pf.png","pivotX":46,"mouseEnabled":false},"compId":57},{"type":"Image","props":{"y":410,"x":339,"width":644,"skin":"tex/lobby_buttom_black2.png","sizeGrid":"11,12,12,11","pivotX":322,"mouseEnabled":false,"height":417,"alpha":0.3},"compId":90},{"type":"Box","props":{"y":923,"x":339,"width":219,"pivotY":46,"pivotX":110,"name":"closePnl","height":91},"compId":53,"child":[{"type":"Button","props":{"y":0,"x":110,"width":219,"var":"btnClose","stateNum":1,"skin":"tex/pure/lobby_btn_blue.png","sizeGrid":"10,10,16,10","pivotX":110,"height":91},"compId":51},{"type":"Image","props":{"y":27,"x":97,"skin":"tex/fnt_windows_btn_close2.png","pivotX":30,"mouseEnabled":false},"compId":54},{"type":"Script","props":{"runtime":"script/ScaleBtn.ts"},"compId":104}]},{"type":"Image","props":{"y":130,"x":339,"width":627,"skin":"tex/windows_buttom_pf.png","pivotX":314,"mouseEnabled":false,"height":254},"compId":63,"child":[{"type":"Image","props":{"y":195,"x":614,"width":48,"var":"attr1","skin":"tex/lobby_icon_changdu.png","pivotX":48,"mouseEnabled":false,"height":48},"compId":66,"child":[{"type":"Text","props":{"y":18,"x":-1,"width":161,"text":"+30%","scaleY":0.45,"scaleX":0.45,"runtime":"laya.display.Text","pivotX":161,"mouseEnabled":false,"height":65,"font":"number_1"},"compId":67},{"type":"Image","props":{"y":3.5,"x":-74,"skin":"tex/fnt_windows_pf_cd.png","scaleY":0.6,"scaleX":0.6},"compId":110}]},{"type":"Image","props":{"y":137,"x":614,"width":48,"var":"attr2","skin":"tex/lobby_icon_nengliang.png","pivotX":48,"mouseEnabled":false,"height":48},"compId":71,"child":[{"type":"Text","props":{"y":19,"x":-3,"width":161,"text":"+30%","scaleY":0.45,"scaleX":0.45,"runtime":"laya.display.Text","pivotX":161,"mouseEnabled":false,"height":65,"font":"number_1"},"compId":72},{"type":"Image","props":{"y":4,"x":-75.80159182137925,"skin":"tex/fnt_windows_pf_nn.png","scaleY":0.6,"scaleX":0.6},"compId":111}]},{"type":"Text","props":{"y":-39,"x":184,"width":468,"var":"curSkinName","text":"雷蛇","runtime":"laya.display.Text","pivotX":105,"mouseEnabled":false,"height":35,"fontSize":34,"font":"Arial2","align":"center"},"compId":73}]},{"type":"View","props":{"y":248,"x":289.5,"width":623,"var":"_modelPnl","pivotY":125,"pivotX":312,"height":250},"compId":102},{"type":"List","props":{"y":410,"x":339,"width":630,"var":"scrollList","spaceY":18,"spaceX":23,"selectEnable":true,"repeatY":2,"repeatX":4,"pivotX":315,"height":417,"hScrollBarSkin":" "},"compId":88,"child":[{"type":"Box","props":{"y":106,"x":79,"renderType":"render","pivotY":92,"pivotX":79},"compId":92,"child":[{"type":"Image","props":{"y":0,"x":0,"width":158,"skin":"tex/pure/lobby_buttom_light_green.png","sizeGrid":"7,9,7,8","name":"skin_bg","height":184},"compId":76},{"type":"Label","props":{"y":8,"x":0,"width":158,"text":"雷蛇","name":"skin_name","height":22,"fontSize":15,"font":"Arial2","align":"center"},"compId":93},{"type":"Image","props":{"y":34,"x":5,"skin":"tex/windows_buttom_pf2.png","mouseEnabled":false},"compId":77},{"type":"Image","props":{"y":90,"x":41,"width":123,"skin":"tex/snake/skin_shadow.png","mouseEnabled":false,"height":68},"compId":89},{"type":"Image","props":{"skin":"tex/snake/skin_ls1.png","scaleY":0.5,"scaleX":0.5,"name":"skin_ico","mouseEnabled":false,"centerY":15,"centerX":-14},"compId":78},{"type":"Image","props":{"y":133,"x":104,"skin":"tex/windows_icon_gouquan.png","name":"skin_sel_bg"},"compId":79},{"type":"Image","props":{"y":125,"x":103,"skin":"tex/windows_icon_gou.png","name":"skin_sel","mouseEnabled":false},"compId":80},{"type":"Image","props":{"y":35,"x":7,"width":144,"visible":false,"skin":"tex/lobby_buttom_black2.png","sizeGrid":"10,10,10,10","name":"skin_mask","height":142,"alpha":0.4},"compId":94},{"type":"Script","props":{"zoom":0.95,"runtime":"script/ScaleBtn.ts","Zoom":0.9},"compId":105}]}]},{"type":"Image","props":{"zOrder":100,"y":273,"x":274,"width":31,"var":"_modelQuestion","skin":"tex/pifu_unknow.png","pivotY":29,"pivotX":16,"height":58},"compId":112},{"type":"Script","props":{"runtime":"script/ForIPad.ts"},"compId":109}]}]}],"loadList":["tex/lobby_buttom_black.png","tex/windows_buttom_1.png","tex/windows_buttom_6.png","tex/fnt_windows_biaoti_pf.png","tex/lobby_buttom_black2.png","tex/pure/lobby_btn_blue.png","tex/fnt_windows_btn_close2.png","tex/windows_buttom_pf.png","tex/lobby_icon_changdu.png","tex/fnt_windows_pf_cd.png","tex/lobby_icon_nengliang.png","tex/fnt_windows_pf_nn.png","tex/pure/lobby_buttom_light_green.png","tex/windows_buttom_pf2.png","tex/snake/skin_shadow.png","tex/snake/skin_ls1.png","tex/windows_icon_gouquan.png","tex/windows_icon_gou.png","tex/pifu_unknow.png"],"loadList3D":[]}