{"child":[{"compId":47,"type":"Image","props":{"name":"icon","scaleX":0.55,"scaleY":0.55,"presetID":2,"height":139,"width":242,"anchorX":0.5,"skin":"tex/windows_icon_offlinezuanshi.png","y":180,"x":-3,"rotation":180,"anchorY":0.5}},{"compId":48,"type":"Label","props":{"name":"lbl","text":"X8888.88万","align":"center","scaleX":0.28,"scaleY":0.28,"presetID":3,"anchorY":0.5,"anchorX":0.5,"valign":"middle","y":238,"x":0,"rotation":180,"font":"number_3"}}],"compId":46,"props":{"presetID":1,"height":278,"width":20,"isPresetRoot":true,"y":0,"x":0},"type":"Sprite","loadList":["tex/windows_icon_offlinezuanshi.png"],"loadList3D":[]}