{"child":[{"compId":13,"type":"Script","props":{"runtime":"merge/MergeCell.ts","presetID":3}},{"compId":14,"type":"Image","props":{"y":40,"x":0,"name":"bg","presetID":4,"skin":"tex/lobby_buttom_snake.png"}},{"compId":15,"type":"Sprite","props":{"name":"border","texture":"tex/lobby_hecheng_kuang.png","visible":false,"presetID":5,"y":0,"x":0}}],"compId":5,"props":{"name":"cell","pivotX":66,"pivotY":66,"presetID":1,"height":133,"width":133,"renderType":"render","isPresetRoot":true,"y":66,"x":66,"runtime":"merge/MergeCell.ts"},"type":"Sprite","loadList":["tex/lobby_buttom_snake.png","tex/lobby_hecheng_kuang.png"],"loadList3D":[]}