{"type":"View","props":{"y":40,"x":110,"width":180,"runtime":"merge/MergeAddCoins.ts","height":80,"anchorY":0.5,"anchorX":0.5},"compId":2,"child":[{"type":"Sprite","props":{"y":43,"x":-37,"width":39,"var":"_sp","texture":"tex/common_icon_gold.png","pivotY":20,"pivotX":20,"height":39},"compId":3},{"type":"Label","props":{"y":38,"x":-15,"width":579,"var":"_lbl","text":"+888.88万","scaleY":0.4,"scaleX":0.4,"pivotY":40,"height":100,"fontSize":100,"font":"Arial2","color":"#ffffff"},"compId":4}],"loadList":["tex/common_icon_gold.png"],"loadList3D":[]}