{"type":"Scene","props":{"y":66,"x":66,"width":133,"runtime":"merge/MergeItem.ts","pivotY":66,"pivotX":66,"mouseEnabled":true,"height":133},"compId":2,"child":[{"type":"Image","props":{"y":66,"x":66,"width":360,"var":"icon","skin":"tex/snake/skin_jqdz1.png","scaleY":0.45,"scaleX":0.45,"height":260,"anchorY":0.5,"anchorX":0.5},"compId":9},{"type":"Image","props":{"y":80,"x":83,"var":"levelPnl","skin":"tex/lobby_buttom_level.png"},"compId":10,"child":[{"type":"Label","props":{"y":22,"x":22,"var":"levelLbl","valign":"middle","text":"12","fontSize":20,"bold":true,"anchorY":0.5,"anchorX":0.5,"align":"center"},"compId":11}]},{"type":"Sprite","props":{"y":-44,"x":8.4140625,"var":"infoPnl"},"compId":20,"child":[{"type":"Label","props":{"y":24,"x":59.26953125,"var":"lblProduct","text":"8888.88万/分","strokeColor":"#000000","stroke":2,"fontSize":20,"color":"#ffffff","bold":true,"anchorX":0.5},"compId":17},{"type":"Label","props":{"x":57.26953125,"var":"lblName","text":"大力蛇","strokeColor":"#000000","stroke":2,"fontSize":20,"color":"#ffffff","bold":true,"anchorX":0.5},"compId":18}]}],"loadList":["tex/snake/skin_jqdz1.png","tex/lobby_buttom_level.png"],"loadList3D":[]}