{"child":[{"compId":7,"props":{"x":56,"y":0,"repeatY":3,"height":410,"repeatX":4,"width":607,"spaceX":30,"var":"_cellPnl","spaceY":30},"type":"Box","child":[{"compId":5,"props":{"name":"cell","pivotX":66,"pivotY":66,"presetID":1,"height":133,"width":133,"renderType":"render","isPresetRoot":true,"y":62,"x":66,"runtime":"merge/MergeCell.ts"},"type":"Sprite","child":[{"compId":13,"type":"Script","props":{"runtime":"merge/MergeCell.ts","presetID":3}},{"compId":78,"type":"Image","props":{"y":40,"x":0,"name":"bg","presetID":4,"skin":"tex/lobby_buttom_snake.png"}},{"compId":98,"type":"Sprite","props":{"name":"border","presetID":5,"visible":false,"texture":"tex/lobby_hecheng_kuang.png","y":0,"x":0}}]},{"compId":25,"props":{"name":"cell","pivotX":66,"pivotY":66,"presetID":1,"height":133,"width":133,"renderType":"render","isPresetRoot":true,"y":62,"x":224,"runtime":"merge/MergeCell.ts"},"type":"Sprite","child":[{"compId":27,"type":"Script","props":{"runtime":"merge/MergeCell.ts","presetID":3}},{"compId":79,"type":"Image","props":{"y":40,"x":0,"name":"bg","presetID":4,"skin":"tex/lobby_buttom_snake.png"}},{"compId":99,"type":"Sprite","props":{"name":"border","presetID":5,"visible":false,"texture":"tex/lobby_hecheng_kuang.png","y":0,"x":0}}]},{"compId":34,"props":{"name":"cell","pivotX":66,"pivotY":66,"presetID":1,"height":133,"width":133,"renderType":"render","isPresetRoot":true,"y":62,"x":382,"runtime":"merge/MergeCell.ts"},"type":"Sprite","child":[{"compId":36,"type":"Script","props":{"runtime":"merge/MergeCell.ts","presetID":3}},{"compId":80,"type":"Image","props":{"y":40,"x":0,"name":"bg","presetID":4,"skin":"tex/lobby_buttom_snake.png"}},{"compId":100,"type":"Sprite","props":{"name":"border","presetID":5,"visible":false,"texture":"tex/lobby_hecheng_kuang.png","y":0,"x":0}}]},{"compId":37,"props":{"name":"cell","pivotX":66,"pivotY":66,"presetID":1,"height":133,"width":133,"renderType":"render","isPresetRoot":true,"y":62,"x":541,"runtime":"merge/MergeCell.ts"},"type":"Sprite","child":[{"compId":41,"type":"Script","props":{"runtime":"merge/MergeCell.ts","presetID":3}},{"compId":81,"type":"Image","props":{"y":40,"x":0,"name":"bg","presetID":4,"skin":"tex/lobby_buttom_snake.png"}},{"compId":101,"type":"Sprite","props":{"name":"border","presetID":5,"visible":false,"texture":"tex/lobby_hecheng_kuang.png","y":0,"x":0}}]},{"compId":46,"props":{"name":"cell","pivotX":66,"pivotY":66,"presetID":1,"height":133,"width":133,"renderType":"render","isPresetRoot":true,"y":205,"x":66,"runtime":"merge/MergeCell.ts"},"type":"Sprite","child":[{"compId":51,"type":"Script","props":{"runtime":"merge/MergeCell.ts","presetID":3}},{"compId":82,"type":"Image","props":{"y":40,"x":0,"name":"bg","presetID":4,"skin":"tex/lobby_buttom_snake.png"}},{"compId":102,"type":"Sprite","props":{"name":"border","presetID":5,"visible":false,"texture":"tex/lobby_hecheng_kuang.png","y":0,"x":0}}]},{"compId":47,"props":{"name":"cell","pivotX":66,"pivotY":66,"presetID":1,"height":133,"width":133,"renderType":"render","isPresetRoot":true,"y":205,"x":224,"runtime":"merge/MergeCell.ts"},"type":"Sprite","child":[{"compId":53,"type":"Script","props":{"runtime":"merge/MergeCell.ts","presetID":3}},{"compId":83,"type":"Image","props":{"y":40,"x":0,"name":"bg","presetID":4,"skin":"tex/lobby_buttom_snake.png"}},{"compId":103,"type":"Sprite","props":{"name":"border","presetID":5,"visible":false,"texture":"tex/lobby_hecheng_kuang.png","y":0,"x":0}}]},{"compId":48,"props":{"name":"cell","pivotX":66,"pivotY":66,"presetID":1,"height":133,"width":133,"renderType":"render","isPresetRoot":true,"y":205,"x":382,"runtime":"merge/MergeCell.ts"},"type":"Sprite","child":[{"compId":55,"type":"Script","props":{"runtime":"merge/MergeCell.ts","presetID":3}},{"compId":84,"type":"Image","props":{"y":40,"x":0,"name":"bg","presetID":4,"skin":"tex/lobby_buttom_snake.png"}},{"compId":104,"type":"Sprite","props":{"name":"border","presetID":5,"visible":false,"texture":"tex/lobby_hecheng_kuang.png","y":0,"x":0}}]},{"compId":49,"props":{"name":"cell","pivotX":66,"pivotY":66,"presetID":1,"height":133,"width":133,"renderType":"render","isPresetRoot":true,"y":205,"x":541,"runtime":"merge/MergeCell.ts"},"type":"Sprite","child":[{"compId":57,"type":"Script","props":{"runtime":"merge/MergeCell.ts","presetID":3}},{"compId":85,"type":"Image","props":{"y":40,"x":0,"name":"bg","presetID":4,"skin":"tex/lobby_buttom_snake.png"}},{"compId":105,"type":"Sprite","props":{"name":"border","presetID":5,"visible":false,"texture":"tex/lobby_hecheng_kuang.png","y":0,"x":0}}]},{"compId":58,"props":{"name":"cell","pivotX":66,"pivotY":66,"presetID":1,"height":133,"width":133,"renderType":"render","isPresetRoot":true,"y":347,"x":66,"runtime":"merge/MergeCell.ts"},"type":"Sprite","child":[{"compId":63,"type":"Script","props":{"runtime":"merge/MergeCell.ts","presetID":3}},{"compId":86,"type":"Image","props":{"y":40,"x":0,"name":"bg","presetID":4,"skin":"tex/lobby_buttom_snake.png"}},{"compId":106,"type":"Sprite","props":{"name":"border","presetID":5,"visible":false,"texture":"tex/lobby_hecheng_kuang.png","y":0,"x":0}}]},{"compId":59,"props":{"name":"cell","pivotX":66,"pivotY":66,"presetID":1,"height":133,"width":133,"renderType":"render","isPresetRoot":true,"y":347,"x":224,"runtime":"merge/MergeCell.ts"},"type":"Sprite","child":[{"compId":65,"type":"Script","props":{"runtime":"merge/MergeCell.ts","presetID":3}},{"compId":87,"type":"Image","props":{"y":40,"x":0,"name":"bg","presetID":4,"skin":"tex/lobby_buttom_snake.png"}},{"compId":107,"type":"Sprite","props":{"name":"border","presetID":5,"visible":false,"texture":"tex/lobby_hecheng_kuang.png","y":0,"x":0}}]},{"compId":60,"props":{"name":"cell","pivotX":66,"pivotY":66,"presetID":1,"height":133,"width":133,"renderType":"render","isPresetRoot":true,"y":347,"x":382,"runtime":"merge/MergeCell.ts"},"type":"Sprite","child":[{"compId":67,"type":"Script","props":{"runtime":"merge/MergeCell.ts","presetID":3}},{"compId":88,"type":"Image","props":{"y":40,"x":0,"name":"bg","presetID":4,"skin":"tex/lobby_buttom_snake.png"}},{"compId":108,"type":"Sprite","props":{"name":"border","presetID":5,"visible":false,"texture":"tex/lobby_hecheng_kuang.png","y":0,"x":0}}]},{"compId":61,"props":{"name":"cell","pivotX":66,"pivotY":66,"presetID":1,"height":133,"width":133,"renderType":"render","isPresetRoot":true,"y":347,"x":541,"runtime":"merge/MergeCell.ts"},"type":"Sprite","child":[{"compId":69,"type":"Script","props":{"runtime":"merge/MergeCell.ts","presetID":3}},{"compId":89,"type":"Image","props":{"y":40,"x":0,"name":"bg","presetID":4,"skin":"tex/lobby_buttom_snake.png"}},{"compId":109,"type":"Sprite","props":{"name":"border","presetID":5,"visible":false,"texture":"tex/lobby_hecheng_kuang.png","y":0,"x":0}}]}]},{"compId":96,"props":{"name":"salePnl","repeatY":3,"height":410,"repeatX":4,"width":607,"x":56.5,"spaceX":30,"spaceY":30,"y":0},"type":"Box","child":[{"compId":90,"props":{"name":"cell","pivotX":317,"pivotY":55,"presetID":1,"height":109,"width":633,"renderType":"render","isPresetRoot":true,"var":"_salePnl","x":303,"runtime":"merge/MergeCell.ts","y":485},"type":"Sprite","child":[{"compId":91,"type":"Script","props":{"runtime":"merge/MergeCell.ts","presetID":3}},{"compId":92,"type":"Image","props":{"y":0,"x":0,"name":"bg","presetID":4,"skin":"tex/lobby_sale.png"}},{"compId":110,"type":"Sprite","props":{"name":"border","presetID":5,"visible":false,"texture":"tex/lobby_hecheng_kuang.png","y":0,"x":0}}]}]},{"compId":14,"type":"Box","props":{"x":56,"y":0,"repeatY":3,"height":410,"repeatX":4,"width":607,"spaceX":30,"var":"_itemPnl","spaceY":30}},{"compId":112,"props":{"y":-5,"x":56,"var":"_removeIt"},"type":"Box","child":[{"compId":18,"type":"MergeItem","props":{"y":66,"x":66,"runtime":"merge/MergeItem.ts","visible":false}},{"compId":111,"type":"MergeAddCoins","props":{"y":102,"x":-211,"runtime":"merge/MergeAddCoins.ts"}}]},{"compId":97,"props":{"x":56.5,"y":0,"repeatY":3,"height":410,"repeatX":4,"width":607,"spaceX":30,"var":"_animPnl","spaceY":30},"type":"Box","child":[{"compId":94,"props":{"y":77,"width":200,"pivotX":100,"pivotY":100,"height":200,"visible":false,"var":"_mergeAnimPnl","x":225},"type":"Sprite","child":[{"compId":93,"type":"Animation","props":{"y":100,"x":100,"var":"_mergeAnim","source":"view/up.ani"}}]}]}],"compId":2,"props":{"height":410,"width":720,"runtime":"merge/MergePnl.ts","autoDestroyAtClosed":true},"type":"View","loadList":["tex/lobby_buttom_snake.png","tex/lobby_hecheng_kuang.png","tex/lobby_sale.png","view/up.ani","view/MergeCell.prefab","view/MergeItem.scene","view/MergeAddCoins.scene"],"loadList3D":[]}