{"child":[{"compId":4,"type":"Image","props":{"sizeGrid":"7,9,8,6","pivotX":360,"skin":"tex/lobby_buttom_black.png","height":1280,"width":720,"centerX":0,"centerY":0,"var":"bg","alpha":0.6}},{"compId":230,"props":{"anchorX":0.5,"anchorY":0.5,"width":720,"centerX":0,"centerY":0,"var":"_ipad","height":1280},"type":"Box","child":[{"compId":12,"props":{"pivotX":339,"pivotY":500,"height":1000,"width":677,"centerY":-58,"var":"_dialog","x":361},"type":"Box","child":[{"compId":143,"type":"Script","props":{"runtime":"script/DialogEffect.ts"}},{"compId":8,"type":"Image","props":{"y":0,"x":0,"var":"_dialogBg","mouseEnabled":false,"skin":"ads/baiwan_bg.png"}},{"compId":224,"props":{"y":239,"vScrollBarSkin":" ","var":"_adsList","repeatX":4,"width":558,"elasticEnabled":true,"x":59.5,"spaceX":40,"spaceY":45,"height":706},"type":"List","child":[{"compId":225,"props":{"pivotX":52,"pivotY":68,"height":142,"width":109,"renderType":"render","y":68,"x":52},"type":"Box","child":[{"compId":226,"type":"Image","props":{"name":"icon","height":92,"width":93,"skin":"tex/common_player_snake.png","y":9,"x":8.5}},{"compId":233,"type":"Sprite","props":{"y":4,"x":3,"name":"bg","texture":"ads/baiwan_game.png"}},{"compId":232,"type":"Label","props":{"name":"nameLbl","color":"#528bd1","text":"游戏名字","align":"left","anchorX":0.5,"anchorY":0.5,"fontSize":18,"centerX":0,"y":116,"overflow":"hidden"}},{"compId":234,"type":"Image","props":{"y":0,"x":80,"name":"redPoint","skin":"ads/baiwan_gantang.png"}},{"compId":228,"type":"Script","props":{"y":0,"x":0,"runtime":"script/ScaleBtn.ts","zoom":0.95}},{"compId":235,"type":"Script","props":{"runtime":"script/LoopRotation.ts"}}]}]},{"compId":134,"props":{"y":1059,"pivotX":50,"pivotY":30,"height":60,"width":100,"x":338.5,"var":"_btnClose","stateNum":1},"type":"Sprite","child":[{"compId":138,"type":"Script","props":{"runtime":"script/ScaleBtn.ts"}},{"compId":231,"type":"Sprite","props":{"y":14,"x":20,"texture":"tex/fnt_windows_btn_close.png"}}]}]},{"compId":218,"type":"Script","props":{"y":298,"x":361,"runtime":"script/ForIPad.ts"}}]}],"compId":2,"props":{"height":1280,"width":720,"runtime":"ads/MoreAds.ts","autoDestroyAtClosed":true},"type":"Scene","loadList":["tex/lobby_buttom_black.png","ads/baiwan_bg.png","tex/common_player_snake.png","ads/baiwan_game.png","ads/baiwan_gantang.png","tex/fnt_windows_btn_close.png"],"loadList3D":[]}