{"child":[{"compId":3,"type":"Image","props":{"name":"bg","sizeGrid":"20,20,20,20","presetID":2,"height":400,"width":625,"skin":"ads/ad_bg.png","y":96,"x":0}},{"compId":16,"type":"Sprite","props":{"y":115,"x":24.5,"texture":"ads/ad_tag_bg.png","presetID":3,"name":"ad"}},{"compId":11,"type":"Sprite","props":{"name":"close","mouseEnabled":true,"texture":"ads/ad_close.png","presetID":4,"y":111,"x":573.5}},{"compId":7,"type":"Image","props":{"name":"img","mouseEnabled":false,"presetID":5,"height":290,"width":580,"y":151,"x":22.5}},{"compId":12,"type":"Text","props":{"name":"title","color":"#000000","text":"text","align":"center","presetID":6,"height":40,"width":450,"fontSize":26,"valign":"middle","y":105.5,"x":87.5,"runtime":"laya.display.Text"}},{"compId":13,"type":"Text","props":{"x":25,"name":"desc","color":"#000000","text":"text","align":"left","presetID":7,"height":40,"width":580,"fontSize":22,"valign":"middle","y":441,"wordWrap":true,"overflow":"scroll","runtime":"laya.display.Text"}},{"compId":14,"props":{"name":"open","sizeGrid":"8,8,16,8","anchorX":0.5,"height":70,"width":180,"presetID":8,"skin":"ads/lobby_btn_blue.png","y":35,"x":312,"anchorY":0.5},"type":"Image","child":[{"compId":15,"type":"Text","props":{"name":"lbl","color":"#ffffff","text":"查看广告","align":"center","presetID":9,"height":50,"width":180,"fontSize":28,"valign":"middle","y":6,"x":0,"overflow":"hidden","runtime":"laya.display.Text","bold":true}},{"compId":21,"type":"Script","props":{"runtime":"script/LoopScale.ts","presetID":12}}]},{"compId":18,"type":"Script","props":{"btnLbl":"@node:15","imgSp":"@node:7","bg":"@node:3","closeBtn":"@node:11","presetID":10,"titleLbl":"@node:12","descLbl":"@node:13","runtime":"ads/NativeAds.ts"}}],"compId":9,"props":{"x":0,"width":625,"isPresetRoot":true,"presetID":1,"height":496},"type":"Box","loadList":["ads/ad_bg.png","ads/ad_tag_bg.png","ads/ad_close.png","ads/lobby_btn_blue.png"],"loadList3D":[]}