{"child":[{"compId":9,"props":{"y":784,"anchorX":0.5,"height":496,"width":625,"var":"panel","x":360},"type":"Box","child":[{"compId":3,"type":"Image","props":{"y":96,"sizeGrid":"20,20,20,20","height":400,"width":625,"skin":"ads/ad_bg.png","var":"bg","x":0}},{"compId":16,"type":"Sprite","props":{"y":115,"x":24.5,"texture":"ads/ad_tag_bg.png"}},{"compId":11,"type":"Sprite","props":{"y":111,"x":573.5,"mouseEnabled":true,"texture":"ads/ad_close.png","var":"closeBtn"}},{"compId":7,"type":"Image","props":{"y":151,"mouseEnabled":true,"height":290,"width":580,"var":"imgSp","x":22.5}},{"compId":12,"type":"Text","props":{"y":105.5,"color":"#000000","text":"text","align":"center","height":40,"width":450,"fontSize":26,"valign":"middle","var":"titleLbl","x":87.5,"runtime":"laya.display.Text"}},{"compId":13,"type":"Text","props":{"x":25,"y":441,"color":"#000000","text":"text","align":"left","height":40,"width":580,"fontSize":22,"valign":"middle","var":"descLbl","wordWrap":true,"overflow":"scroll","runtime":"laya.display.Text"}},{"compId":14,"props":{"sizeGrid":"8,8,16,8","anchorX":0.5,"height":70,"width":180,"skin":"ads/lobby_btn_blue.png","y":35,"x":312,"anchorY":0.5},"type":"Image","child":[{"compId":15,"type":"Text","props":{"bold":true,"color":"#ffffff","text":"查看广告","align":"center","overflow":"hidden","height":50,"width":180,"stroke":5,"fontSize":28,"valign":"middle","var":"btnLbl","x":0,"strokeColor":"#128894","runtime":"laya.display.Text","y":4}}]},{"compId":17,"type":"Script","props":{"runtime":"script/ForIPad.ts"}}]}],"compId":2,"props":{"mouseThrough":true,"mouseEnabled":true,"height":1280,"width":720,"autoDestroyAtClosed":true,"runtime":"ads/NativeBottom.ts"},"type":"Scene","loadList":["ads/ad_bg.png","ads/ad_tag_bg.png","ads/ad_close.png","ads/lobby_btn_blue.png"],"loadList3D":[]}