{"child":[{"compId":9,"props":{"bottom":0,"anchorX":0.5,"height":120,"width":720,"var":"panel","x":360},"type":"Box","child":[{"compId":3,"type":"Image","props":{"y":0,"sizeGrid":"6,6,6,6","height":120,"width":720,"skin":"ads/ad_title_bg.png","var":"bg","x":0}},{"compId":11,"type":"Sprite","props":{"y":6,"x":10,"mouseEnabled":true,"texture":"ads/ad_close.png","var":"closeBtn"}},{"compId":7,"type":"Image","props":{"y":5,"mouseEnabled":true,"height":110,"width":110,"skin":"tex/common_player_snake.png","var":"iconSp","x":54}},{"compId":12,"type":"Text","props":{"y":20,"color":"#78ABDE","text":"text","align":"center","height":40,"width":300,"fontSize":38,"valign":"middle","var":"titleLbl","x":191,"runtime":"laya.display.Text"}},{"compId":13,"type":"Text","props":{"x":191,"y":63,"color":"#ffffff","text":"text","align":"center","height":40,"width":300,"fontSize":25,"valign":"middle","var":"descLbl","wordWrap":true,"overflow":"scroll","runtime":"laya.display.Text"}},{"compId":14,"props":{"sizeGrid":"8,8,16,8","height":70,"width":180,"skin":"ads/lobby_btn_blue.png","y":25,"x":515},"type":"Image","child":[{"compId":15,"type":"Text","props":{"bold":true,"color":"#ffffff","text":"查看广告","align":"center","overflow":"hidden","height":50,"width":180,"stroke":5,"fontSize":28,"valign":"middle","var":"btnLbl","x":0,"strokeColor":"#128894","runtime":"laya.display.Text","y":4}}]},{"compId":16,"type":"Script","props":{"runtime":"script/ForIPad.ts"}}]}],"compId":2,"props":{"mouseThrough":true,"mouseEnabled":true,"height":1280,"width":720,"autoDestroyAtClosed":true,"runtime":"ads/NativeBanner.ts"},"type":"Scene","loadList":["ads/ad_title_bg.png","ads/ad_close.png","tex/common_player_snake.png","ads/lobby_btn_blue.png"],"loadList3D":[]}