{"type":"Box","props":{"y":0,"x":0,"width":576,"presetID":1,"pivotX":288,"isPresetRoot":true,"height":80},"compId":13,"child":[{"type":"Image","props":{"y":0,"x":288,"width":576,"skin":"tex/pure/lobby_buttom_light_green.png","sizeGrid":"6,6,6,6","presetID":2,"pivotX":288,"height":80},"compId":11},{"type":"Image","props":{"y":40,"x":177,"width":84,"skin":"tex/common_player_snake.png","scaleY":0.7,"scaleX":0.7,"presetID":3,"pivotY":42,"pivotX":42,"name":"rk_avatar","mouseEnabled":false,"height":84},"compId":15},{"type":"Image","props":{"y":42,"x":78,"width":63,"skin":"tex/windows_icon_rank4.png","presetID":4,"pivotY":27,"pivotX":32,"name":"rk_rankBg","mouseEnabled":false,"height":54},"compId":17},{"type":"Label","props":{"y":40,"x":224,"text":"玩家的名字","presetID":8,"name":"rk_name","fontSize":22,"bold":true,"anchorY":0.5},"compId":22},{"type":"Label","props":{"y":43,"x":541,"text":"8888.88万","scaleY":0.45,"scaleX":0.45,"presetID":9,"name":"rk_score","height":80,"fontSize":60,"font":"Arial2","anchorY":0.5,"anchorX":1,"align":"right"},"compId":23},{"type":"Label","props":{"y":41,"x":107.5,"width":93,"text":"4","scaleY":0.5,"scaleX":0.5,"presetID":10,"pivotY":31,"pivotX":108,"name":"rk_rank","height":62,"font":"number_1","align":"center"},"compId":24}],"loadList":["tex/pure/lobby_buttom_light_green.png","tex/common_player_snake.png","tex/windows_icon_rank4.png"],"loadList3D":[]}