{"child":[{"compId":9,"props":{"y":0,"x":0,"width":720,"name":"pnl","height":173},"type":"Sprite","child":[{"compId":3,"type":"Image","props":{"name":"bg","sizeGrid":"12,12,12,12","height":173,"width":716,"skin":"tex/fuhuo_bar_3.png","y":0,"x":2}},{"compId":4,"type":"Sprite","props":{"y":25,"x":21,"name":"title","texture":"tex/fuhuo_fnt_cnxh.png"}},{"compId":5,"props":{"y":15,"height":144,"width":640,"spaceX":12,"x":67,"hScrollBarSkin":" ","name":"list"},"type":"List","child":[{"compId":6,"props":{"pivotX":72,"pivotY":72,"height":144,"width":144,"renderType":"render","y":72,"x":72},"type":"Box","child":[{"compId":7,"type":"Image","props":{"name":"icon","mouseEnabled":true,"height":144,"width":144,"skin":"tex/common_player_snake.png","y":0,"x":0}},{"compId":8,"type":"Script","props":{"y":0,"x":0,"runtime":"script/ScaleBtn.ts","zoom":0.95}}]}]}]}],"compId":2,"props":{"height":173,"width":720,"runtime":"ads/ScrollAds.ts","mouseThrough":true,"autoDestroyAtClosed":true},"type":"Scene","loadList":["tex/fuhuo_bar_3.png","tex/fuhuo_fnt_cnxh.png","tex/common_player_snake.png"],"loadList3D":[]}