{"child":[{"compId":3,"props":{"y":640,"sizeGrid":"9,9,9,9","pivotX":250,"pivotY":55,"height":110,"width":500,"skin":"tex/pure/toast.png","var":"_bg","x":360},"type":"Image","child":[{"compId":4,"type":"Label","props":{"x":25,"y":27,"color":"#ffffff","leading":6,"align":"center","valign":"middle","width":450,"fontSize":26,"text":"金币不足! 金币不足! 金币不足! 金币不足! 金币不足! 金币不足! 金币不足! ","var":"_lbl","wordWrap":true}}]}],"compId":2,"props":{"height":1280,"width":720,"runtime":"view/Toast.ts","autoDestroyAtClosed":true},"type":"Scene","loadList":["tex/pure/toast.png"],"loadList3D":[]}