{"compId":2,"animations":[{"action":0,"nodes":[{"target":11,"keyframes":{"alpha":[{"index":0,"target":11,"tweenMethod":"linearNone","value":0,"label":null,"tween":true,"key":"alpha"},{"index":20,"target":11,"tweenMethod":"linearNone","value":1,"label":null,"tween":true,"key":"alpha"},{"index":40,"target":11,"tweenMethod":"linearNone","value":0,"label":null,"tween":true,"key":"alpha"}]}},{"target":15,"keyframes":{"alpha":[{"index":0,"target":15,"tweenMethod":"linearNone","value":0,"label":null,"tween":true,"key":"alpha"},{"index":20,"target":15,"tweenMethod":"linearNone","value":1,"label":null,"tween":true,"key":"alpha"},{"index":40,"target":15,"tweenMethod":"linearNone","value":0,"label":null,"tween":true,"key":"alpha"}]}},{"target":17,"keyframes":{"alpha":[{"index":0,"target":17,"tweenMethod":"linearNone","value":0,"label":null,"tween":true,"key":"alpha"},{"index":20,"target":17,"tweenMethod":"linearNone","value":1,"label":null,"tween":true,"key":"alpha"},{"index":40,"target":17,"tweenMethod":"linearNone","value":0,"label":null,"tween":true,"key":"alpha"}]}},{"target":19,"keyframes":{"alpha":[{"index":0,"target":19,"tweenMethod":"linearNone","value":0,"label":null,"tween":true,"key":"alpha"},{"index":20,"target":19,"tweenMethod":"linearNone","value":1,"label":null,"tween":true,"key":"alpha"},{"index":40,"target":19,"tweenMethod":"linearNone","value":0,"label":null,"tween":true,"key":"alpha"}]}},{"target":21,"keyframes":{"alpha":[{"index":0,"target":21,"tweenMethod":"linearNone","value":0,"label":null,"tween":true,"key":"alpha"},{"index":20,"target":21,"tweenMethod":"linearNone","value":1,"label":null,"tween":true,"key":"alpha"},{"index":40,"target":21,"tweenMethod":"linearNone","value":0,"label":null,"tween":true,"key":"alpha"}]}},{"target":23,"keyframes":{"alpha":[{"index":0,"target":23,"tweenMethod":"linearNone","value":0,"label":null,"tween":true,"key":"alpha"},{"index":20,"target":23,"tweenMethod":"linearNone","value":1,"label":null,"tween":true,"key":"alpha"},{"index":40,"target":23,"tweenMethod":"linearNone","value":0,"label":null,"tween":true,"key":"alpha"}]}},{"target":25,"keyframes":{"alpha":[{"index":0,"target":25,"tweenMethod":"linearNone","value":0,"label":null,"tween":true,"key":"alpha"},{"index":20,"target":25,"tweenMethod":"linearNone","value":1,"label":null,"tween":true,"key":"alpha"},{"index":40,"target":25,"tweenMethod":"linearNone","value":0,"label":null,"tween":true,"key":"alpha"}]}},{"target":27,"keyframes":{"alpha":[{"index":0,"target":27,"tweenMethod":"linearNone","value":0,"label":null,"tween":true,"key":"alpha"},{"index":20,"target":27,"tweenMethod":"linearNone","value":1,"label":null,"tween":true,"key":"alpha"},{"index":40,"target":27,"tweenMethod":"linearNone","value":0,"label":null,"tween":true,"key":"alpha"}]}},{"target":12,"keyframes":{"alpha":[{"index":0,"target":12,"tweenMethod":"linearNone","value":1,"label":null,"tween":true,"key":"alpha"},{"index":20,"target":12,"tweenMethod":"linearNone","value":0,"label":null,"tween":true,"key":"alpha"},{"index":40,"target":12,"tweenMethod":"linearNone","value":1,"label":null,"tween":true,"key":"alpha"}]}},{"target":16,"keyframes":{"alpha":[{"index":0,"target":16,"tweenMethod":"linearNone","value":1,"label":null,"tween":true,"key":"alpha"},{"index":20,"target":16,"tweenMethod":"linearNone","value":0,"label":null,"tween":true,"key":"alpha"},{"index":40,"target":16,"tweenMethod":"linearNone","value":1,"label":null,"tween":true,"key":"alpha"}]}},{"target":18,"keyframes":{"alpha":[{"index":0,"target":18,"tweenMethod":"linearNone","value":1,"label":null,"tween":true,"key":"alpha"},{"index":20,"target":18,"tweenMethod":"linearNone","value":0,"label":null,"tween":true,"key":"alpha"},{"index":40,"target":18,"tweenMethod":"linearNone","value":1,"label":null,"tween":true,"key":"alpha"}]}},{"target":20,"keyframes":{"alpha":[{"index":0,"target":20,"tweenMethod":"linearNone","value":1,"label":null,"tween":true,"key":"alpha"},{"index":20,"target":20,"tweenMethod":"linearNone","value":0,"label":null,"tween":true,"key":"alpha"},{"index":40,"target":20,"tweenMethod":"linearNone","value":1,"label":null,"tween":true,"key":"alpha"}]}},{"target":22,"keyframes":{"alpha":[{"index":0,"target":22,"tweenMethod":"linearNone","value":1,"label":null,"tween":true,"key":"alpha"},{"index":20,"target":22,"tweenMethod":"linearNone","value":0,"label":null,"tween":true,"key":"alpha"},{"index":40,"target":22,"tweenMethod":"linearNone","value":1,"label":null,"tween":true,"key":"alpha"}]}},{"target":24,"keyframes":{"alpha":[{"index":0,"target":24,"tweenMethod":"linearNone","value":1,"label":null,"tween":true,"key":"alpha"},{"index":20,"target":24,"tweenMethod":"linearNone","value":0,"label":null,"tween":true,"key":"alpha"},{"index":40,"target":24,"tweenMethod":"linearNone","value":1,"label":null,"tween":true,"key":"alpha"}]}},{"target":26,"keyframes":{"alpha":[{"index":0,"target":26,"tweenMethod":"linearNone","value":1,"label":null,"tween":true,"key":"alpha"},{"index":20,"target":26,"tweenMethod":"linearNone","value":0,"label":null,"tween":true,"key":"alpha"},{"index":40,"target":26,"tweenMethod":"linearNone","value":1,"label":null,"tween":true,"key":"alpha"}]}},{"target":28,"keyframes":{"alpha":[{"index":0,"target":28,"tweenMethod":"linearNone","value":1,"label":null,"tween":true,"key":"alpha"},{"index":20,"target":28,"tweenMethod":"linearNone","value":0,"label":null,"tween":true,"key":"alpha"},{"index":40,"target":28,"tweenMethod":"linearNone","value":1,"label":null,"tween":true,"key":"alpha"}]}},{"target":8,"keyframes":{"alpha":[{"index":0,"target":8,"tweenMethod":"linearNone","value":0,"tween":true,"key":"alpha"}]}}],"frameRate":24,"name":"idleAnim","id":1},{"action":0,"nodes":[{"target":11,"keyframes":{"alpha":[{"index":0,"target":11,"tweenMethod":"linearNone","value":0,"label":null,"tween":true,"key":"alpha"},{"index":5,"target":11,"tweenMethod":"linearNone","value":1,"label":null,"tween":true,"key":"alpha"},{"index":10,"target":11,"tweenMethod":"linearNone","value":0,"label":null,"tween":true,"key":"alpha"}]}},{"target":15,"keyframes":{"alpha":[{"index":0,"target":15,"tweenMethod":"linearNone","value":0,"label":null,"tween":true,"key":"alpha"},{"index":5,"target":15,"tweenMethod":"linearNone","value":1,"label":null,"tween":true,"key":"alpha"},{"index":10,"target":15,"tweenMethod":"linearNone","value":0,"label":null,"tween":true,"key":"alpha"}]}},{"target":17,"keyframes":{"alpha":[{"index":0,"target":17,"tweenMethod":"linearNone","value":0,"label":null,"tween":true,"key":"alpha"},{"index":5,"target":17,"tweenMethod":"linearNone","value":1,"label":null,"tween":true,"key":"alpha"},{"index":10,"target":17,"tweenMethod":"linearNone","value":0,"label":null,"tween":true,"key":"alpha"}]}},{"target":19,"keyframes":{"alpha":[{"index":0,"target":19,"tweenMethod":"linearNone","value":0,"label":null,"tween":true,"key":"alpha"},{"index":5,"target":19,"tweenMethod":"linearNone","value":1,"label":null,"tween":true,"key":"alpha"},{"index":10,"target":19,"tweenMethod":"linearNone","value":0,"label":null,"tween":true,"key":"alpha"}]}},{"target":21,"keyframes":{"alpha":[{"index":0,"target":21,"tweenMethod":"linearNone","value":0,"label":null,"tween":true,"key":"alpha"},{"index":5,"target":21,"tweenMethod":"linearNone","value":1,"label":null,"tween":true,"key":"alpha"},{"index":10,"target":21,"tweenMethod":"linearNone","value":0,"label":null,"tween":true,"key":"alpha"}]}},{"target":23,"keyframes":{"alpha":[{"index":0,"target":23,"tweenMethod":"linearNone","value":0,"label":null,"tween":true,"key":"alpha"},{"index":5,"target":23,"tweenMethod":"linearNone","value":1,"label":null,"tween":true,"key":"alpha"},{"index":10,"target":23,"tweenMethod":"linearNone","value":0,"label":null,"tween":true,"key":"alpha"}]}},{"target":25,"keyframes":{"alpha":[{"index":0,"target":25,"tweenMethod":"linearNone","value":0,"label":null,"tween":true,"key":"alpha"},{"index":5,"target":25,"tweenMethod":"linearNone","value":1,"label":null,"tween":true,"key":"alpha"},{"index":10,"target":25,"tweenMethod":"linearNone","value":0,"label":null,"tween":true,"key":"alpha"}]}},{"target":27,"keyframes":{"alpha":[{"index":0,"target":27,"tweenMethod":"linearNone","value":0,"label":null,"tween":true,"key":"alpha"},{"index":5,"target":27,"tweenMethod":"linearNone","value":1,"label":null,"tween":true,"key":"alpha"},{"index":10,"target":27,"tweenMethod":"linearNone","value":0,"label":null,"tween":true,"key":"alpha"}]}},{"target":12,"keyframes":{"alpha":[{"index":0,"target":12,"tweenMethod":"linearNone","value":1,"label":null,"tween":true,"key":"alpha"},{"index":5,"target":12,"tweenMethod":"linearNone","value":0,"label":null,"tween":true,"key":"alpha"},{"index":10,"target":12,"tweenMethod":"linearNone","value":1,"label":null,"tween":true,"key":"alpha"}]}},{"target":16,"keyframes":{"alpha":[{"index":0,"target":16,"tweenMethod":"linearNone","value":1,"label":null,"tween":true,"key":"alpha"},{"index":5,"target":16,"tweenMethod":"linearNone","value":0,"label":null,"tween":true,"key":"alpha"},{"index":10,"target":16,"tweenMethod":"linearNone","value":1,"label":null,"tween":true,"key":"alpha"}]}},{"target":18,"keyframes":{"alpha":[{"index":0,"target":18,"tweenMethod":"linearNone","value":1,"label":null,"tween":true,"key":"alpha"},{"index":5,"target":18,"tweenMethod":"linearNone","value":0,"label":null,"tween":true,"key":"alpha"},{"index":10,"target":18,"tweenMethod":"linearNone","value":1,"label":null,"tween":true,"key":"alpha"}]}},{"target":20,"keyframes":{"alpha":[{"index":0,"target":20,"tweenMethod":"linearNone","value":1,"label":null,"tween":true,"key":"alpha"},{"index":5,"target":20,"tweenMethod":"linearNone","value":0,"label":null,"tween":true,"key":"alpha"},{"index":10,"target":20,"tweenMethod":"linearNone","value":1,"label":null,"tween":true,"key":"alpha"}]}},{"target":22,"keyframes":{"alpha":[{"index":0,"target":22,"tweenMethod":"linearNone","value":1,"label":null,"tween":true,"key":"alpha"},{"index":5,"target":22,"tweenMethod":"linearNone","value":0,"label":null,"tween":true,"key":"alpha"},{"index":10,"target":22,"tweenMethod":"linearNone","value":1,"label":null,"tween":true,"key":"alpha"}]}},{"target":24,"keyframes":{"alpha":[{"index":0,"target":24,"tweenMethod":"linearNone","value":1,"label":null,"tween":true,"key":"alpha"},{"index":5,"target":24,"tweenMethod":"linearNone","value":0,"label":null,"tween":true,"key":"alpha"},{"index":10,"target":24,"tweenMethod":"linearNone","value":1,"label":null,"tween":true,"key":"alpha"}]}},{"target":26,"keyframes":{"alpha":[{"index":0,"target":26,"tweenMethod":"linearNone","value":1,"label":null,"tween":true,"key":"alpha"},{"index":5,"target":26,"tweenMethod":"linearNone","value":0,"label":null,"tween":true,"key":"alpha"},{"index":10,"target":26,"tweenMethod":"linearNone","value":1,"label":null,"tween":true,"key":"alpha"}]}},{"target":28,"keyframes":{"alpha":[{"index":0,"target":28,"tweenMethod":"linearNone","value":1,"label":null,"tween":true,"key":"alpha"},{"index":5,"target":28,"tweenMethod":"linearNone","value":0,"label":null,"tween":true,"key":"alpha"},{"index":10,"target":28,"tweenMethod":"linearNone","value":1,"label":null,"tween":true,"key":"alpha"}]}},{"target":8,"keyframes":{"alpha":[{"index":0,"target":8,"tweenMethod":"linearNone","value":0,"tween":true,"key":"alpha"}]}}],"frameRate":24,"name":"runningAnim","id":1},{"action":0,"nodes":[{"target":11,"keyframes":{"alpha":[{"index":0,"target":11,"tweenMethod":"linearNone","value":0,"label":null,"tween":true,"key":"alpha"},{"index":3,"target":11,"tweenMethod":"linearNone","value":1,"label":null,"tween":true,"key":"alpha"},{"index":6,"target":11,"tweenMethod":"linearNone","value":0,"label":null,"tween":true,"key":"alpha"}]}},{"target":15,"keyframes":{"alpha":[{"index":0,"target":15,"tweenMethod":"linearNone","value":0,"label":null,"tween":true,"key":"alpha"},{"index":3,"target":15,"tweenMethod":"linearNone","value":1,"label":null,"tween":true,"key":"alpha"},{"index":6,"target":15,"tweenMethod":"linearNone","value":0,"label":null,"tween":true,"key":"alpha"}]}},{"target":17,"keyframes":{"alpha":[{"index":0,"target":17,"tweenMethod":"linearNone","value":0,"label":null,"tween":true,"key":"alpha"},{"index":3,"target":17,"tweenMethod":"linearNone","value":1,"label":null,"tween":true,"key":"alpha"},{"index":6,"target":17,"tweenMethod":"linearNone","value":0,"label":null,"tween":true,"key":"alpha"}]}},{"target":19,"keyframes":{"alpha":[{"index":0,"target":19,"tweenMethod":"linearNone","value":0,"label":null,"tween":true,"key":"alpha"},{"index":3,"target":19,"tweenMethod":"linearNone","value":1,"label":null,"tween":true,"key":"alpha"},{"index":6,"target":19,"tweenMethod":"linearNone","value":0,"label":null,"tween":true,"key":"alpha"}]}},{"target":21,"keyframes":{"alpha":[{"index":0,"target":21,"tweenMethod":"linearNone","value":0,"label":null,"tween":true,"key":"alpha"},{"index":3,"target":21,"tweenMethod":"linearNone","value":1,"label":null,"tween":true,"key":"alpha"},{"index":6,"target":21,"tweenMethod":"linearNone","value":0,"label":null,"tween":true,"key":"alpha"}]}},{"target":23,"keyframes":{"alpha":[{"index":0,"target":23,"tweenMethod":"linearNone","value":0,"label":null,"tween":true,"key":"alpha"},{"index":3,"target":23,"tweenMethod":"linearNone","value":1,"label":null,"tween":true,"key":"alpha"},{"index":6,"target":23,"tweenMethod":"linearNone","value":0,"label":null,"tween":true,"key":"alpha"}]}},{"target":25,"keyframes":{"alpha":[{"index":0,"target":25,"tweenMethod":"linearNone","value":0,"label":null,"tween":true,"key":"alpha"},{"index":3,"target":25,"tweenMethod":"linearNone","value":1,"label":null,"tween":true,"key":"alpha"},{"index":6,"target":25,"tweenMethod":"linearNone","value":0,"label":null,"tween":true,"key":"alpha"}]}},{"target":27,"keyframes":{"alpha":[{"index":0,"target":27,"tweenMethod":"linearNone","value":0,"label":null,"tween":true,"key":"alpha"},{"index":3,"target":27,"tweenMethod":"linearNone","value":1,"label":null,"tween":true,"key":"alpha"},{"index":6,"target":27,"tweenMethod":"linearNone","value":0,"label":null,"tween":true,"key":"alpha"}]}},{"target":12,"keyframes":{"alpha":[{"index":0,"target":12,"tweenMethod":"linearNone","value":0,"label":null,"tween":true,"key":"alpha"},{"index":3,"target":12,"tweenMethod":"linearNone","value":1,"label":null,"tween":true,"key":"alpha"},{"index":6,"target":12,"tweenMethod":"linearNone","value":0,"label":null,"tween":true,"key":"alpha"}]}},{"target":16,"keyframes":{"alpha":[{"index":0,"target":16,"tweenMethod":"linearNone","value":0,"label":null,"tween":true,"key":"alpha"},{"index":3,"target":16,"tweenMethod":"linearNone","value":1,"label":null,"tween":true,"key":"alpha"},{"index":6,"target":16,"tweenMethod":"linearNone","value":0,"label":null,"tween":true,"key":"alpha"}]}},{"target":18,"keyframes":{"alpha":[{"index":0,"target":18,"tweenMethod":"linearNone","value":0,"label":null,"tween":true,"key":"alpha"},{"index":3,"target":18,"tweenMethod":"linearNone","value":1,"label":null,"tween":true,"key":"alpha"},{"index":6,"target":18,"tweenMethod":"linearNone","value":0,"label":null,"tween":true,"key":"alpha"}]}},{"target":20,"keyframes":{"alpha":[{"index":0,"target":20,"tweenMethod":"linearNone","value":0,"label":null,"tween":true,"key":"alpha"},{"index":3,"target":20,"tweenMethod":"linearNone","value":1,"label":null,"tween":true,"key":"alpha"},{"index":6,"target":20,"tweenMethod":"linearNone","value":0,"label":null,"tween":true,"key":"alpha"}]}},{"target":22,"keyframes":{"alpha":[{"index":0,"target":22,"tweenMethod":"linearNone","value":0,"label":null,"tween":true,"key":"alpha"},{"index":3,"target":22,"tweenMethod":"linearNone","value":1,"label":null,"tween":true,"key":"alpha"},{"index":6,"target":22,"tweenMethod":"linearNone","value":0,"label":null,"tween":true,"key":"alpha"}]}},{"target":24,"keyframes":{"alpha":[{"index":0,"target":24,"tweenMethod":"linearNone","value":0,"label":null,"tween":true,"key":"alpha"},{"index":3,"target":24,"tweenMethod":"linearNone","value":1,"label":null,"tween":true,"key":"alpha"},{"index":6,"target":24,"tweenMethod":"linearNone","value":0,"label":null,"tween":true,"key":"alpha"}]}},{"target":26,"keyframes":{"alpha":[{"index":0,"target":26,"tweenMethod":"linearNone","value":0,"label":null,"tween":true,"key":"alpha"},{"index":3,"target":26,"tweenMethod":"linearNone","value":1,"label":null,"tween":true,"key":"alpha"},{"index":6,"target":26,"tweenMethod":"linearNone","value":0,"label":null,"tween":true,"key":"alpha"}]}},{"target":28,"keyframes":{"alpha":[{"index":0,"target":28,"tweenMethod":"linearNone","value":0,"label":null,"tween":true,"key":"alpha"},{"index":3,"target":28,"tweenMethod":"linearNone","value":1,"label":null,"tween":true,"key":"alpha"},{"index":6,"target":28,"tweenMethod":"linearNone","value":0,"label":null,"tween":true,"key":"alpha"}]}},{"target":8,"keyframes":{"alpha":[{"index":0,"target":8,"tweenMethod":"linearNone","value":1,"tween":true,"key":"alpha"},{"index":3,"target":8,"tweenMethod":"linearNone","value":0,"tween":true,"key":"alpha"},{"index":6,"target":8,"tweenMethod":"linearNone","value":1,"tween":true,"key":"alpha"}],"blendMode":[{"index":0,"target":8,"tweenMethod":"linearNone","value":"","tween":false,"key":"blendMode"}]}}],"frameRate":24,"name":"bingoAnim","id":1}],"child":[{"compId":36,"type":"Image","props":{"sizeGrid":"7,9,8,6","height":1280,"width":720,"skin":"tex/lobby_buttom_black.png","var":"bg","alpha":0.8}},{"compId":91,"child":[{"compId":99,"child":[{"compId":6,"type":"Image","props":{"x":3,"name":"border","skin":"tex/zhuanpan_di.png"}},{"compId":7,"child":[{"compId":79,"child":[{"compId":83,"type":"Image","props":{"name":"icon","scaleX":0.55,"scaleY":0.55,"presetID":2,"height":139,"width":242,"anchorX":0.5,"skin":"tex/windows_icon_offlinezuanshi.png","y":180,"x":-3,"rotation":180,"anchorY":0.5}},{"compId":84,"type":"Label","props":{"name":"lbl","text":"X8888.88万","align":"center","scaleX":0.28,"scaleY":0.28,"presetID":3,"anchorY":0.5,"anchorX":0.5,"valign":"middle","y":238,"x":0,"rotation":180,"font":"number_3"}}],"type":"Sprite","props":{"presetID":1,"height":278,"width":20,"isPresetRoot":true,"y":278,"x":278,"rotation":180}},{"compId":80,"child":[{"compId":85,"type":"Image","props":{"name":"icon","scaleX":0.55,"scaleY":0.55,"presetID":2,"height":139,"width":242,"anchorX":0.5,"skin":"tex/windows_icon_offlinezuanshi.png","y":180,"x":-3,"rotation":180,"anchorY":0.5}},{"compId":86,"type":"Label","props":{"name":"lbl","text":"X8888.88万","align":"center","scaleX":0.28,"scaleY":0.28,"presetID":3,"anchorY":0.5,"anchorX":0.5,"valign":"middle","y":238,"x":0,"rotation":180,"font":"number_3"}}],"type":"Sprite","props":{"presetID":1,"height":278,"width":20,"isPresetRoot":true,"y":278,"x":278,"rotation":225}},{"compId":81,"child":[{"compId":87,"type":"Image","props":{"name":"icon","scaleX":0.55,"scaleY":0.55,"presetID":2,"height":139,"width":242,"anchorX":0.5,"skin":"tex/windows_icon_offlinezuanshi.png","y":180,"x":-3,"rotation":180,"anchorY":0.5}},{"compId":88,"type":"Label","props":{"name":"lbl","text":"X8888.88万","align":"center","scaleX":0.28,"scaleY":0.28,"presetID":3,"anchorY":0.5,"anchorX":0.5,"valign":"middle","y":238,"x":0,"rotation":180,"font":"number_3"}}],"type":"Sprite","props":{"presetID":1,"height":278,"width":20,"isPresetRoot":true,"y":279,"x":278,"rotation":270}},{"compId":82,"child":[{"compId":89,"type":"Image","props":{"name":"icon","scaleX":0.55,"scaleY":0.55,"presetID":2,"height":139,"width":242,"anchorX":0.5,"skin":"tex/windows_icon_offlinezuanshi.png","y":180,"x":-3,"rotation":180,"anchorY":0.5}},{"compId":90,"type":"Label","props":{"name":"lbl","text":"X8888.88万","align":"center","scaleX":0.28,"scaleY":0.28,"presetID":3,"anchorY":0.5,"anchorX":0.5,"valign":"middle","y":238,"x":0,"rotation":180,"font":"number_3"}}],"type":"Sprite","props":{"presetID":1,"height":278,"width":20,"isPresetRoot":true,"y":279,"x":278,"rotation":315}},{"compId":46,"child":[{"compId":47,"type":"Image","props":{"name":"icon","scaleX":0.55,"scaleY":0.55,"presetID":2,"height":139,"width":242,"anchorX":0.5,"skin":"tex/windows_icon_offlinezuanshi.png","y":180,"x":-3,"rotation":180,"anchorY":0.5}},{"compId":48,"type":"Label","props":{"name":"lbl","text":"X8888.88万","align":"center","scaleX":0.28,"scaleY":0.28,"presetID":3,"anchorY":0.5,"anchorX":0.5,"valign":"middle","y":238,"x":0,"rotation":180,"font":"number_3"}}],"type":"Sprite","props":{"presetID":1,"height":278,"width":20,"isPresetRoot":true,"y":279,"x":278}},{"compId":70,"child":[{"compId":71,"type":"Image","props":{"name":"icon","scaleX":0.55,"scaleY":0.55,"presetID":2,"height":139,"width":242,"anchorX":0.5,"skin":"tex/windows_icon_offlinezuanshi.png","y":180,"x":-3,"rotation":180,"anchorY":0.5}},{"compId":72,"type":"Label","props":{"name":"lbl","text":"X8888.88万","align":"center","scaleX":0.28,"scaleY":0.28,"presetID":3,"anchorY":0.5,"anchorX":0.5,"valign":"middle","y":238,"x":0,"rotation":180,"font":"number_3"}}],"type":"Sprite","props":{"presetID":1,"height":278,"width":20,"isPresetRoot":true,"y":279,"x":278,"rotation":45}},{"compId":73,"child":[{"compId":75,"type":"Image","props":{"name":"icon","scaleX":0.55,"scaleY":0.55,"presetID":2,"height":139,"width":242,"anchorX":0.5,"skin":"tex/windows_icon_offlinezuanshi.png","y":180,"x":-3,"rotation":180,"anchorY":0.5}},{"compId":76,"type":"Label","props":{"name":"lbl","text":"X8888.88万","align":"center","scaleX":0.28,"scaleY":0.28,"presetID":3,"anchorY":0.5,"anchorX":0.5,"valign":"middle","y":238,"x":0,"rotation":180,"font":"number_3"}}],"type":"Sprite","props":{"presetID":1,"height":278,"width":20,"isPresetRoot":true,"y":279,"x":278,"rotation":90}},{"compId":74,"child":[{"compId":77,"type":"Image","props":{"name":"icon","scaleX":0.55,"scaleY":0.55,"presetID":2,"height":139,"width":242,"anchorX":0.5,"skin":"tex/windows_icon_offlinezuanshi.png","y":180,"x":-3,"rotation":180,"anchorY":0.5}},{"compId":78,"type":"Label","props":{"name":"lbl","text":"X8888.88万","align":"center","scaleX":0.28,"scaleY":0.28,"presetID":3,"anchorY":0.5,"anchorX":0.5,"valign":"middle","y":238,"x":0,"rotation":180,"font":"number_3"}}],"type":"Sprite","props":{"presetID":1,"height":278,"width":20,"isPresetRoot":true,"y":279,"x":278,"rotation":135}}],"type":"Image","props":{"width":556,"pivotX":278,"pivotY":278,"height":556,"var":"wheel","skin":"tex/zhuanpan_pan.png","y":397,"x":322}},{"compId":9,"type":"Image","props":{"y":240,"x":208,"name":"pointer","skin":"tex/zhuanpan_zhong.png"}},{"compId":35,"child":[{"compId":11,"type":"Image","props":{"y":185,"x":578,"alpha":0,"skin":"tex/zhuanpan_light.png"}},{"compId":12,"type":"Image","props":{"y":299,"x":602,"alpha":1,"skin":"tex/zhuanpan_light.png"}},{"compId":15,"type":"Image","props":{"y":414,"x":578,"alpha":0,"skin":"tex/zhuanpan_light.png"}},{"compId":16,"type":"Image","props":{"y":512,"x":515,"alpha":1,"skin":"tex/zhuanpan_light.png"}},{"compId":17,"type":"Image","props":{"y":578,"x":416,"alpha":0,"skin":"tex/zhuanpan_light.png"}},{"compId":18,"type":"Image","props":{"y":601,"x":301,"alpha":1,"skin":"tex/zhuanpan_light.png"}},{"compId":19,"type":"Image","props":{"y":578,"x":185,"alpha":0,"skin":"tex/zhuanpan_light.png"}},{"compId":20,"type":"Image","props":{"y":514,"x":87,"alpha":1,"skin":"tex/zhuanpan_light.png"}},{"compId":21,"type":"Image","props":{"y":415,"x":22,"alpha":0,"skin":"tex/zhuanpan_light.png"}},{"compId":22,"type":"Image","props":{"y":299,"alpha":1,"skin":"tex/zhuanpan_light.png"}},{"compId":23,"type":"Image","props":{"y":184,"x":22,"alpha":0,"skin":"tex/zhuanpan_light.png"}},{"compId":24,"type":"Image","props":{"y":87,"x":88,"alpha":1,"skin":"tex/zhuanpan_light.png"}},{"compId":25,"type":"Image","props":{"y":22,"x":186,"alpha":0,"skin":"tex/zhuanpan_light.png"}},{"compId":26,"type":"Image","props":{"x":301,"alpha":1,"skin":"tex/zhuanpan_light.png"}},{"compId":27,"type":"Image","props":{"y":22,"x":416,"alpha":0,"skin":"tex/zhuanpan_light.png"}},{"compId":28,"type":"Image","props":{"y":87,"x":513,"alpha":1,"skin":"tex/zhuanpan_light.png"}},{"compId":8,"type":"Image","props":{"y":36,"x":210,"alpha":0,"name":"target_light","skin":"tex/zhuanpan_bingo.png"}}],"type":"Sprite","props":{"y":75,"name":"border_light"}},{"compId":42,"child":[{"compId":34,"type":"Image","props":{"y":-0.15079365079117224,"x":-0.5,"skin":"tex/zhuanpan_btn.png","stateNum":1}},{"compId":30,"type":"Label","props":{"text":"X3","align":"left","scaleX":0.6,"scaleY":0.6,"var":"lblTickets","y":27.849206349208828,"x":66.5,"font":"number_1"}},{"compId":29,"type":"Image","props":{"y":33,"x":27,"skin":"tex/zhuanpan_quan.png"}},{"compId":31,"type":"Image","props":{"y":75.84920634920883,"x":16.5,"skin":"tex/zhuanpan_fnt2.png"}},{"compId":44,"type":"Script","props":{"runtime":"script/ScaleBtn.ts"}}],"type":"Sprite","props":{"width":144,"pivotX":72,"pivotY":72,"height":145,"var":"btnLottery","y":394,"x":322}},{"compId":43,"child":[{"compId":32,"child":[{"compId":33,"type":"Label","props":{"text":"X1","align":"left","scaleX":0.5,"scaleY":0.5,"var":"lblGetTickets","y":4,"x":300,"font":"number_1"}},{"compId":92,"type":"Label","props":{"text":"59:59","align":"right","scaleX":0.25,"scaleY":0.25,"anchorX":1,"anchorY":0.5,"var":"lblCountDown","valign":"middle","y":54,"x":83,"font":"number_3"}}],"type":"Image","props":{"y":0,"x":-25.5,"skin":"tex/zhuanpan_buttom.png"}},{"compId":37,"child":[{"compId":38,"type":"Image","props":{"y":29,"var":"btnTxt","mouseEnabled":false,"centerX":25,"skin":"tex/zhuanpan_fnt3.png"}},{"compId":39,"type":"Image","props":{"y":24,"x":32,"skin":"tex/windows_icon_play.png","var":"btnIco"}},{"compId":40,"type":"Script","props":{"y":0,"x":0,"runtime":"script/ScaleBtn.ts"}}],"type":"Button","props":{"width":260,"skin":"tex/pure/lobby_btn_blue.png","anchorX":0.5,"height":91,"var":"btnGetTickets","stateNum":1,"y":154,"x":179,"anchorY":0.5,"sizeGrid":"10,10,16,10"}},{"compId":41,"type":"Sprite","props":{"y":211,"x":11,"texture":"tex/zhuanpan_fnt.png","visible":false}}],"type":"Sprite","props":{"y":723,"x":142,"name":"ticketPnl"}},{"compId":100,"type":"Script","props":{"runtime":"script/ForIPad.ts"}}],"type":"Sprite","props":{"pivotX":323,"pivotY":461,"height":923,"width":645,"y":461,"x":322}},{"compId":95,"child":[{"compId":94,"type":"Sprite","props":{"y":9,"x":10,"texture":"tex/fnt_windows_btn_close.png"}},{"compId":98,"type":"Script","props":{"runtime":"script/ScaleBtn.ts"}}],"type":"Sprite","props":{"width":80,"pivotX":40,"pivotY":30,"height":50,"var":"btnClose","y":963,"x":320.5}},{"compId":45,"type":"Script","props":{"runtime":"script/DialogEffect.ts"}}],"type":"Box","props":{"anchorX":0.5,"anchorY":0.5,"width":644,"centerX":0,"centerY":-70,"var":"_dialog","height":958}}],"type":"Scene","props":{"width":720,"autoDestroyAtClosed":true,"runtime":"view/LotteryView.ts","height":1280},"loadList":["tex/lobby_buttom_black.png","tex/zhuanpan_di.png","tex/zhuanpan_pan.png","view/LotteryItem.prefab","tex/zhuanpan_zhong.png","tex/zhuanpan_light.png","tex/zhuanpan_bingo.png","tex/zhuanpan_btn.png","tex/zhuanpan_quan.png","tex/zhuanpan_fnt2.png","tex/zhuanpan_buttom.png","tex/pure/lobby_btn_blue.png","tex/zhuanpan_fnt3.png","tex/windows_icon_play.png","tex/zhuanpan_fnt.png","tex/fnt_windows_btn_close.png","tex/windows_icon_offlinezuanshi.png"],"loadList3D":[]}