[{"__type__":"cc.Prefab","_name":"jianhp","data":{"__id__":1}},{"__type__":"cc.Node","_name":"jianhp","_components":[{"__type__":"169900iLpFDSrelEizBDC4Z","node":{"__id__":1},"_materials":[{"__uuid__":"ecpdLyjvZBwrvm+cedCcQy"}],"_string":"-10","_N$string":"-10","_fontSize":38,"_N$file":{"__uuid__":"37V08FLQdFjYQEejjPS/5t"},"_isSystemFontUsed":false,"_styleFlags":1,"_N$horizontalAlign":1,"_N$verticalAlign":1,"_N$cacheMode":2}],"_prefab":{"__type__":"cc.PrefabInfo","root":{"__id__":1}},"_contentSize":{"__type__":"cc.Size","width":63.33,"height":40},"_trs":{"__type__":"TypedArray","ctor":"Float64Array","array":[576,647,0,0,0,0,1,1,1,1]}}]