[
  {
    "__type__": "cc.SpriteFrame",
    "content": {
      "name": "empty1356",
      "texture": "88tn/jEb1IUJjk+yo6qwK0",
      "rect": [
        0,
        0,
        2,
        2
      ],
      "offset": [
        0,
        0
      ],
      "originalSize": [
        2,
        2
      ],
      "capInsets": [
        0,
        0,
        0,
        0
      ]
    }
  },
  [
    {
      "__type__": "cc.Prefab",
      "_name": "SuccessUI",
      "data": {
        "__id__": 1
      }
    },
    {
      "__type__": "cc.Node",
      "_name": "SuccessUI",
      "_children": [
        {
          "__id__": 2
        },
        {
          "__id__": 3
        },
        {
          "__id__": 8
        },
        {
          "__id__": 9
        },
        {
          "__id__": 10
        }
      ],
      "_level": 1,
      "_components": [
        {
          "__type__": "cc.BlockInputEvents",
          "node": {
            "__id__": 1
          }
        },
        {
          "__type__": "03338xvlLJJk689HcyBMbmU",
          "node": {
            "__id__": 1
          },
          "sortOrder": 2
        }
      ],
      "_prefab": {
        "__type__": "cc.PrefabInfo",
        "root": {
          "__id__": 1
        },
        "asset": {
          "__uuid__": "7byI2AontENZRbjEqz9hp2"
        },
        "fileId": "65+Kn1IX5G5KNqvBvLBS6n"
      },
      "_contentSize": {
        "__type__": "cc.Size",
        "width": 750,
        "height": 1334
      },
      "groupIndex": 1
    },
    {
      "__type__": "cc.Node",
      "_name": "Back",
      "_parent": {
        "__id__": 1
      },
      "_level": 2,
      "_components": [
        {
          "__type__": "cc.Sprite",
          "node": {
            "__id__": 2
          },
          "_materials": [
            {
              "__uuid__": "ecpdLyjvZBwrvm+cedCcQy"
            }
          ],
          "_spriteFrame": {
            "__uuid__": "20MsNZ+lVL5IUu6DD9FWlF"
          },
          "_sizeMode": 0,
          "_isTrimmedMode": false
        },
        {
          "__type__": "cc.Widget",
          "node": {
            "__id__": 2
          },
          "alignMode": 0,
          "_alignFlags": 45,
          "_top": -173,
          "_bottom": -173,
          "_originalWidth": 720,
          "_originalHeight": 1280
        }
      ],
      "_prefab": {
        "__type__": "cc.PrefabInfo",
        "root": {
          "__id__": 1
        },
        "asset": {
          "__uuid__": "7byI2AontENZRbjEqz9hp2"
        },
        "fileId": "95fjW4syNIfZWQsmFi4a/y"
      },
      "_opacity": 128,
      "_color": {
        "__type__": "cc.Color"
      },
      "_contentSize": {
        "__type__": "cc.Size",
        "width": 750,
        "height": 1680
      },
      "groupIndex": 1
    },
    {
      "__type__": "cc.Node",
      "_name": "Buttons",
      "_parent": {
        "__id__": 1
      },
      "_children": [
        {
          "__id__": 4
        },
        {
          "__id__": 5
        },
        {
          "__id__": 6
        },
        {
          "__id__": 7
        }
      ],
      "_level": 2,
      "_prefab": {
        "__type__": "cc.PrefabInfo",
        "root": {
          "__id__": 1
        },
        "asset": {
          "__uuid__": "7byI2AontENZRbjEqz9hp2"
        },
        "fileId": "f7hz6mpQ1HH4uykTG9oR2c"
      },
      "_contentSize": {
        "__type__": "cc.Size",
        "width": 336,
        "height": 112
      },
      "_position": {
        "__type__": "cc.Vec3",
        "x": -3.073,
        "y": -322.879
      },
      "groupIndex": 1
    },
    {
      "__type__": "cc.Node",
      "_name": "Next",
      "_parent": {
        "__id__": 3
      },
      "_level": 3,
      "_components": [
        {
          "__type__": "cc.Sprite",
          "node": {
            "__id__": 4
          },
          "_materials": [
            {
              "__uuid__": "ecpdLyjvZBwrvm+cedCcQy"
            }
          ],
          "_spriteFrame": {
            "__uuid__": "c5TYm+URZFK6rkqxOEv+NG"
          },
          "_sizeMode": 2,
          "_isTrimmedMode": false
        },
        {
          "__type__": "cc.Button",
          "node": {
            "__id__": 4
          },
          "zoomScale": 0.9,
          "clickEvents": [
            {
              "__type__": "cc.ClickEvent",
              "target": {
                "__id__": 1
              },
              "_componentId": "03338xvlLJJk689HcyBMbmU",
              "handler": "next"
            }
          ],
          "_N$transition": 3,
          "transition": 3,
          "_N$target": {
            "__id__": 4
          }
        }
      ],
      "_prefab": {
        "__type__": "cc.PrefabInfo",
        "root": {
          "__id__": 1
        },
        "asset": {
          "__uuid__": "7byI2AontENZRbjEqz9hp2"
        },
        "fileId": "9ex0xk3RVC1qs6PJQpxWb+"
      },
      "_contentSize": {
        "__type__": "cc.Size",
        "width": 336,
        "height": 112
      },
      "_position": {
        "__type__": "cc.Vec3",
        "y": 116.812
      },
      "groupIndex": 1
    },
    {
      "__type__": "cc.Node",
      "_name": "Main",
      "_parent": {
        "__id__": 3
      },
      "_level": 3,
      "_components": [
        {
          "__type__": "cc.Sprite",
          "node": {
            "__id__": 5
          },
          "_materials": [
            {
              "__uuid__": "ecpdLyjvZBwrvm+cedCcQy"
            }
          ],
          "_spriteFrame": {
            "__uuid__": "7fSxm0l2tH9pRR5itihCwm"
          },
          "_sizeMode": 2,
          "_isTrimmedMode": false
        },
        {
          "__type__": "cc.Button",
          "node": {
            "__id__": 5
          },
          "zoomScale": 0.9,
          "clickEvents": [
            {
              "__type__": "cc.ClickEvent",
              "target": {
                "__id__": 1
              },
              "_componentId": "03338xvlLJJk689HcyBMbmU",
              "handler": "close"
            }
          ],
          "_N$transition": 3,
          "transition": 3,
          "_N$target": {
            "__id__": 5
          }
        }
      ],
      "_prefab": {
        "__type__": "cc.PrefabInfo",
        "root": {
          "__id__": 1
        },
        "asset": {
          "__uuid__": "7byI2AontENZRbjEqz9hp2"
        },
        "fileId": "e2tCBLdBlHS7TehMHdYXT0"
      },
      "_contentSize": {
        "__type__": "cc.Size",
        "width": 91,
        "height": 50
      },
      "_position": {
        "__type__": "cc.Vec3",
        "x": -282.603,
        "y": 745.899
      },
      "_scale": {
        "__type__": "cc.Vec3",
        "x": 1.5,
        "y": 1.5,
        "z": 1
      },
      "groupIndex": 1
    },
    {
      "__type__": "cc.Node",
      "_name": "Replay",
      "_parent": {
        "__id__": 3
      },
      "_active": false,
      "_level": 3,
      "_components": [
        {
          "__type__": "cc.Button",
          "node": {
            "__id__": 6
          },
          "zoomScale": 0.9,
          "clickEvents": [
            {
              "__type__": "cc.ClickEvent",
              "target": {
                "__id__": 1
              },
              "_componentId": "03338xvlLJJk689HcyBMbmU",
              "handler": "close"
            }
          ],
          "_N$transition": 3,
          "transition": 3,
          "_N$target": {
            "__id__": 6
          }
        }
      ],
      "_prefab": {
        "__type__": "cc.PrefabInfo",
        "root": {
          "__id__": 1
        },
        "asset": {
          "__uuid__": "7byI2AontENZRbjEqz9hp2"
        },
        "fileId": "e3RZ/fkP9GPJVZxpYq9bw/"
      },
      "_contentSize": {
        "__type__": "cc.Size",
        "width": 106,
        "height": 112
      },
      "_position": {
        "__type__": "cc.Vec3",
        "x": 250
      },
      "groupIndex": 1
    },
    {
      "__type__": "cc.Node",
      "_name": "NextTextSprite",
      "_parent": {
        "__id__": 3
      },
      "_level": 3,
      "_components": [
        {
          "__type__": "cc.Label",
          "node": {
            "__id__": 7
          },
          "_materials": [
            {
              "__uuid__": "ecpdLyjvZBwrvm+cedCcQy"
            }
          ],
          "_string": "Next",
          "_N$string": "Next"
        },
        {
          "__type__": "cc.LabelOutline",
          "node": {
            "__id__": 7
          },
          "_color": {
            "__type__": "cc.Color"
          },
          "_width": 2
        }
      ],
      "_prefab": {
        "__type__": "cc.PrefabInfo",
        "root": {
          "__id__": 1
        },
        "asset": {
          "__uuid__": "7byI2AontENZRbjEqz9hp2"
        },
        "fileId": "e3O4B3DMdOf7l08qd4du9y"
      },
      "_contentSize": {
        "__type__": "cc.Size",
        "width": 86.25,
        "height": 54.4
      },
      "_position": {
        "__type__": "cc.Vec3",
        "y": 116.812
      },
      "groupIndex": 1
    },
    {
      "__type__": "cc.Node",
      "_name": "TitleTextSprite",
      "_parent": {
        "__id__": 1
      },
      "_active": false,
      "_level": 2,
      "_components": [
        {
          "__type__": "cc.Sprite",
          "node": {
            "__id__": 8
          },
          "_materials": [
            {
              "__uuid__": "ecpdLyjvZBwrvm+cedCcQy"
            }
          ],
          "_spriteFrame": {
            "__uuid__": "f8jOkQ601OTpn4MNBHQA0H"
          },
          "_sizeMode": 2,
          "_isTrimmedMode": false
        }
      ],
      "_prefab": {
        "__type__": "cc.PrefabInfo",
        "root": {
          "__id__": 1
        },
        "asset": {
          "__uuid__": "7byI2AontENZRbjEqz9hp2"
        },
        "fileId": "0278E1rv9P3JBcl0NqNoAr"
      },
      "_contentSize": {
        "__type__": "cc.Size",
        "width": 323,
        "height": 85
      },
      "_position": {
        "__type__": "cc.Vec3",
        "y": -31.845
      },
      "groupIndex": 1
    },
    {
      "__type__": "cc.Node",
      "_name": "New Label",
      "_parent": {
        "__id__": 1
      },
      "_level": 2,
      "_components": [
        {
          "__type__": "cc.Label",
          "node": {
            "__id__": 9
          },
          "_materials": [
            {
              "__uuid__": "ecpdLyjvZBwrvm+cedCcQy"
            }
          ],
          "_useOriginalSize": false,
          "_string": "Success",
          "_N$string": "Success",
          "_fontSize": 100,
          "_lineHeight": 100,
          "_N$horizontalAlign": 1,
          "_N$verticalAlign": 1
        },
        {
          "__type__": "cc.LabelOutline",
          "node": {
            "__id__": 9
          },
          "_color": {
            "__type__": "cc.Color",
            "r": 238,
            "g": 238
          }
        }
      ],
      "_prefab": {
        "__type__": "cc.PrefabInfo",
        "root": {
          "__id__": 1
        },
        "asset": {
          "__uuid__": "7byI2AontENZRbjEqz9hp2"
        },
        "fileId": "f6vU15hhFPAr5YPUUlJtWw"
      },
      "_contentSize": {
        "__type__": "cc.Size",
        "width": 379.93,
        "height": 128
      }
    },
    {
      "__type__": "cc.Node",
      "_name": "Level",
      "_parent": {
        "__id__": 1
      },
      "_level": 2,
      "_components": [
        {
          "__type__": "cc.Label",
          "node": {
            "__id__": 10
          },
          "_materials": [
            {
              "__uuid__": "ecpdLyjvZBwrvm+cedCcQy"
            }
          ],
          "_string": "1",
          "_N$string": "1"
        }
      ],
      "_prefab": {
        "__type__": "cc.PrefabInfo",
        "root": {
          "__id__": 1
        },
        "asset": {
          "__uuid__": "7byI2AontENZRbjEqz9hp2"
        },
        "fileId": "66N0isvx9JtrncSHJKEssE"
      },
      "_contentSize": {
        "__type__": "cc.Size",
        "width": 22.25,
        "height": 50.4
      },
      "_position": {
        "__type__": "cc.Vec3",
        "x": -2.531,
        "y": 202.873
      },
      "groupIndex": 1
    }
  ],
  {
    "__type__": "cc.SpriteFrame",
    "content": {
      "name": "back4532",
      "texture": "3b7chbJxBLiIuRiSFasrC+",
      "rect": [
        0,
        0,
        91,
        50
      ],
      "offset": [
        0,
        0
      ],
      "originalSize": [
        91,
        50
      ],
      "capInsets": [
        0,
        0,
        0,
        0
      ]
    }
  },
  {
    "__type__": "cc.SpriteFrame",
    "content": {
      "name": "button11239",
      "texture": "edyC3E/NRNl7ELWBM92Uv2",
      "rect": [
        0,
        0,
        336,
        112
      ],
      "offset": [
        0,
        0
      ],
      "originalSize": [
        336,
        112
      ],
      "capInsets": [
        20,
        20,
        20,
        20
      ]
    }
  },
  {
    "__type__": "cc.SpriteFrame",
    "content": {
      "name": "success_title",
      "texture": "bber9idBlF9Idt0PLrzGlc",
      "rect": [
        2,
        548,
        323,
        85
      ],
      "offset": [
        0,
        0
      ],
      "originalSize": [
        323,
        85
      ],
      "capInsets": [
        0,
        0,
        0,
        0
      ]
    }
  }
]