[
  {
    "__type__": "cc.SpriteFrame",
    "content": {
      "name": "stone1",
      "texture": "bber9idBlF9Idt0PLrzGlc",
      "rect": [
        210,
        1387,
        49,
        57
      ],
      "offset": [
        0,
        0
      ],
      "originalSize": [
        49,
        57
      ],
      "rotated": 1,
      "capInsets": [
        0,
        0,
        0,
        0
      ]
    }
  },
  [
    {
      "__type__": "cc.Prefab",
      "_name": "GemLabel",
      "data": {
        "__id__": 1
      }
    },
    {
      "__type__": "cc.Node",
      "_name": "GemLabel",
      "_children": [
        {
          "__id__": 2
        },
        {
          "__id__": 3
        }
      ],
      "_level": 1,
      "_components": [
        {
          "__type__": "cc.Layout",
          "node": {
            "__id__": 1
          },
          "_layoutSize": {
            "__type__": "cc.Size",
            "width": 49,
            "height": 60
          },
          "_resize": 1,
          "_N$layoutType": 1
        }
      ],
      "_prefab": {
        "__type__": "cc.PrefabInfo",
        "root": {
          "__id__": 1
        },
        "asset": {
          "__uuid__": "cfv+c1vZdIuLDeFk8OWQwR"
        },
        "fileId": "a5hgcIvi1HbIBVJb1c2vXv"
      },
      "_contentSize": {
        "__type__": "cc.Size",
        "width": 49,
        "height": 60
      },
      "_anchorPoint": {
        "__type__": "cc.Vec2",
        "x": 0.57,
        "y": 0.5
      },
      "_zIndex": 0
    },
    {
      "__type__": "cc.Node",
      "_name": "Label",
      "_parent": {
        "__id__": 1
      },
      "_level": 2,
      "_components": [
        {
          "__type__": "cc.Label",
          "node": {
            "__id__": 2
          },
          "_fontSize": 36,
          "_lineHeight": 60
        }
      ],
      "_prefab": {
        "__type__": "cc.PrefabInfo",
        "root": {
          "__id__": 1
        },
        "asset": {
          "__uuid__": "cfv+c1vZdIuLDeFk8OWQwR"
        },
        "fileId": "5dIVtCsKJM5a8y3pUx595R"
      },
      "_color": {
        "__type__": "cc.Color",
        "r": 140,
        "g": 218,
        "b": 255
      },
      "_contentSize": {
        "__type__": "cc.Size",
        "height": 60
      },
      "_position": {
        "__type__": "cc.Vec3",
        "x": -27.929999999999996
      },
      "_zIndex": 0
    },
    {
      "__type__": "cc.Node",
      "_name": "Model",
      "_parent": {
        "__id__": 1
      },
      "_level": 2,
      "_components": [
        {
          "__type__": "cc.Sprite",
          "node": {
            "__id__": 3
          },
          "_spriteFrame": {
            "__uuid__": "05be20M4lGtLdrqpGeD0Lb"
          },
          "_sizeMode": 2,
          "_isTrimmedMode": false
        }
      ],
      "_prefab": {
        "__type__": "cc.PrefabInfo",
        "root": {
          "__id__": 1
        },
        "asset": {
          "__uuid__": "cfv+c1vZdIuLDeFk8OWQwR"
        },
        "fileId": "f0coQQyCFIiaU41H78s5US"
      },
      "_contentSize": {
        "__type__": "cc.Size",
        "width": 49,
        "height": 57
      },
      "_position": {
        "__type__": "cc.Vec3",
        "x": -3.429999999999996
      },
      "_scale": {
        "__type__": "cc.Vec3",
        "x": 0.6,
        "y": 0.6,
        "z": 1
      },
      "_zIndex": 0
    }
  ]
]