[{"__type__":"cc.SpriteFrame","content":{"name":"sbjy","texture":"01ZT8gUdBDTrKQLaIykrAA","rect":[3,4,43,29],"offset":[-0.5,-0.5],"originalSize":[50,36],"capInsets":[0,0,0,0]}},{"__type__":"cc.SpriteFrame","content":{"name":"xutiao4","texture":"01q55MFtROPqBlUqDcsTAA","rect":[0,0,80,12],"offset":[0,0],"originalSize":[80,12],"capInsets":[0,0,0,0]}},{"__type__":"cc.SpriteFrame","content":{"name":"shezhi","texture":"06w91PkcFCFaAvd/OwERAA","rect":[2,4,67,67],"offset":[-1,17.5],"originalSize":[73,110],"capInsets":[0,0,0,0]}},{"__type__":"cc.SpriteFrame","content":{"name":"qiandao","texture":"07or36tfFNb6P1tiTLU8AA","rect":[9,3,60,69],"offset":[0,23.5],"originalSize":[78,122],"capInsets":[0,0,0,0]}},{"__type__":"cc.SpriteFrame","content":{"name":"jineng","texture":"0cGv+6giVPQZycWcBgaKAA","rect":[1,5,64,57],"offset":[-3.5,23.5],"originalSize":[73,114],"capInsets":[0,0,0,0]}},{"__type__":"cc.SpriteFrame","content":{"name":"jia","texture":"18SB9I2RZB4qOBrlvyC6AA","rect":[0,0,70,60],"offset":[0,0],"originalSize":[70,60],"capInsets":[0,0,0,0]}},{"__type__":"cc.SpriteFrame","content":{"name":"lingqu","texture":"2aSbIN8zZIaI7+ZlQsg9AA","rect":[13,0,47,56],"offset":[0,27.5],"originalSize":[73,111],"capInsets":[0,0,0,0]}},{"__type__":"cc.SpriteFrame","content":{"name":"pifu","texture":"2aowoJwTpBuYVaAI8FzmAA","rect":[11,1,52,56],"offset":[0.5,27.5],"originalSize":[73,113],"capInsets":[0,0,0,0]}},{"__type__":"cc.SpriteFrame","content":{"name":"zt_btn","texture":"43pZcmavZJYZtF4ZAqnPAA","rect":[0,0,56,54],"offset":[0,0],"originalSize":[56,54],"capInsets":[0,0,0,0]}},{"__type__":"cc.SpriteFrame","content":{"name":"back","texture":"49LqF/MAVLE6cpg+W7TBAA","rect":[0,64,512,384],"offset":[0,0],"originalSize":[512,512],"capInsets":[0,0,0,0]}},{"__type__":"cc.SpriteFrame","content":{"name":"shiqiao","texture":"49fY3ApWVHoarsAc6cjLAA","rect":[0,0,348,315],"offset":[0,0],"originalSize":[348,315],"capInsets":[0,0,0,0]}},{"__type__":"cc.SpriteFrame","content":{"name":"gj","texture":"65im2G51NLY4p2jZHatbAA","rect":[0,0,145,143],"offset":[0,0],"originalSize":[145,143],"capInsets":[0,0,0,0]}},{"__type__":"cc.SpriteFrame","content":{"name":"tiao","texture":"73zxOqpCJECpmvHVMmzRAA","rect":[0,0,82,79],"offset":[0,0],"originalSize":[82,79],"capInsets":[0,0,0,0]}},{"__type__":"cc.SpriteFrame","content":{"name":"logo","texture":"7ayFGucKhOzYWqaXUyw4AA","rect":[1,0,444,212],"offset":[-2.5,3.5],"originalSize":[451,219],"capInsets":[0,0,0,0]}},{"__type__":"cc.SpriteFrame","content":{"name":"touquan","texture":"94G447DhxMmLwn5jSig9AA","rect":[0,0,70,70],"offset":[0,0],"originalSize":[70,70],"capInsets":[0,0,0,0]}},[{"__type__":"cc.SceneAsset","_name":"main","scene":{"__id__":1},"asyncLoadAssets":null},{"__type__":"cc.Scene","_name":"New Node","_children":[{"__id__":2}],"_active":false,"_anchorPoint":{"__type__":"cc.Vec2"},"_trs":{"__type__":"TypedArray","ctor":"Float64Array","array":[0,0,0,0,0,0,1,1,1,1]}},{"__type__":"cc.Node","_name":"Canvas","_parent":{"__id__":1},"_children":[{"__id__":3},{"__id__":4},{"__id__":7},{"__id__":32},{"__id__":48},{"__id__":49},{"__id__":50},{"__id__":74},{"__id__":100},{"__id__":101},{"__id__":106},{"__id__":107}],"_components":[{"__type__":"cc.Canvas","node":{"__id__":2},"_designResolution":{"__type__":"cc.Size","width":1280,"height":720},"_fitWidth":true},{"__type__":"cc.Widget","node":{"__id__":2},"_alignFlags":45},{"__type__":"150b46KzgdHj6CXkrDb8Fhn","node":{"__id__":2},"languageTxt":{"__uuid__":"28kY4HzIdDw7nt72sJ/YCb"}},{"__type__":"18eddDiY3BCNJod76PCr1TK","node":{"__id__":2}},{"__type__":"fdd51kkGMNJbIZT/mDguROT","node":{"__id__":2}}],"_contentSize":{"__type__":"cc.Size","width":1280,"height":720},"_trs":{"__type__":"TypedArray","ctor":"Float64Array","array":[640,360,0,0,0,0,1,1,1,1]},"_id":"88Q1YRGmhPFbAyELOOupt/"},{"__type__":"cc.Node","_name":"Main Camera","_parent":{"__id__":2},"_components":[{"__type__":"cc.Camera","node":{"__id__":3},"_clearFlags":7,"_backgroundColor":{"__type__":"cc.Color","r":88,"g":88,"b":88},"_depth":-1}],"_trs":{"__type__":"TypedArray","ctor":"Float64Array","array":[0,0,454.6633369868303,0,0,0,1,1,1,1]}},{"__type__":"cc.Node","_name":"bj","_parent":{"__id__":2},"_children":[{"__id__":5},{"__id__":6}],"_trs":{"__type__":"TypedArray","ctor":"Float64Array","array":[0,0,774.22671,0,0,0,1,1,1,1]}},{"__type__":"cc.Node","_name":"bjt","_parent":{"__id__":4},"_components":[{"__type__":"e97baXNkTtEN5txJxjMsMQL","node":{"__id__":5},"_materials":[{"__uuid__":"ecpdLyjvZBwrvm+cedCcQy"}],"_spriteFrame":{"__uuid__":"4dElDyaBBIxrE5MytuzsN9"}}],"_contentSize":{"__type__":"cc.Size","width":1700,"height":640},"_trs":{"__type__":"TypedArray","ctor":"Float64Array","array":[0,0,0,0,0,0,1,1.142,1.142,1.142]}},{"__type__":"cc.Node","_name":"zhanwei","_parent":{"__id__":4},"_components":[{"__type__":"e97baXNkTtEN5txJxjMsMQL","node":{"__id__":6},"_materials":[{"__uuid__":"ecpdLyjvZBwrvm+cedCcQy"}],"_spriteFrame":{"__uuid__":"49fY3ApWVHoarsAc6cjLPi"}}],"_contentSize":{"__type__":"cc.Size","width":348,"height":315},"_trs":{"__type__":"TypedArray","ctor":"Float64Array","array":[-331.1,-272.833,0,0,0,0,1,1,1,1]}},{"__type__":"cc.Node","_name":"kaishi_ui","_parent":{"__id__":2},"_children":[{"__id__":8},{"__id__":11},{"__id__":14},{"__id__":16},{"__id__":18},{"__id__":20},{"__id__":22},{"__id__":24},{"__id__":26},{"__id__":28},{"__id__":30}],"_trs":{"__type__":"TypedArray","ctor":"Float64Array","array":[-640,-360,0,0,0,0,1,1,1,1]}},{"__type__":"cc.Node","_name":"kaishi_btn","_parent":{"__id__":7},"_children":[{"__id__":9},{"__id__":10}],"_components":[{"__type__":"e97baXNkTtEN5txJxjMsMQL","node":{"__id__":8},"_materials":[{"__uuid__":"ecpdLyjvZBwrvm+cedCcQy"}],"_spriteFrame":{"__uuid__":"b9B/6YiKJOoJCWdrzwEBEL"}}],"_contentSize":{"__type__":"cc.Size","width":382,"height":176},"_trs":{"__type__":"TypedArray","ctor":"Float64Array","array":[985.684,441.597,0,0,0,0,1,1,1,1]}},{"__type__":"cc.Node","_name":"label","_parent":{"__id__":8},"_components":[{"__type__":"169900iLpFDSrelEizBDC4Z","node":{"__id__":9},"_materials":[{"__uuid__":"ecpdLyjvZBwrvm+cedCcQy"}],"_string":"v1.01","_N$string":"v1.01","_fontSize":28,"_N$horizontalAlign":1,"_N$verticalAlign":1}],"_contentSize":{"__type__":"cc.Size","width":68.5,"height":50.4},"_trs":{"__type__":"TypedArray","ctor":"Float64Array","array":[-139.652,61.826,0,0,0,0,1,1,1,1]}},{"__type__":"cc.Node","_name":"label","_parent":{"__id__":8},"_components":[{"__type__":"169900iLpFDSrelEizBDC4Z","node":{"__id__":10},"_materials":[{"__uuid__":"ecpdLyjvZBwrvm+cedCcQy"}],"_string":"开始游戏","_N$string":"开始游戏","_fontSize":32,"_styleFlags":1,"_N$horizontalAlign":1,"_N$verticalAlign":1},{"__type__":"cc.LabelOutline","node":{"__id__":10},"_color":{"__type__":"cc.Color"},"_width":4}],"_contentSize":{"__type__":"cc.Size","width":136,"height":58.4},"_anchorPoint":{"__type__":"cc.Vec2","x":1,"y":0.5},"_trs":{"__type__":"TypedArray","ctor":"Float64Array","array":[175.251,-13.681,0,0,0,0.052335956242943835,0.9986295347545738,1,1,1]},"_eulerAngles":{"__type__":"cc.Vec3","z":6}},{"__type__":"cc.Node","_name":"fuben_btn","_parent":{"__id__":7},"_children":[{"__id__":12},{"__id__":13}],"_components":[{"__type__":"e97baXNkTtEN5txJxjMsMQL","node":{"__id__":11},"_materials":[{"__uuid__":"ecpdLyjvZBwrvm+cedCcQy"}],"_spriteFrame":{"__uuid__":"fa0hWr2iVGUrNqf8sd03rd"}}],"_contentSize":{"__type__":"cc.Size","width":383,"height":163},"_trs":{"__type__":"TypedArray","ctor":"Float64Array","array":[985.472,291.124,0,0,0,0,1,1,1,1]}},{"__type__":"cc.Node","_name":"suo","_parent":{"__id__":11},"_components":[{"__type__":"e97baXNkTtEN5txJxjMsMQL","node":{"__id__":12},"_materials":[{"__uuid__":"ecpdLyjvZBwrvm+cedCcQy"}],"_spriteFrame":{"__uuid__":"5e2AsudONPpbwn9aB0NmQc"},"_sizeMode":0}],"_contentSize":{"__type__":"cc.Size","width":50,"height":50},"_trs":{"__type__":"TypedArray","ctor":"Float64Array","array":[780.111,-2.472,0,0,0,0,1,1,1,1]}},{"__type__":"cc.Node","_name":"label","_parent":{"__id__":11},"_components":[{"__type__":"169900iLpFDSrelEizBDC4Z","node":{"__id__":13},"_materials":[{"__uuid__":"ecpdLyjvZBwrvm+cedCcQy"}],"_string":"挑战","_N$string":"挑战","_fontSize":32,"_styleFlags":1,"_N$horizontalAlign":1,"_N$verticalAlign":1},{"__type__":"cc.LabelOutline","node":{"__id__":13},"_color":{"__type__":"cc.Color"},"_width":4}],"_contentSize":{"__type__":"cc.Size","width":72,"height":58.4},"_anchorPoint":{"__type__":"cc.Vec2","x":1,"y":0.5},"_trs":{"__type__":"TypedArray","ctor":"Float64Array","array":[172.398,-32.666,0,0,0,0.052335956242943835,0.9986295347545738,1,1,1]},"_eulerAngles":{"__type__":"cc.Vec3","z":6}},{"__type__":"cc.Node","_name":"me","_parent":{"__id__":7},"_children":[{"__id__":15}],"_components":[{"__type__":"e97baXNkTtEN5txJxjMsMQL","node":{"__id__":14},"_materials":[{"__uuid__":"ecpdLyjvZBwrvm+cedCcQy"}],"_spriteFrame":{"__uuid__":"2aowoJwTpBuYVaAI8Fzm3T"},"_sizeMode":2,"_isTrimmedMode":false}],"_contentSize":{"__type__":"cc.Size","width":73,"height":113},"_trs":{"__type__":"TypedArray","ctor":"Float64Array","array":[66.422,425.464,0,0,0,0,1,1,1,1]}},{"__type__":"cc.Node","_name":"New Label","_parent":{"__id__":14},"_components":[{"__type__":"169900iLpFDSrelEizBDC4Z","node":{"__id__":15},"_materials":[{"__uuid__":"ecpdLyjvZBwrvm+cedCcQy"}],"_useOriginalSize":false,"_string":"皮肤","_N$string":"皮肤","_fontSize":22,"_lineHeight":30,"_N$horizontalAlign":1,"_N$verticalAlign":1},{"__type__":"cc.LabelOutline","node":{"__id__":15},"_color":{"__type__":"cc.Color"},"_width":2}],"_contentSize":{"__type__":"cc.Size","width":48,"height":41.8},"_trs":{"__type__":"TypedArray","ctor":"Float64Array","array":[0,-15,0,0,0,0,1,1,1,1]}},{"__type__":"cc.Node","_name":"lingqu","_parent":{"__id__":7},"_children":[{"__id__":17}],"_components":[{"__type__":"e97baXNkTtEN5txJxjMsMQL","node":{"__id__":16},"_materials":[{"__uuid__":"ecpdLyjvZBwrvm+cedCcQy"}],"_spriteFrame":{"__uuid__":"2aSbIN8zZIaI7+ZlQsg9DC"},"_sizeMode":2,"_isTrimmedMode":false}],"_contentSize":{"__type__":"cc.Size","width":73,"height":111},"_trs":{"__type__":"TypedArray","ctor":"Float64Array","array":[64.342,299.452,0,0,0,0,1,1,1,1]}},{"__type__":"cc.Node","_name":"New Label","_parent":{"__id__":16},"_components":[{"__type__":"169900iLpFDSrelEizBDC4Z","node":{"__id__":17},"_materials":[{"__uuid__":"ecpdLyjvZBwrvm+cedCcQy"}],"_useOriginalSize":false,"_string":"奖励","_N$string":"奖励","_fontSize":22,"_lineHeight":30,"_N$horizontalAlign":1,"_N$verticalAlign":1},{"__type__":"cc.LabelOutline","node":{"__id__":17},"_color":{"__type__":"cc.Color"},"_width":2}],"_contentSize":{"__type__":"cc.Size","width":48,"height":41.8},"_trs":{"__type__":"TypedArray","ctor":"Float64Array","array":[0,-15,0,0,0,0,1,1,1,1]}},{"__type__":"cc.Node","_name":"shuangbeijy","_parent":{"__id__":7},"_children":[{"__id__":19}],"_components":[{"__type__":"e97baXNkTtEN5txJxjMsMQL","node":{"__id__":18},"_materials":[{"__uuid__":"ecpdLyjvZBwrvm+cedCcQy"}],"_spriteFrame":{"__uuid__":"dcznI9rR1Jf5sukW3XC0GJ"},"_sizeMode":2,"_isTrimmedMode":false}],"_contentSize":{"__type__":"cc.Size","width":111,"height":115},"_trs":{"__type__":"TypedArray","ctor":"Float64Array","array":[70.996,177.748,0,0,0,0,1,1,1,1]}},{"__type__":"cc.Node","_name":"New Label","_parent":{"__id__":18},"_components":[{"__type__":"169900iLpFDSrelEizBDC4Z","node":{"__id__":19},"_materials":[{"__uuid__":"ecpdLyjvZBwrvm+cedCcQy"}],"_useOriginalSize":false,"_string":"双倍经验","_N$string":"双倍经验","_fontSize":22,"_lineHeight":30,"_N$horizontalAlign":1,"_N$verticalAlign":1},{"__type__":"cc.LabelOutline","node":{"__id__":19},"_color":{"__type__":"cc.Color"},"_width":2}],"_contentSize":{"__type__":"cc.Size","width":92,"height":41.8},"_trs":{"__type__":"TypedArray","ctor":"Float64Array","array":[0,-15,0,0,0,0,1,1,1,1]}},{"__type__":"cc.Node","_name":"qiandao","_parent":{"__id__":7},"_children":[{"__id__":21}],"_components":[{"__type__":"e97baXNkTtEN5txJxjMsMQL","node":{"__id__":20},"_materials":[{"__uuid__":"ecpdLyjvZBwrvm+cedCcQy"}],"_spriteFrame":{"__uuid__":"07or36tfFNb6P1tiTLU8Ww"},"_sizeMode":2,"_isTrimmedMode":false}],"_contentSize":{"__type__":"cc.Size","width":78,"height":122},"_trs":{"__type__":"TypedArray","ctor":"Float64Array","array":[201.422,425.464,0,0,0,0,1,1,1,1]}},{"__type__":"cc.Node","_name":"New Label","_parent":{"__id__":20},"_components":[{"__type__":"169900iLpFDSrelEizBDC4Z","node":{"__id__":21},"_materials":[{"__uuid__":"ecpdLyjvZBwrvm+cedCcQy"}],"_useOriginalSize":false,"_string":"签到","_N$string":"签到","_fontSize":22,"_lineHeight":30,"_N$horizontalAlign":1,"_N$verticalAlign":1},{"__type__":"cc.LabelOutline","node":{"__id__":21},"_color":{"__type__":"cc.Color"},"_width":2}],"_contentSize":{"__type__":"cc.Size","width":48,"height":41.8},"_trs":{"__type__":"TypedArray","ctor":"Float64Array","array":[0,-24.448,0,0,0,0,1,1,1,1]}},{"__type__":"cc.Node","_name":"jineng","_parent":{"__id__":7},"_children":[{"__id__":23}],"_components":[{"__type__":"e97baXNkTtEN5txJxjMsMQL","node":{"__id__":22},"_materials":[{"__uuid__":"ecpdLyjvZBwrvm+cedCcQy"}],"_spriteFrame":{"__uuid__":"0cGv+6giVPQZycWcBgaKqJ"},"_sizeMode":2,"_isTrimmedMode":false}],"_contentSize":{"__type__":"cc.Size","width":73,"height":114},"_trs":{"__type__":"TypedArray","ctor":"Float64Array","array":[201.422,299.452,0,0,0,0,1,1,1,1]}},{"__type__":"cc.Node","_name":"New Label","_parent":{"__id__":22},"_components":[{"__type__":"169900iLpFDSrelEizBDC4Z","node":{"__id__":23},"_materials":[{"__uuid__":"ecpdLyjvZBwrvm+cedCcQy"}],"_useOriginalSize":false,"_string":"技能","_N$string":"技能","_fontSize":22,"_lineHeight":30,"_N$horizontalAlign":1,"_N$verticalAlign":1},{"__type__":"cc.LabelOutline","node":{"__id__":23},"_color":{"__type__":"cc.Color"},"_width":2}],"_contentSize":{"__type__":"cc.Size","width":48,"height":41.8},"_trs":{"__type__":"TypedArray","ctor":"Float64Array","array":[0,-15,0,0,0,0,1,1,1,1]}},{"__type__":"cc.Node","_name":"beibao","_parent":{"__id__":7},"_children":[{"__id__":25}],"_components":[{"__type__":"e97baXNkTtEN5txJxjMsMQL","node":{"__id__":24},"_materials":[{"__uuid__":"ecpdLyjvZBwrvm+cedCcQy"}],"_spriteFrame":{"__uuid__":"f4MnJ/55VFjZhO6z+nxyOT"},"_sizeMode":2,"_isTrimmedMode":false}],"_contentSize":{"__type__":"cc.Size","width":73,"height":114},"_trs":{"__type__":"TypedArray","ctor":"Float64Array","array":[201.422,177.748,0,0,0,0,1,1,1,1]}},{"__type__":"cc.Node","_name":"New Label","_parent":{"__id__":24},"_components":[{"__type__":"169900iLpFDSrelEizBDC4Z","node":{"__id__":25},"_materials":[{"__uuid__":"ecpdLyjvZBwrvm+cedCcQy"}],"_useOriginalSize":false,"_string":"背包","_N$string":"背包","_fontSize":22,"_lineHeight":30,"_N$horizontalAlign":1,"_N$verticalAlign":1},{"__type__":"cc.LabelOutline","node":{"__id__":25},"_color":{"__type__":"cc.Color"},"_width":2}],"_contentSize":{"__type__":"cc.Size","width":48,"height":41.8},"_trs":{"__type__":"TypedArray","ctor":"Float64Array","array":[0,-15,0,0,0,0,1,1,1,1]}},{"__type__":"cc.Node","_name":"shangdian","_parent":{"__id__":7},"_children":[{"__id__":27}],"_components":[{"__type__":"e97baXNkTtEN5txJxjMsMQL","node":{"__id__":26},"_materials":[{"__uuid__":"ecpdLyjvZBwrvm+cedCcQy"}],"_spriteFrame":{"__uuid__":"a4xdqHQ59E0ZJWc+5V4Wt7"},"_sizeMode":2,"_isTrimmedMode":false}],"_contentSize":{"__type__":"cc.Size","width":78,"height":118},"_trs":{"__type__":"TypedArray","ctor":"Float64Array","array":[317.455,177.748,0,0,0,0,1,1,1,1]}},{"__type__":"cc.Node","_name":"New Label","_parent":{"__id__":26},"_components":[{"__type__":"169900iLpFDSrelEizBDC4Z","node":{"__id__":27},"_materials":[{"__uuid__":"ecpdLyjvZBwrvm+cedCcQy"}],"_useOriginalSize":false,"_string":"商店","_N$string":"商店","_fontSize":22,"_lineHeight":30,"_N$horizontalAlign":1,"_N$verticalAlign":1},{"__type__":"cc.LabelOutline","node":{"__id__":27},"_color":{"__type__":"cc.Color"},"_width":2}],"_contentSize":{"__type__":"cc.Size","width":48,"height":41.8},"_trs":{"__type__":"TypedArray","ctor":"Float64Array","array":[0,-15,0,0,0,0,1,1,1,1]}},{"__type__":"cc.Node","_name":"shezhi","_parent":{"__id__":7},"_children":[{"__id__":29}],"_components":[{"__type__":"e97baXNkTtEN5txJxjMsMQL","node":{"__id__":28},"_materials":[{"__uuid__":"ecpdLyjvZBwrvm+cedCcQy"}],"_spriteFrame":{"__uuid__":"06w91PkcFCFaAvd/OwERr8"},"_sizeMode":2,"_isTrimmedMode":false}],"_contentSize":{"__type__":"cc.Size","width":73,"height":110},"_trs":{"__type__":"TypedArray","ctor":"Float64Array","array":[443.393,177.748,0,0,0,0,1,1,1,1]}},{"__type__":"cc.Node","_name":"New Label","_parent":{"__id__":28},"_components":[{"__type__":"169900iLpFDSrelEizBDC4Z","node":{"__id__":29},"_materials":[{"__uuid__":"ecpdLyjvZBwrvm+cedCcQy"}],"_useOriginalSize":false,"_string":"设置","_N$string":"设置","_fontSize":22,"_lineHeight":30,"_N$horizontalAlign":1,"_N$verticalAlign":1},{"__type__":"cc.LabelOutline","node":{"__id__":29},"_color":{"__type__":"cc.Color"},"_width":2}],"_contentSize":{"__type__":"cc.Size","width":48,"height":41.8},"_trs":{"__type__":"TypedArray","ctor":"Float64Array","array":[0,-15,0,0,0,0,1,1,1,1]}},{"__type__":"cc.Node","_name":"back","_parent":{"__id__":7},"_children":[{"__id__":31}],"_contentSize":{"__type__":"cc.Size","width":90,"height":80},"_trs":{"__type__":"TypedArray","ctor":"Float64Array","array":[389.858,515.568,0,0,0,0,1,1,1,1]}},{"__type__":"cc.Node","_name":"back","_parent":{"__id__":30},"_components":[{"__type__":"e97baXNkTtEN5txJxjMsMQL","node":{"__id__":31},"_materials":[{"__uuid__":"ecpdLyjvZBwrvm+cedCcQy"}],"_spriteFrame":{"__uuid__":"49LqF/MAVLE6cpg+W7TBjt"}}],"_contentSize":{"__type__":"cc.Size","width":512,"height":384},"_trs":{"__type__":"TypedArray","ctor":"Float64Array","array":[0,0,0,0,0,0,1,0.181,0.181,0.181]}},{"__type__":"cc.Node","_name":"game","_parent":{"__id__":2},"_children":[{"__id__":33}],"_trs":{"__type__":"TypedArray","ctor":"Float64Array","array":[0,0,0,0,0,0,1,1,1,1]}},{"__type__":"cc.Node","_name":"root","_parent":{"__id__":32},"_children":[{"__id__":34},{"__type__":"cc.Node","_name":"wp","_parent":{"__id__":33},"_trs":{"__type__":"TypedArray","ctor":"Float64Array","array":[0,0,0,0,0,0,1,1,1,1]}},{"__type__":"cc.Node","_name":"map1","_parent":{"__id__":33},"_trs":{"__type__":"TypedArray","ctor":"Float64Array","array":[0,0,0,0,0,0,1,1,1,1]}}],"_trs":{"__type__":"TypedArray","ctor":"Float64Array","array":[-1014.613,517.281,0,0,0,0,1,1,1,1]}},{"__type__":"cc.Node","_name":"hero","_parent":{"__id__":33},"_children":[{"__id__":35}],"_components":[{"__type__":"c9b02wCE4NKUpDxW4ybe+yk","node":{"__id__":34}},{"__type__":"cc.BoxCollider","node":{"__id__":34},"_offset":{"__type__":"cc.Vec2","x":0.3,"y":89.7},"_size":{"__type__":"cc.Size","width":50.6,"height":151.5}}],"_trs":{"__type__":"TypedArray","ctor":"Float64Array","array":[677.344,-637.898,0,0,0,0,1,1,1,1]},"_groupIndex":1,"groupIndex":1},{"__type__":"cc.Node","_name":"body","_parent":{"__id__":34},"_children":[{"__id__":36}],"_components":[{"__type__":"e5296PHi0NFCIo2EFCDm+CX","node":{"__id__":35},"_materials":[{"__uuid__":"ecpdLyjvZBwrvm+cedCcQy"}],"_armatureName":"hero","_animationName":"budong","_preCacheMode":0,"premultipliedAlpha":true,"_armatureKey":"db383a06-ac03-4f8e-8139-58754ade0205#522d78fc-ced5-44f7-9be4-1171f7bbedfe","_N$dragonAsset":{"__uuid__":"dbODoGrANPjoE5WHVK3gIF"},"_N$dragonAtlasAsset":{"__uuid__":"52LXj8ztVE95vkEXH3u+3+"},"_N$enableBatch":true}],"_contentSize":{"__type__":"cc.Size","width":62,"height":1801.35},"_trs":{"__type__":"TypedArray","ctor":"Float64Array","array":[0,0.966,0,0,0,0,1,1,1,1]},"_groupIndex":1,"groupIndex":1},{"__type__":"cc.Node","_name":"ATTACHED_NODE_TREE","_parent":{"__id__":35},"_children":[{"__id__":37}],"_trs":{"__type__":"TypedArray","ctor":"Float64Array","array":[0,0,0,0,0,0,1,1,1,1]},"_groupIndex":1,"groupIndex":1},{"__type__":"cc.Node","_name":"ATTACHED_NODE:root","_parent":{"__id__":36},"_children":[{"__id__":38},{"__type__":"cc.Node","_name":"ATTACHED_NODE:zuojiao","_parent":{"__id__":37},"_trs":{"__type__":"TypedArray","ctor":"Float64Array","array":[0,0,0,0,0,0,1,1,1,1]},"_groupIndex":1,"groupIndex":1},{"__type__":"cc.Node","_name":"ATTACHED_NODE:da2xin","_parent":{"__id__":37},"_trs":{"__type__":"TypedArray","ctor":"Float64Array","array":[0,0,0,0,0,0,1,1,1,1]},"_groupIndex":1,"groupIndex":1},{"__type__":"cc.Node","_name":"ATTACHED_NODE:youjiao","_parent":{"__id__":37},"_trs":{"__type__":"TypedArray","ctor":"Float64Array","array":[0,0,0,0,0,0,1,1,1,1]},"_groupIndex":1,"groupIndex":1},{"__type__":"cc.Node","_name":"ATTACHED_NODE:da3xin","_parent":{"__id__":37},"_trs":{"__type__":"TypedArray","ctor":"Float64Array","array":[0,0,0,0,0,0,1,1,1,1]},"_groupIndex":1,"groupIndex":1},{"__type__":"cc.Node","_name":"ATTACHED_NODE:da1xin","_parent":{"__id__":37},"_trs":{"__type__":"TypedArray","ctor":"Float64Array","array":[0,0,0,0,0,0,1,1,1,1]},"_groupIndex":1,"groupIndex":1},{"__id__":47}],"_trs":{"__type__":"TypedArray","ctor":"Float64Array","array":[0,0,0,0,0,0,1,1,1,1]},"_groupIndex":1,"groupIndex":1},{"__type__":"cc.Node","_name":"ATTACHED_NODE:腰","_parent":{"__id__":37},"_children":[{"__id__":39},{"__id__":45},{"__id__":46}],"_trs":{"__type__":"TypedArray","ctor":"Float64Array","array":[0,0,0,0,0,0,1,1,1,1]},"_groupIndex":1,"groupIndex":1},{"__type__":"cc.Node","_name":"ATTACHED_NODE:上身","_parent":{"__id__":38},"_children":[{"__type__":"cc.Node","_name":"ATTACHED_NODE:youshou","_parent":{"__id__":39},"_trs":{"__type__":"TypedArray","ctor":"Float64Array","array":[0,0,0,0,0,0,1,1,1,1]},"_groupIndex":1,"groupIndex":1},{"__type__":"cc.Node","_name":"ATTACHED_NODE:zuoshou","_parent":{"__id__":39},"_trs":{"__type__":"TypedArray","ctor":"Float64Array","array":[0,0,0,0,0,0,1,1,1,1]},"_groupIndex":1,"groupIndex":1},{"__id__":40},{"__type__":"cc.Node","_name":"ATTACHED_NODE:头","_parent":{"__id__":39},"_trs":{"__type__":"TypedArray","ctor":"Float64Array","array":[0,0,0,0,0,0,1,1,1,1]},"_groupIndex":1,"groupIndex":1},{"__id__":42}],"_trs":{"__type__":"TypedArray","ctor":"Float64Array","array":[0,0,0,0,0,0,1,1,1,1]},"_groupIndex":1,"groupIndex":1},{"__type__":"cc.Node","_name":"ATTACHED_NODE:右肩","_parent":{"__id__":39},"_children":[{"__id__":41}],"_trs":{"__type__":"TypedArray","ctor":"Float64Array","array":[0,0,0,0,0,0,1,1,1,1]},"_groupIndex":1,"groupIndex":1},{"__type__":"cc.Node","_name":"ATTACHED_NODE:右手","_parent":{"__id__":40},"_children":[{"__type__":"cc.Node","_name":"ATTACHED_NODE:root","_parent":{"__id__":41},"_trs":{"__type__":"TypedArray","ctor":"Float64Array","array":[0,0,0,0,0,0,1,1,1,1]},"_groupIndex":1,"groupIndex":1}],"_trs":{"__type__":"TypedArray","ctor":"Float64Array","array":[0,0,0,0,0,0,1,1,1,1]},"_groupIndex":1,"groupIndex":1},{"__type__":"cc.Node","_name":"ATTACHED_NODE:左肩","_parent":{"__id__":39},"_children":[{"__id__":43}],"_trs":{"__type__":"TypedArray","ctor":"Float64Array","array":[0,0,0,0,0,0,1,1,1,1]},"_groupIndex":1,"groupIndex":1},{"__type__":"cc.Node","_name":"ATTACHED_NODE:左手","_parent":{"__id__":42},"_children":[{"__id__":44}],"_trs":{"__type__":"TypedArray","ctor":"Float64Array","array":[0,0,0,0,0,0,1,1,1,1]},"_groupIndex":1,"groupIndex":1},{"__type__":"cc.Node","_name":"ATTACHED_NODE:wuqi","_parent":{"__id__":43},"_children":[{"__type__":"cc.Node","_name":"ATTACHED_NODE:root","_parent":{"__id__":44},"_trs":{"__type__":"TypedArray","ctor":"Float64Array","array":[0,0,0,0,0,0,1,1,1,1]},"_groupIndex":1,"groupIndex":1}],"_trs":{"__type__":"TypedArray","ctor":"Float64Array","array":[0,0,0,0,0,0,1,1,1,1]},"_groupIndex":1,"groupIndex":1},{"__type__":"cc.Node","_name":"ATTACHED_NODE:左大腿","_parent":{"__id__":38},"_children":[{"__type__":"cc.Node","_name":"ATTACHED_NODE:左脚","_parent":{"__id__":45},"_trs":{"__type__":"TypedArray","ctor":"Float64Array","array":[0,0,0,0,0,0,1,1,1,1]},"_groupIndex":1,"groupIndex":1}],"_trs":{"__type__":"TypedArray","ctor":"Float64Array","array":[0,0,0,0,0,0,1,1,1,1]},"_groupIndex":1,"groupIndex":1},{"__type__":"cc.Node","_name":"ATTACHED_NODE:右大腿","_parent":{"__id__":38},"_children":[{"__type__":"cc.Node","_name":"ATTACHED_NODE:右脚","_parent":{"__id__":46},"_trs":{"__type__":"TypedArray","ctor":"Float64Array","array":[0,0,0,0,0,0,1,1,1,1]},"_groupIndex":1,"groupIndex":1}],"_trs":{"__type__":"TypedArray","ctor":"Float64Array","array":[0,0,0,0,0,0,1,1,1,1]},"_groupIndex":1,"groupIndex":1},{"__type__":"cc.Node","_name":"ATTACHED_NODE:pz","_parent":{"__id__":37},"_components":[{"__type__":"cc.BoxCollider","node":{"__id__":47},"_offset":{"__type__":"cc.Vec2","x":30.5,"y":-0.2},"_size":{"__type__":"cc.Size","width":64,"height":33}}],"_trs":{"__type__":"TypedArray","ctor":"Float64Array","array":[0,0,0,0,0,0,1,1,1,1]},"_groupIndex":4,"groupIndex":4},{"__type__":"cc.Node","_name":"wuqi","_parent":{"__id__":2},"_components":[{"__type__":"e5296PHi0NFCIo2EFCDm+CX","node":{"__id__":48},"_materials":[{"__uuid__":"ecpdLyjvZBwrvm+cedCcQy"}],"_armatureName":"铁斩","_animationName":"newAnimation","_preCacheMode":0,"premultipliedAlpha":true,"_armatureKey":"20670c2c-732d-4907-8720-db9b8e881a11#45c00015-13d2-4839-8759-88050e1a46f2","_N$dragonAsset":{"__uuid__":"20Zwwscy1JB4cg25uOiBoR"},"_N$dragonAtlasAsset":{"__uuid__":"45wAAVE9JIOYdZiAUOGkby"}}],"_contentSize":{"__type__":"cc.Size","width":27,"height":159},"_trs":{"__type__":"TypedArray","ctor":"Float64Array","array":[1041.774,739.729,0,0,0,0,1,1,1,1]}},{"__type__":"cc.Node","_name":"pifu","_parent":{"__id__":2},"_components":[{"__type__":"e5296PHi0NFCIo2EFCDm+CX","node":{"__id__":49},"_materials":[{"__uuid__":"ecpdLyjvZBwrvm+cedCcQy"}],"_armatureName":"pifu1","_preCacheMode":0,"premultipliedAlpha":true,"_armatureKey":"957c750a-15fd-45e1-bbf7-5947a6edb6d4#d7be8a56-319c-43ca-8b14-a116d311da72","_N$dragonAsset":{"__uuid__":"95fHUKFf1F4bv3WUem7bbU"},"_N$dragonAtlasAsset":{"__uuid__":"d7vopWMZxDyosUoRbTEdpy"},"_N$enableBatch":true}],"_contentSize":{"__type__":"cc.Size","width":62,"height":1801.35},"_trs":{"__type__":"TypedArray","ctor":"Float64Array","array":[837.284,689.704,0,0,0,0,1,1,1,1]}},{"__type__":"cc.Node","_name":"kuan","_parent":{"__id__":2},"_children":[{"__id__":51},{"__id__":69},{"__id__":72},{"__id__":73}],"_components":[{"__type__":"20381NRXvVBh58prDLKqP9g","node":{"__id__":50}}],"_contentSize":{"__type__":"cc.Size","width":1280,"height":720},"_trs":{"__type__":"TypedArray","ctor":"Float64Array","array":[0,0,0,0,0,0,1,1,1,1]}},{"__type__":"cc.Node","_name":"you_ui","_parent":{"__id__":50},"_children":[{"__id__":52},{"__id__":53},{"__id__":54},{"__id__":56},{"__id__":58},{"__id__":60},{"__id__":62},{"__id__":63}],"_components":[{"__type__":"cc.Widget","node":{"__id__":51},"_alignFlags":32,"_right":655.793}],"_trs":{"__type__":"TypedArray","ctor":"Float64Array","array":[-15.793000000000006,121.058,0,0,0,0,1,1,1,1]}},{"__type__":"cc.Node","_name":"gj_btn","_parent":{"__id__":51},"_components":[{"__type__":"e97baXNkTtEN5txJxjMsMQL","node":{"__id__":52},"_materials":[{"__uuid__":"ecpdLyjvZBwrvm+cedCcQy"}],"_spriteFrame":{"__uuid__":"65im2G51NLY4p2jZHatb2Z"}}],"_contentSize":{"__type__":"cc.Size","width":145,"height":143},"_trs":{"__type__":"TypedArray","ctor":"Float64Array","array":[533.109,-250.895,0,0,0,0,1,1,1,1]}},{"__type__":"cc.Node","_name":"tiao_btn","_parent":{"__id__":51},"_components":[{"__type__":"e97baXNkTtEN5txJxjMsMQL","node":{"__id__":53},"_materials":[{"__uuid__":"ecpdLyjvZBwrvm+cedCcQy"}],"_spriteFrame":{"__uuid__":"73zxOqpCJECpmvHVMmzRUN"}}],"_contentSize":{"__type__":"cc.Size","width":82,"height":79},"_trs":{"__type__":"TypedArray","ctor":"Float64Array","array":[400.097,-191.823,0,0,0,0,1,1,1,1]}},{"__type__":"cc.Node","_name":"btn1","_parent":{"__id__":51},"_children":[{"__id__":55}],"_components":[{"__type__":"e97baXNkTtEN5txJxjMsMQL","node":{"__id__":54},"_materials":[{"__uuid__":"ecpdLyjvZBwrvm+cedCcQy"}],"_spriteFrame":{"__uuid__":"82SKsGO2JFYIgcS1MMiBd6"}}],"_contentSize":{"__type__":"cc.Size","width":105,"height":101},"_trs":{"__type__":"TypedArray","ctor":"Float64Array","array":[246.045,-300.342,0,0,0,0,1,1,1,1]}},{"__type__":"cc.Node","_name":"jntb4","_parent":{"__id__":54},"_components":[{"__type__":"e97baXNkTtEN5txJxjMsMQL","node":{"__id__":55},"_materials":[{"__uuid__":"ecpdLyjvZBwrvm+cedCcQy"}],"_spriteFrame":{"__uuid__":"60syS3b31Kq5Z2zYywe/he"}}],"_contentSize":{"__type__":"cc.Size","width":98,"height":98},"_trs":{"__type__":"TypedArray","ctor":"Float64Array","array":[0.358,0.594,0,0,0,0,1,1,1,1]}},{"__type__":"cc.Node","_name":"btn2","_parent":{"__id__":51},"_children":[{"__id__":57}],"_components":[{"__type__":"e97baXNkTtEN5txJxjMsMQL","node":{"__id__":56},"_materials":[{"__uuid__":"ecpdLyjvZBwrvm+cedCcQy"}],"_spriteFrame":{"__uuid__":"82SKsGO2JFYIgcS1MMiBd6"}}],"_contentSize":{"__type__":"cc.Size","width":105,"height":101},"_trs":{"__type__":"TypedArray","ctor":"Float64Array","array":[375.789,-295.677,0,0,0,0,1,1,1,1]}},{"__type__":"cc.Node","_name":"jntb3","_parent":{"__id__":56},"_components":[{"__type__":"e97baXNkTtEN5txJxjMsMQL","node":{"__id__":57},"_materials":[{"__uuid__":"ecpdLyjvZBwrvm+cedCcQy"}],"_spriteFrame":{"__uuid__":"0d/pL/bOdCkb0v2QCqujuj"}}],"_contentSize":{"__type__":"cc.Size","width":84,"height":81},"_trs":{"__type__":"TypedArray","ctor":"Float64Array","array":[-5.996,-0.381,0,0,0,0,1,1,1,1]}},{"__type__":"cc.Node","_name":"btn3","_parent":{"__id__":51},"_children":[{"__id__":59}],"_components":[{"__type__":"e97baXNkTtEN5txJxjMsMQL","node":{"__id__":58},"_materials":[{"__uuid__":"ecpdLyjvZBwrvm+cedCcQy"}],"_spriteFrame":{"__uuid__":"82SKsGO2JFYIgcS1MMiBd6"}}],"_contentSize":{"__type__":"cc.Size","width":105,"height":101},"_trs":{"__type__":"TypedArray","ctor":"Float64Array","array":[581.647,-113.18,0,0,0,0,1,1,1,1]}},{"__type__":"cc.Node","_name":"jntb1","_parent":{"__id__":58},"_components":[{"__type__":"e97baXNkTtEN5txJxjMsMQL","node":{"__id__":59},"_materials":[{"__uuid__":"ecpdLyjvZBwrvm+cedCcQy"}],"_spriteFrame":{"__uuid__":"8d1VHwO8lNzKcG6PTM+oJU"}}],"_contentSize":{"__type__":"cc.Size","width":84,"height":76},"_trs":{"__type__":"TypedArray","ctor":"Float64Array","array":[1.146,-0.878,0,0,0,0,1,1,1,1]}},{"__type__":"cc.Node","_name":"btn4","_parent":{"__id__":51},"_children":[{"__id__":61}],"_components":[{"__type__":"e97baXNkTtEN5txJxjMsMQL","node":{"__id__":60},"_materials":[{"__uuid__":"ecpdLyjvZBwrvm+cedCcQy"}],"_spriteFrame":{"__uuid__":"82SKsGO2JFYIgcS1MMiBd6"}}],"_contentSize":{"__type__":"cc.Size","width":105,"height":101},"_trs":{"__type__":"TypedArray","ctor":"Float64Array","array":[581.632,10.03,0,0,0,0,1,1,1,1]}},{"__type__":"cc.Node","_name":"jntb2","_parent":{"__id__":60},"_components":[{"__type__":"e97baXNkTtEN5txJxjMsMQL","node":{"__id__":61},"_materials":[{"__uuid__":"ecpdLyjvZBwrvm+cedCcQy"}],"_spriteFrame":{"__uuid__":"7bdw5DQrBG9Kram1DkDtG+"}}],"_contentSize":{"__type__":"cc.Size","width":99,"height":66},"_trs":{"__type__":"TypedArray","ctor":"Float64Array","array":[-4.839,0.912,0,0,0,0,1,1,1,1]}},{"__type__":"cc.Node","_name":"shan_btn","_parent":{"__id__":51},"_components":[{"__type__":"e97baXNkTtEN5txJxjMsMQL","node":{"__id__":62},"_materials":[{"__uuid__":"ecpdLyjvZBwrvm+cedCcQy"}],"_spriteFrame":{"__uuid__":"c9OF1JVbxH/b+t3ih7zfe0"}}],"_contentSize":{"__type__":"cc.Size","width":82,"height":79},"_trs":{"__type__":"TypedArray","ctor":"Float64Array","array":[469.92,-119.289,0,0,0,0,1,1,1,1]}},{"__type__":"cc.Node","_name":"jishi","_parent":{"__id__":51},"_children":[{"__id__":64},{"__id__":65},{"__id__":66},{"__id__":67},{"__id__":68}],"_trs":{"__type__":"TypedArray","ctor":"Float64Array","array":[0,0,0,0,0,0,1,1,1,1]}},{"__type__":"cc.Node","_name":"shan_btn_txt","_parent":{"__id__":63},"_components":[{"__type__":"169900iLpFDSrelEizBDC4Z","node":{"__id__":64},"_materials":[{"__uuid__":"ecpdLyjvZBwrvm+cedCcQy"}],"_fontSize":35,"_N$file":{"__uuid__":"37V08FLQdFjYQEejjPS/5t"},"_isSystemFontUsed":false,"_N$horizontalAlign":1,"_N$verticalAlign":1,"_N$cacheMode":2}],"_color":{"__type__":"cc.Color","r":255},"_contentSize":{"__type__":"cc.Size","height":40},"_trs":{"__type__":"TypedArray","ctor":"Float64Array","array":[470.092,-117.045,0,0,0,0,1,1,1,1]}},{"__type__":"cc.Node","_name":"btntxt4","_parent":{"__id__":63},"_components":[{"__type__":"169900iLpFDSrelEizBDC4Z","node":{"__id__":65},"_materials":[{"__uuid__":"ecpdLyjvZBwrvm+cedCcQy"}],"_fontSize":35,"_N$file":{"__uuid__":"37V08FLQdFjYQEejjPS/5t"},"_isSystemFontUsed":false,"_N$horizontalAlign":1,"_N$verticalAlign":1,"_N$cacheMode":2}],"_color":{"__type__":"cc.Color","r":255},"_contentSize":{"__type__":"cc.Size","height":40},"_trs":{"__type__":"TypedArray","ctor":"Float64Array","array":[580.848,9.023,0,0,0,0,1,1,1,1]}},{"__type__":"cc.Node","_name":"btntxt3","_parent":{"__id__":63},"_components":[{"__type__":"169900iLpFDSrelEizBDC4Z","node":{"__id__":66},"_materials":[{"__uuid__":"ecpdLyjvZBwrvm+cedCcQy"}],"_fontSize":35,"_N$file":{"__uuid__":"37V08FLQdFjYQEejjPS/5t"},"_isSystemFontUsed":false,"_N$horizontalAlign":1,"_N$verticalAlign":1,"_N$cacheMode":2}],"_color":{"__type__":"cc.Color","r":255},"_contentSize":{"__type__":"cc.Size","height":40},"_trs":{"__type__":"TypedArray","ctor":"Float64Array","array":[583.523,-112.69,0,0,0,0,1,1,1,1]}},{"__type__":"cc.Node","_name":"btntxt2","_parent":{"__id__":63},"_components":[{"__type__":"169900iLpFDSrelEizBDC4Z","node":{"__id__":67},"_materials":[{"__uuid__":"ecpdLyjvZBwrvm+cedCcQy"}],"_fontSize":35,"_N$file":{"__uuid__":"37V08FLQdFjYQEejjPS/5t"},"_isSystemFontUsed":false,"_N$horizontalAlign":1,"_N$verticalAlign":1,"_N$cacheMode":2}],"_color":{"__type__":"cc.Color","r":255},"_contentSize":{"__type__":"cc.Size","height":40},"_trs":{"__type__":"TypedArray","ctor":"Float64Array","array":[377.546,-294.592,0,0,0,0,1,1,1,1]}},{"__type__":"cc.Node","_name":"btntxt1","_parent":{"__id__":63},"_components":[{"__type__":"169900iLpFDSrelEizBDC4Z","node":{"__id__":68},"_materials":[{"__uuid__":"ecpdLyjvZBwrvm+cedCcQy"}],"_fontSize":35,"_N$file":{"__uuid__":"37V08FLQdFjYQEejjPS/5t"},"_isSystemFontUsed":false,"_N$horizontalAlign":1,"_N$verticalAlign":1,"_N$cacheMode":2}],"_color":{"__type__":"cc.Color","r":255},"_contentSize":{"__type__":"cc.Size","height":40},"_trs":{"__type__":"TypedArray","ctor":"Float64Array","array":[245.133,-301.28,0,0,0,0,1,1,1,1]}},{"__type__":"cc.Node","_name":"zuo_ui","_objFlags":512,"_parent":{"__id__":50},"_children":[{"__id__":70},{"__id__":71}],"_components":[{"__type__":"cc.Widget","node":{"__id__":69},"_alignFlags":8,"_left":640}],"_trs":{"__type__":"TypedArray","ctor":"Float64Array","array":[0,100,0,0,0,0,1,1,1,1]}},{"__type__":"cc.Node","_name":"zuo_btn","_parent":{"__id__":69},"_components":[{"__type__":"e97baXNkTtEN5txJxjMsMQL","node":{"__id__":70},"_materials":[{"__uuid__":"ecpdLyjvZBwrvm+cedCcQy"}],"_spriteFrame":{"__uuid__":"ea4UyAirtMIa86hl+pBl14"}}],"_contentSize":{"__type__":"cc.Size","width":172,"height":117},"_trs":{"__type__":"TypedArray","ctor":"Float64Array","array":[-511.422,-251.315,0,0,0,0,1,1,1,1]}},{"__type__":"cc.Node","_name":"you_btn","_parent":{"__id__":69},"_components":[{"__type__":"e97baXNkTtEN5txJxjMsMQL","node":{"__id__":71},"_materials":[{"__uuid__":"ecpdLyjvZBwrvm+cedCcQy"}],"_spriteFrame":{"__uuid__":"a8N86RTldFP7pnIrTJBTIE"}}],"_contentSize":{"__type__":"cc.Size","width":172,"height":117},"_trs":{"__type__":"TypedArray","ctor":"Float64Array","array":[-288.019,-251.315,0,0,0,0,1,1,1,1]}},{"__type__":"cc.Node","_name":"biao2","_parent":{"__id__":50},"_components":[{"__type__":"e97baXNkTtEN5txJxjMsMQL","node":{"__id__":72},"_materials":[{"__uuid__":"ecpdLyjvZBwrvm+cedCcQy"}],"_spriteFrame":{"__uuid__":"d3zsI1xF1BMowhAPpfXGk7"}},{"__type__":"cc.Widget","node":{"__id__":72},"_alignFlags":36,"_right":-0.009999999999990905,"_bottom":0.9829999999999757},{"__type__":"cc.BoxCollider","node":{"__id__":72},"tag":4,"_offset":{"__type__":"cc.Vec2","x":25,"y":335},"_size":{"__type__":"cc.Size","width":50,"height":730}}],"_opacity":0,"_contentSize":{"__type__":"cc.Size","width":50,"height":50},"_trs":{"__type__":"TypedArray","ctor":"Float64Array","array":[615.01,-334.01700000000005,0,0,0,0,1,1,1,1]},"_groupIndex":5,"groupIndex":5},{"__type__":"cc.Node","_name":"biao1","_parent":{"__id__":50},"_components":[{"__type__":"e97baXNkTtEN5txJxjMsMQL","node":{"__id__":73},"_materials":[{"__uuid__":"ecpdLyjvZBwrvm+cedCcQy"}],"_spriteFrame":{"__uuid__":"d3zsI1xF1BMowhAPpfXGk7"}},{"__type__":"cc.Widget","node":{"__id__":73},"_alignFlags":9,"_left":0.94399999999996,"_top":0.6840000000000259},{"__type__":"cc.BoxCollider","node":{"__id__":73},"tag":4,"_offset":{"__type__":"cc.Vec2","x":-29,"y":-338},"_size":{"__type__":"cc.Size","width":50,"height":725}}],"_opacity":0,"_contentSize":{"__type__":"cc.Size","width":50,"height":50},"_trs":{"__type__":"TypedArray","ctor":"Float64Array","array":[-614.056,334.316,0,0,0,0,1,1,1,1]},"_groupIndex":5,"groupIndex":5},{"__type__":"cc.Node","_name":"hp_mc","_parent":{"__id__":2},"_children":[{"__id__":75},{"__id__":80},{"__id__":81},{"__id__":82},{"__id__":83},{"__id__":84},{"__id__":85},{"__id__":86},{"__id__":87},{"__id__":88},{"__id__":90},{"__id__":99}],"_trs":{"__type__":"TypedArray","ctor":"Float64Array","array":[0,0,0,0,0,0,1,1.2,1.2,1]}},{"__type__":"cc.Node","_name":"di","_parent":{"__id__":74},"_children":[{"__id__":76},{"__id__":77},{"__id__":78},{"__id__":79}],"_trs":{"__type__":"TypedArray","ctor":"Float64Array","array":[0,6.974,0,0,0,0,1,1,1,1]}},{"__type__":"cc.Node","_name":"bj","_parent":{"__id__":75},"_components":[{"__type__":"e97baXNkTtEN5txJxjMsMQL","node":{"__id__":76},"_materials":[{"__uuid__":"ecpdLyjvZBwrvm+cedCcQy"}],"_spriteFrame":{"__uuid__":"f7y79NZn9Ny5V9r6BD3zm1"},"_sizeMode":0}],"_opacity":100,"_contentSize":{"__type__":"cc.Size","width":219,"height":40},"_trs":{"__type__":"TypedArray","ctor":"Float64Array","array":[132.209,260.881,0,0,0,0,1,0.83333,0.83333,0.83333]}},{"__type__":"cc.Node","_name":"hpbj2","_parent":{"__id__":75},"_components":[{"__type__":"e97baXNkTtEN5txJxjMsMQL","node":{"__id__":77},"_materials":[{"__uuid__":"ecpdLyjvZBwrvm+cedCcQy"}],"_spriteFrame":{"__uuid__":"95tfD1i+NGWaVq8Gy0WD9z"}}],"_color":{"__type__":"cc.Color"},"_contentSize":{"__type__":"cc.Size","width":128,"height":26},"_trs":{"__type__":"TypedArray","ctor":"Float64Array","array":[-413.18,214.236,0,0,0,0,1,1,1,1]}},{"__type__":"cc.Node","_name":"hpbj1","_parent":{"__id__":75},"_components":[{"__type__":"e97baXNkTtEN5txJxjMsMQL","node":{"__id__":78},"_materials":[{"__uuid__":"ecpdLyjvZBwrvm+cedCcQy"}],"_spriteFrame":{"__uuid__":"abxbTXLZVGFa9IRc8q9n8V"}}],"_contentSize":{"__type__":"cc.Size","width":276,"height":54},"_trs":{"__type__":"TypedArray","ctor":"Float64Array","array":[-344.573,251.913,0,0,0,0,1,1,1,1]}},{"__type__":"cc.Node","_name":"bj","_parent":{"__id__":75},"_components":[{"__type__":"e97baXNkTtEN5txJxjMsMQL","node":{"__id__":79},"_materials":[{"__uuid__":"ecpdLyjvZBwrvm+cedCcQy"}],"_spriteFrame":{"__uuid__":"f7y79NZn9Ny5V9r6BD3zm1"},"_sizeMode":0}],"_opacity":100,"_contentSize":{"__type__":"cc.Size","width":219,"height":40},"_trs":{"__type__":"TypedArray","ctor":"Float64Array","array":[-89.091,260.88,0,0,0,0,1,0.83333,0.83333,0.83333]}},{"__type__":"cc.Node","_name":"xuetiao3","_parent":{"__id__":74},"_components":[{"__type__":"e97baXNkTtEN5txJxjMsMQL","node":{"__id__":80},"_materials":[{"__uuid__":"ecpdLyjvZBwrvm+cedCcQy"}],"_spriteFrame":{"__uuid__":"bak59ETIVDkZEeIMDohMdJ"},"_sizeMode":0}],"_color":{"__type__":"cc.Color","r":78,"g":25,"b":25},"_contentSize":{"__type__":"cc.Size","width":217,"height":16},"_anchorPoint":{"__type__":"cc.Vec2","y":0.5},"_trs":{"__type__":"TypedArray","ctor":"Float64Array","array":[-445.323,269.925,0,0,0,0,1,1,1,1]}},{"__type__":"cc.Node","_name":"xuetiao2","_parent":{"__id__":74},"_components":[{"__type__":"e97baXNkTtEN5txJxjMsMQL","node":{"__id__":81},"_materials":[{"__uuid__":"ecpdLyjvZBwrvm+cedCcQy"}],"_spriteFrame":{"__uuid__":"bak59ETIVDkZEeIMDohMdJ"},"_sizeMode":0}],"_contentSize":{"__type__":"cc.Size","width":217,"height":16},"_anchorPoint":{"__type__":"cc.Vec2","y":0.5},"_trs":{"__type__":"TypedArray","ctor":"Float64Array","array":[-445.323,269.925,0,0,0,0,1,1,1,1]}},{"__type__":"cc.Node","_name":"xuetiao1","_parent":{"__id__":74},"_components":[{"__type__":"e97baXNkTtEN5txJxjMsMQL","node":{"__id__":82},"_materials":[{"__uuid__":"ecpdLyjvZBwrvm+cedCcQy"}],"_spriteFrame":{"__uuid__":"01q55MFtROPqBlUqDcsTrM"},"_sizeMode":0}],"_contentSize":{"__type__":"cc.Size","width":217,"height":16},"_anchorPoint":{"__type__":"cc.Vec2","y":0.5},"_trs":{"__type__":"TypedArray","ctor":"Float64Array","array":[-445.323,269.925,0,0,0,0,1,1,1,1]}},{"__type__":"cc.Node","_name":"touquan","_parent":{"__id__":74},"_components":[{"__type__":"e97baXNkTtEN5txJxjMsMQL","node":{"__id__":83},"_materials":[{"__uuid__":"ecpdLyjvZBwrvm+cedCcQy"}],"_spriteFrame":{"__uuid__":"94G447DhxMmLwn5jSig9z6"},"_sizeMode":0}],"_contentSize":{"__type__":"cc.Size","width":80,"height":80},"_trs":{"__type__":"TypedArray","ctor":"Float64Array","array":[-476.134,256.705,0,0,0,0,1,1,1,1]}},{"__type__":"cc.Node","_name":"jinbi","_parent":{"__id__":74},"_components":[{"__type__":"e97baXNkTtEN5txJxjMsMQL","node":{"__id__":84},"_materials":[{"__uuid__":"ecpdLyjvZBwrvm+cedCcQy"}],"_spriteFrame":{"__uuid__":"danixwiSNFLL2Nb2stdFF9"}}],"_contentSize":{"__type__":"cc.Size","width":28,"height":28},"_trs":{"__type__":"TypedArray","ctor":"Float64Array","array":[-160.982,267.891,0,0,0,0,1,0.83333,0.83333,0.83333]}},{"__type__":"cc.Node","_name":"jia_btn1","_parent":{"__id__":74},"_components":[{"__type__":"e97baXNkTtEN5txJxjMsMQL","node":{"__id__":85},"_materials":[{"__uuid__":"ecpdLyjvZBwrvm+cedCcQy"}],"_spriteFrame":{"__uuid__":"18SB9I2RZB4qOBrlvyC66E"},"_sizeMode":0}],"_contentSize":{"__type__":"cc.Size","width":35,"height":33},"_trs":{"__type__":"TypedArray","ctor":"Float64Array","array":[-15.498,267.897,0,0,0,0,1,1,1,0.51917]}},{"__type__":"cc.Node","_name":"zs","_parent":{"__id__":74},"_components":[{"__type__":"e97baXNkTtEN5txJxjMsMQL","node":{"__id__":86},"_materials":[{"__uuid__":"ecpdLyjvZBwrvm+cedCcQy"}],"_spriteFrame":{"__uuid__":"b7e46YmdRJybSWqAwrdfOB"}}],"_contentSize":{"__type__":"cc.Size","width":39,"height":48},"_trs":{"__type__":"TypedArray","ctor":"Float64Array","array":[55.955,267.936,0,0,0,0,1,0.83333,0.83333,0.83333]}},{"__type__":"cc.Node","_name":"jia_btn2","_parent":{"__id__":74},"_components":[{"__type__":"e97baXNkTtEN5txJxjMsMQL","node":{"__id__":87},"_materials":[{"__uuid__":"ecpdLyjvZBwrvm+cedCcQy"}],"_spriteFrame":{"__uuid__":"18SB9I2RZB4qOBrlvyC66E"},"_sizeMode":0}],"_contentSize":{"__type__":"cc.Size","width":35,"height":33},"_trs":{"__type__":"TypedArray","ctor":"Float64Array","array":[204.889,267.897,0,0,0,0,1,1,1,0.51917]}},{"__type__":"cc.Node","_name":"klt","_parent":{"__id__":74},"_children":[{"__id__":89}],"_components":[{"__type__":"e97baXNkTtEN5txJxjMsMQL","node":{"__id__":88},"_materials":[{"__uuid__":"ecpdLyjvZBwrvm+cedCcQy"}],"_spriteFrame":{"__uuid__":"52OBwaVlBNn4/j87QQbryl"}}],"_contentSize":{"__type__":"cc.Size","width":32,"height":35},"_trs":{"__type__":"TypedArray","ctor":"Float64Array","array":[291.165,268.01333,0,0,0,0,1,0.83333,0.83333,0.83333]}},{"__type__":"cc.Node","_name":"kltbj","_parent":{"__id__":88},"_components":[{"__type__":"e97baXNkTtEN5txJxjMsMQL","node":{"__id__":89},"_materials":[{"__uuid__":"ecpdLyjvZBwrvm+cedCcQy"}],"_spriteFrame":{"__uuid__":"f7y79NZn9Ny5V9r6BD3zm1"},"_sizeMode":0}],"_opacity":100,"_contentSize":{"__type__":"cc.Size","width":146,"height":40},"_trs":{"__type__":"TypedArray","ctor":"Float64Array","array":[37.29615,-0.3772,0,0,0,0,1,1,1,1]}},{"__type__":"cc.Node","_name":"txt_mc","_parent":{"__id__":74},"_children":[{"__id__":91},{"__id__":92},{"__id__":93},{"__id__":94},{"__id__":95},{"__id__":96},{"__id__":97},{"__id__":98}],"_trs":{"__type__":"TypedArray","ctor":"Float64Array","array":[0,6.974,0,0,0,0,1,1,1,1]}},{"__type__":"cc.Node","_name":"zs_txt","_parent":{"__id__":90},"_components":[{"__type__":"169900iLpFDSrelEizBDC4Z","node":{"__id__":91},"_materials":[{"__uuid__":"ecpdLyjvZBwrvm+cedCcQy"}],"_string":"100","_N$string":"100","_fontSize":28,"_N$horizontalAlign":1,"_N$verticalAlign":1,"_N$cacheMode":2}],"_contentSize":{"__type__":"cc.Size","width":46.71,"height":40},"_trs":{"__type__":"TypedArray","ctor":"Float64Array","array":[129.485,261.751,0,0,0,0,1,0.83333,0.83333,0.83333]}},{"__type__":"cc.Node","_name":"jb_txt","_parent":{"__id__":90},"_components":[{"__type__":"169900iLpFDSrelEizBDC4Z","node":{"__id__":92},"_materials":[{"__uuid__":"ecpdLyjvZBwrvm+cedCcQy"}],"_string":"100","_N$string":"100","_fontSize":28,"_N$horizontalAlign":1,"_N$verticalAlign":1,"_N$cacheMode":2}],"_contentSize":{"__type__":"cc.Size","width":46.71,"height":40},"_trs":{"__type__":"TypedArray","ctor":"Float64Array","array":[-89.905,261.75,0,0,0,0,1,0.83333,0.83333,0.83333]}},{"__type__":"cc.Node","_name":"hp_txt","_parent":{"__id__":90},"_components":[{"__type__":"169900iLpFDSrelEizBDC4Z","node":{"__id__":93},"_materials":[{"__uuid__":"ecpdLyjvZBwrvm+cedCcQy"}],"_string":"10 / 10","_N$string":"10 / 10","_fontSize":20,"_N$file":{"__uuid__":"37V08FLQdFjYQEejjPS/5t"},"_isSystemFontUsed":false,"_N$horizontalAlign":1,"_N$verticalAlign":1,"_N$cacheMode":2}],"_contentSize":{"__type__":"cc.Size","width":67.33,"height":40},"_trs":{"__type__":"TypedArray","ctor":"Float64Array","array":[-338.618,263.18,0,0,0,0,1,1,1,1]}},{"__type__":"cc.Node","_name":"gj_txt","_parent":{"__id__":90},"_components":[{"__type__":"169900iLpFDSrelEizBDC4Z","node":{"__id__":94},"_materials":[{"__uuid__":"ecpdLyjvZBwrvm+cedCcQy"}],"_string":"Attack : 100","_N$string":"Attack : 100","_fontSize":18,"_styleFlags":1,"_N$horizontalAlign":1,"_N$verticalAlign":1,"_N$cacheMode":2},{"__type__":"cc.LabelOutline","node":{"__id__":94},"_color":{"__type__":"cc.Color"},"_width":2}],"_contentSize":{"__type__":"cc.Size","width":99.05,"height":44},"_trs":{"__type__":"TypedArray","ctor":"Float64Array","array":[-418.277,184.838,0,0,0,0,1,1,1,1]}},{"__type__":"cc.Node","_name":"lv_txt","_parent":{"__id__":90},"_components":[{"__type__":"169900iLpFDSrelEizBDC4Z","node":{"__id__":95},"_materials":[{"__uuid__":"ecpdLyjvZBwrvm+cedCcQy"}],"_string":"lv:12","_N$string":"lv:12","_fontSize":26,"_N$file":{"__uuid__":"37V08FLQdFjYQEejjPS/5t"},"_isSystemFontUsed":false,"_N$horizontalAlign":1,"_N$verticalAlign":1,"_N$cacheMode":2}],"_contentSize":{"__type__":"cc.Size","width":67.6,"height":40},"_trs":{"__type__":"TypedArray","ctor":"Float64Array","array":[-414.049,214.669,0,0,0,0,1,1,1,1]}},{"__type__":"cc.Node","_name":"jy_txt","_parent":{"__id__":90},"_components":[{"__type__":"169900iLpFDSrelEizBDC4Z","node":{"__id__":96},"_materials":[{"__uuid__":"ecpdLyjvZBwrvm+cedCcQy"}],"_string":"Exp  :  987 / 1000","_N$string":"Exp  :  987 / 1000","_fontSize":18,"_styleFlags":1,"_N$horizontalAlign":1,"_N$verticalAlign":1,"_N$cacheMode":2},{"__type__":"cc.LabelOutline","node":{"__id__":96},"_color":{"__type__":"cc.Color"},"_width":2}],"_contentSize":{"__type__":"cc.Size","width":145.09,"height":44},"_anchorPoint":{"__type__":"cc.Vec2","y":0.5},"_trs":{"__type__":"TypedArray","ctor":"Float64Array","array":[-420.334,242.49,0,0,0,0,1,1,1,1]}},{"__type__":"cc.Node","_name":"hits","_parent":{"__id__":90},"_components":[{"__type__":"169900iLpFDSrelEizBDC4Z","node":{"__id__":97},"_materials":[{"__uuid__":"ecpdLyjvZBwrvm+cedCcQy"}],"_string":"2 HITS","_N$string":"2 HITS","_fontSize":28,"_N$file":{"__uuid__":"37V08FLQdFjYQEejjPS/5t"},"_isSystemFontUsed":false,"_N$horizontalAlign":1,"_N$verticalAlign":1}],"_contentSize":{"__type__":"cc.Size","width":93.33,"height":40},"_trs":{"__type__":"TypedArray","ctor":"Float64Array","array":[293.704,207.172,0,0,0,0,1,1,1,0.83333]}},{"__type__":"cc.Node","_name":"renshu_txt","_parent":{"__id__":90},"_components":[{"__type__":"169900iLpFDSrelEizBDC4Z","node":{"__id__":98},"_materials":[{"__uuid__":"ecpdLyjvZBwrvm+cedCcQy"}],"_string":"100","_N$string":"100","_fontSize":28,"_N$horizontalAlign":1,"_N$verticalAlign":1,"_N$cacheMode":2}],"_contentSize":{"__type__":"cc.Size","width":46.71,"height":40},"_trs":{"__type__":"TypedArray","ctor":"Float64Array","array":[334.801,260.789,0,0,0,0,1,0.83333,0.83333,0.83333]}},{"__type__":"cc.Node","_name":"sbjy","_parent":{"__id__":74},"_components":[{"__type__":"e97baXNkTtEN5txJxjMsMQL","node":{"__id__":99},"_materials":[{"__uuid__":"ecpdLyjvZBwrvm+cedCcQy"}],"_spriteFrame":{"__uuid__":"01ZT8gUdBDTrKQLaIykrlj"}}],"_contentSize":{"__type__":"cc.Size","width":43,"height":29},"_trs":{"__type__":"TypedArray","ctor":"Float64Array","array":[-332.56083,215.60833,0,0,0,0,1,0.83333,0.83333,0.83333]}},{"__type__":"cc.Node","_name":"zt_btn","_parent":{"__id__":2},"_components":[{"__type__":"e97baXNkTtEN5txJxjMsMQL","node":{"__id__":100},"_materials":[{"__uuid__":"ecpdLyjvZBwrvm+cedCcQy"}],"_spriteFrame":{"__uuid__":"43pZcmavZJYZtF4ZAqnPWv"}}],"_contentSize":{"__type__":"cc.Size","width":56,"height":54},"_trs":{"__type__":"TypedArray","ctor":"Float64Array","array":[-549.531,209.333,0,0,0,0,1,1,1,1]}},{"__type__":"cc.Node","_name":"jiazai_mc","_parent":{"__id__":2},"_children":[{"__id__":102},{"__id__":103},{"__id__":104},{"__id__":105}],"_trs":{"__type__":"TypedArray","ctor":"Float64Array","array":[-640,-360,0,0,0,0,1,1,1,1]}},{"__type__":"cc.Node","_name":"xutiao3","_parent":{"__id__":101},"_components":[{"__type__":"e97baXNkTtEN5txJxjMsMQL","node":{"__id__":102},"_materials":[{"__uuid__":"ecpdLyjvZBwrvm+cedCcQy"}],"_spriteFrame":{"__uuid__":"bf9IgefMlN5JqoVAiAao4n"},"_sizeMode":0}],"_contentSize":{"__type__":"cc.Size","width":2011,"height":860},"_trs":{"__type__":"TypedArray","ctor":"Float64Array","array":[648.345,356.401,0,0,0,0,1,1,0.872,1]}},{"__type__":"cc.Node","_name":"jiazai_txt","_parent":{"__id__":101},"_components":[{"__type__":"169900iLpFDSrelEizBDC4Z","node":{"__id__":103},"_materials":[{"__uuid__":"ecpdLyjvZBwrvm+cedCcQy"}],"_string":"0%","_N$string":"0%","_fontSize":28,"_N$horizontalAlign":1,"_N$verticalAlign":1,"_N$cacheMode":2}],"_contentSize":{"__type__":"cc.Size","width":40.47,"height":40},"_trs":{"__type__":"TypedArray","ctor":"Float64Array","array":[648.758,353.678,0,0,0,0,1,1,1,1]}},{"__type__":"cc.Node","_name":"logo","_parent":{"__id__":101},"_components":[{"__type__":"e97baXNkTtEN5txJxjMsMQL","node":{"__id__":104},"_materials":[{"__uuid__":"ecpdLyjvZBwrvm+cedCcQy"}],"_spriteFrame":{"__uuid__":"7ayFGucKhOzYWqaXUyw4In"}}],"_contentSize":{"__type__":"cc.Size","width":444,"height":212},"_trs":{"__type__":"TypedArray","ctor":"Float64Array","array":[644.869,386.954,0,0,0,0,1,1,1,1]}},{"__type__":"cc.Node","_name":"label","_parent":{"__id__":101},"_components":[{"__type__":"169900iLpFDSrelEizBDC4Z","node":{"__id__":105},"_materials":[{"__uuid__":"ecpdLyjvZBwrvm+cedCcQy"}],"_fontSize":25,"_N$horizontalAlign":1,"_N$verticalAlign":1}],"_contentSize":{"__type__":"cc.Size","height":50.4},"_trs":{"__type__":"TypedArray","ctor":"Float64Array","array":[650.576,54.477,0,0,0,0,1,1,1,1]}},{"__type__":"cc.Node","_name":"bj","_parent":{"__id__":2},"_components":[{"__type__":"e97baXNkTtEN5txJxjMsMQL","node":{"__id__":106},"_materials":[{"__uuid__":"ecpdLyjvZBwrvm+cedCcQy"}],"_spriteFrame":{"__uuid__":"f7y79NZn9Ny5V9r6BD3zm1"},"_sizeMode":0}],"_contentSize":{"__type__":"cc.Size","width":2052,"height":656},"_trs":{"__type__":"TypedArray","ctor":"Float64Array","array":[24.527,689.761,0,0,0,0,1,1,1,1]}},{"__type__":"cc.Node","_name":"bj","_parent":{"__id__":2},"_components":[{"__type__":"e97baXNkTtEN5txJxjMsMQL","node":{"__id__":107},"_materials":[{"__uuid__":"ecpdLyjvZBwrvm+cedCcQy"}],"_spriteFrame":{"__uuid__":"f7y79NZn9Ny5V9r6BD3zm1"},"_sizeMode":0}],"_contentSize":{"__type__":"cc.Size","width":2052,"height":656},"_trs":{"__type__":"TypedArray","ctor":"Float64Array","array":[24.527,-693.223,0,0,0,0,1,1,1,1]}}],{"__type__":"cc.SpriteFrame","content":{"name":"hpbj2","texture":"95tfD1i+NGWaVq8Gy0WDAA","rect":[0,0,128,26],"offset":[0,0],"originalSize":[128,26],"capInsets":[0,0,0,0]}},{"__type__":"cc.SpriteFrame","content":{"name":"shangdian","texture":"a4xdqHQ59E0ZJWc+5V4WAA","rect":[0,5,78,73],"offset":[0,17.5],"originalSize":[78,118],"capInsets":[0,0,0,0]}},{"__type__":"cc.SpriteFrame","content":{"name":"you","texture":"a8N86RTldFP7pnIrTJBTAA","rect":[0,0,172,117],"offset":[0,0],"originalSize":[172,117],"capInsets":[0,0,0,0]}},{"__type__":"cc.SpriteFrame","content":{"name":"hpbj1","texture":"abxbTXLZVGFa9IRc8q9nAA","rect":[0,0,276,54],"offset":[0,0],"originalSize":[276,54],"capInsets":[0,0,0,0]}},{"__type__":"cc.SpriteFrame","content":{"name":"tubiao1","texture":"b9B/6YiKJOoJCWdrzwEBAA","rect":[0,0,382,176],"offset":[0,0],"originalSize":[382,176],"capInsets":[0,0,0,0]}},{"__type__":"cc.SpriteFrame","content":{"name":"shuangbeijy","texture":"dcznI9rR1Jf5sukW3XC0AA","rect":[22,2,61,60],"offset":[-3,25.5],"originalSize":[111,115],"capInsets":[0,0,0,0]}},{"__type__":"cc.SpriteFrame","content":{"name":"zuo","texture":"ea4UyAirtMIa86hl+pBlAA","rect":[0,0,172,117],"offset":[0,0],"originalSize":[172,117],"capInsets":[0,0,0,0]}},{"__type__":"cc.SpriteFrame","content":{"name":"beibao","texture":"f4MnJ/55VFjZhO6z+nxyAA","rect":[4,3,61,55],"offset":[-2,26.5],"originalSize":[73,114],"capInsets":[0,0,0,0]}},{"__type__":"cc.SpriteFrame","content":{"name":"tubiao2","texture":"fa0hWr2iVGUrNqf8sd03AA","rect":[0,0,383,163],"offset":[0,0],"originalSize":[383,163],"capInsets":[0,0,0,0]}}]