[{"__type__":"cc.Prefab","_name":"diren","data":{"__id__":1}},{"__type__":"cc.Node","_name":"diren","_children":[{"__id__":2}],"_components":[{"__type__":"c9b02wCE4NKUpDxW4ybe+yk","node":{"__id__":1}},{"__type__":"cc.BoxCollider","node":{"__id__":1},"_offset":{"__type__":"cc.Vec2","x":0.3,"y":89.7},"_size":{"__type__":"cc.Size","width":50.6,"height":151.5}},{"__type__":"3cf78CPKttFi7u8BN7DGzNp","node":{"__id__":1}}],"_prefab":{"__type__":"cc.PrefabInfo","root":{"__id__":1}},"_trs":{"__type__":"TypedArray","ctor":"Float64Array","array":[1037.916,-199.367,0,0,0,0,1,1,1,1]},"_groupIndex":2,"groupIndex":2},{"__type__":"cc.Node","_name":"body","_parent":{"__id__":1},"_children":[{"__id__":3}],"_components":[{"__type__":"e5296PHi0NFCIo2EFCDm+CX","node":{"__id__":2},"_materials":[{"__uuid__":"ecpdLyjvZBwrvm+cedCcQy"}],"_armatureName":"diren1","_animationName":"budong","_preCacheMode":0,"premultipliedAlpha":true,"_armatureKey":"db383a06-ac03-4f8e-8139-58754ade0205#522d78fc-ced5-44f7-9be4-1171f7bbedfe","_N$dragonAsset":{"__uuid__":"dbODoGrANPjoE5WHVK3gIF"},"_N$dragonAtlasAsset":{"__uuid__":"52LXj8ztVE95vkEXH3u+3+"}}],"_prefab":{"__type__":"cc.PrefabInfo","root":{"__id__":1},"fileId":"97rB2piglAs4iSpwbDsrTv"},"_contentSize":{"__type__":"cc.Size","width":66.07,"height":1802.97},"_trs":{"__type__":"TypedArray","ctor":"Float64Array","array":[0,0.966,0,0,0,0,1,1,1,1]},"_groupIndex":2,"groupIndex":2},{"__type__":"cc.Node","_name":"ATTACHED_NODE_TREE","_parent":{"__id__":2},"_children":[{"__id__":4}],"_prefab":{"__type__":"cc.PrefabInfo","root":{"__id__":1},"fileId":"fbieC7VkFHtoAJoGmfYyqP"},"_trs":{"__type__":"TypedArray","ctor":"Float64Array","array":[0,0,0,0,0,0,1,1,1,1]},"_groupIndex":2,"groupIndex":2},{"__type__":"cc.Node","_name":"ATTACHED_NODE:root","_parent":{"__id__":3},"_children":[{"__id__":5},{"__type__":"cc.Node","_name":"ATTACHED_NODE:zuojiao","_parent":{"__id__":4},"_prefab":{"__type__":"cc.PrefabInfo","root":{"__id__":1},"fileId":"68xZrDTuJIuIFCajrCVWw3"},"_trs":{"__type__":"TypedArray","ctor":"Float64Array","array":[0,0,0,0,0,0,1,1,1,1]},"_groupIndex":2,"groupIndex":2},{"__type__":"cc.Node","_name":"ATTACHED_NODE:da2xin","_parent":{"__id__":4},"_prefab":{"__type__":"cc.PrefabInfo","root":{"__id__":1},"fileId":"b3NfC8x5pAUoM7DhT2sBDW"},"_trs":{"__type__":"TypedArray","ctor":"Float64Array","array":[0,0,0,0,0,0,1,1,1,1]},"_groupIndex":2,"groupIndex":2},{"__type__":"cc.Node","_name":"ATTACHED_NODE:youjiao","_parent":{"__id__":4},"_prefab":{"__type__":"cc.PrefabInfo","root":{"__id__":1},"fileId":"39KNRs2m1PBZCP2ZGbfdQi"},"_trs":{"__type__":"TypedArray","ctor":"Float64Array","array":[0,0,0,0,0,0,1,1,1,1]},"_groupIndex":2,"groupIndex":2},{"__type__":"cc.Node","_name":"ATTACHED_NODE:da3xin","_parent":{"__id__":4},"_prefab":{"__type__":"cc.PrefabInfo","root":{"__id__":1},"fileId":"c6Ne3Ru2NCqrFs4inCDFhz"},"_trs":{"__type__":"TypedArray","ctor":"Float64Array","array":[0,0,0,0,0,0,1,1,1,1]},"_groupIndex":2,"groupIndex":2},{"__type__":"cc.Node","_name":"ATTACHED_NODE:da1xin","_parent":{"__id__":4},"_prefab":{"__type__":"cc.PrefabInfo","root":{"__id__":1},"fileId":"87jblNcJdK6aeANI1+fIOi"},"_trs":{"__type__":"TypedArray","ctor":"Float64Array","array":[0,0,0,0,0,0,1,1,1,1]},"_groupIndex":2,"groupIndex":2},{"__id__":14}],"_prefab":{"__type__":"cc.PrefabInfo","root":{"__id__":1},"fileId":"fcv9h+3TRAm5zLY1B0WKkR"},"_trs":{"__type__":"TypedArray","ctor":"Float64Array","array":[0,0,0,0,0,0,1,1,1,1]},"_groupIndex":2,"groupIndex":2},{"__type__":"cc.Node","_name":"ATTACHED_NODE:腰","_parent":{"__id__":4},"_children":[{"__id__":6},{"__id__":12},{"__id__":13}],"_prefab":{"__type__":"cc.PrefabInfo","root":{"__id__":1},"fileId":"c8ui2eOFJP7KFfHdi36hE/"},"_trs":{"__type__":"TypedArray","ctor":"Float64Array","array":[0,0,0,0,0,0,1,1,1,1]},"_groupIndex":2,"groupIndex":2},{"__type__":"cc.Node","_name":"ATTACHED_NODE:上身","_parent":{"__id__":5},"_children":[{"__type__":"cc.Node","_name":"ATTACHED_NODE:youshou","_parent":{"__id__":6},"_prefab":{"__type__":"cc.PrefabInfo","root":{"__id__":1},"fileId":"dfG7Yn2VtGj7Q0eMQDnC3f"},"_trs":{"__type__":"TypedArray","ctor":"Float64Array","array":[0,0,0,0,0,0,1,1,1,1]},"_groupIndex":2,"groupIndex":2},{"__type__":"cc.Node","_name":"ATTACHED_NODE:zuoshou","_parent":{"__id__":6},"_prefab":{"__type__":"cc.PrefabInfo","root":{"__id__":1},"fileId":"b1oyAyUntDk5f4aoFJwdxF"},"_trs":{"__type__":"TypedArray","ctor":"Float64Array","array":[0,0,0,0,0,0,1,1,1,1]},"_groupIndex":2,"groupIndex":2},{"__id__":7},{"__type__":"cc.Node","_name":"ATTACHED_NODE:头","_parent":{"__id__":6},"_prefab":{"__type__":"cc.PrefabInfo","root":{"__id__":1},"fileId":"f3+3QQRJtE9KfqiAjHPLqC"},"_trs":{"__type__":"TypedArray","ctor":"Float64Array","array":[0,0,0,0,0,0,1,1,1,1]},"_groupIndex":2,"groupIndex":2},{"__id__":9}],"_prefab":{"__type__":"cc.PrefabInfo","root":{"__id__":1},"fileId":"7bSHbP1MpEVIKhVHnKFExU"},"_trs":{"__type__":"TypedArray","ctor":"Float64Array","array":[0,0,0,0,0,0,1,1,1,1]},"_groupIndex":2,"groupIndex":2},{"__type__":"cc.Node","_name":"ATTACHED_NODE:右肩","_parent":{"__id__":6},"_children":[{"__id__":8}],"_prefab":{"__type__":"cc.PrefabInfo","root":{"__id__":1},"fileId":"d7ZogrbLRGqoIYvFIzXPb4"},"_trs":{"__type__":"TypedArray","ctor":"Float64Array","array":[0,0,0,0,0,0,1,1,1,1]},"_groupIndex":2,"groupIndex":2},{"__type__":"cc.Node","_name":"ATTACHED_NODE:右手","_parent":{"__id__":7},"_children":[{"__type__":"cc.Node","_name":"ATTACHED_NODE:root","_parent":{"__id__":8},"_prefab":{"__type__":"cc.PrefabInfo","root":{"__id__":1},"fileId":"830WPAOhROX7nQRm7oMRrG"},"_trs":{"__type__":"TypedArray","ctor":"Float64Array","array":[0,0,0,0,0,0,1,1,1,1]},"_groupIndex":2,"groupIndex":2}],"_prefab":{"__type__":"cc.PrefabInfo","root":{"__id__":1},"fileId":"1cE7/zN6FGubb4wEraQkuL"},"_trs":{"__type__":"TypedArray","ctor":"Float64Array","array":[0,0,0,0,0,0,1,1,1,1]},"_groupIndex":2,"groupIndex":2},{"__type__":"cc.Node","_name":"ATTACHED_NODE:左肩","_parent":{"__id__":6},"_children":[{"__id__":10}],"_prefab":{"__type__":"cc.PrefabInfo","root":{"__id__":1},"fileId":"e7ukkU26NJkaQj3NnN/BYF"},"_trs":{"__type__":"TypedArray","ctor":"Float64Array","array":[0,0,0,0,0,0,1,1,1,1]},"_groupIndex":2,"groupIndex":2},{"__type__":"cc.Node","_name":"ATTACHED_NODE:左手","_parent":{"__id__":9},"_children":[{"__id__":11}],"_prefab":{"__type__":"cc.PrefabInfo","root":{"__id__":1},"fileId":"1fSNrck6BFW4tnsA1wbMHT"},"_trs":{"__type__":"TypedArray","ctor":"Float64Array","array":[0,0,0,0,0,0,1,1,1,1]},"_groupIndex":2,"groupIndex":2},{"__type__":"cc.Node","_name":"ATTACHED_NODE:wuqi","_parent":{"__id__":10},"_children":[{"__type__":"cc.Node","_name":"ATTACHED_NODE:root","_parent":{"__id__":11},"_prefab":{"__type__":"cc.PrefabInfo","root":{"__id__":1},"fileId":"e3uXRHya5BFrRdhBNDKwAE"},"_trs":{"__type__":"TypedArray","ctor":"Float64Array","array":[0,0,0,0,0,0,1,1,1,1]},"_groupIndex":2,"groupIndex":2}],"_prefab":{"__type__":"cc.PrefabInfo","root":{"__id__":1},"fileId":"abzeYRChZLOZxN21lssb8v"},"_trs":{"__type__":"TypedArray","ctor":"Float64Array","array":[0,0,0,0,0,0,1,1,1,1]},"_groupIndex":2,"groupIndex":2},{"__type__":"cc.Node","_name":"ATTACHED_NODE:左大腿","_parent":{"__id__":5},"_children":[{"__type__":"cc.Node","_name":"ATTACHED_NODE:左脚","_parent":{"__id__":12},"_prefab":{"__type__":"cc.PrefabInfo","root":{"__id__":1},"fileId":"27p3zcrV1JNKmc0E9o5uiL"},"_trs":{"__type__":"TypedArray","ctor":"Float64Array","array":[0,0,0,0,0,0,1,1,1,1]},"_groupIndex":2,"groupIndex":2}],"_prefab":{"__type__":"cc.PrefabInfo","root":{"__id__":1},"fileId":"9cpFN1lApNeY94k7lM5hCs"},"_trs":{"__type__":"TypedArray","ctor":"Float64Array","array":[0,0,0,0,0,0,1,1,1,1]},"_groupIndex":2,"groupIndex":2},{"__type__":"cc.Node","_name":"ATTACHED_NODE:右大腿","_parent":{"__id__":5},"_children":[{"__type__":"cc.Node","_name":"ATTACHED_NODE:右脚","_parent":{"__id__":13},"_prefab":{"__type__":"cc.PrefabInfo","root":{"__id__":1},"fileId":"5cT0pMbrNFb7WwbykkNYcu"},"_trs":{"__type__":"TypedArray","ctor":"Float64Array","array":[0,0,0,0,0,0,1,1,1,1]},"_groupIndex":2,"groupIndex":2}],"_prefab":{"__type__":"cc.PrefabInfo","root":{"__id__":1},"fileId":"4b5u81mehGc7y0gSlirQKc"},"_trs":{"__type__":"TypedArray","ctor":"Float64Array","array":[0,0,0,0,0,0,1,1,1,1]},"_groupIndex":2,"groupIndex":2},{"__type__":"cc.Node","_name":"ATTACHED_NODE:pz","_parent":{"__id__":4},"_components":[{"__type__":"cc.BoxCollider","node":{"__id__":14},"_offset":{"__type__":"cc.Vec2","x":30.5,"y":-0.2},"_size":{"__type__":"cc.Size","width":63,"height":33.6}}],"_prefab":{"__type__":"cc.PrefabInfo","root":{"__id__":1},"fileId":"6dSs+xl19MLZRRkriAtAwf"},"_trs":{"__type__":"TypedArray","ctor":"Float64Array","array":[0,0,0,0,0,0,1,1,1,1]},"_groupIndex":3,"groupIndex":3}]