[
  {
    "__type__": "cc.SpriteFrame",
    "content": {
      "name": "muzzleFlash2_012947",
      "texture": "32tWkk+K5Jubw9qUhvOVez",
      "rect": [
        0,
        3,
        165,
        144
      ],
      "offset": [
        -7.5,
        0
      ],
      "originalSize": [
        180,
        150
      ],
      "capInsets": [
        0,
        0,
        0,
        0
      ]
    }
  },
  {
    "__type__": "cc.SpriteFrame",
    "content": {
      "name": "muzzleFlash210476",
      "texture": "b9i+aSkXVLv6xwYUrmhFAm",
      "rect": [
        0,
        10,
        180,
        140
      ],
      "offset": [
        0,
        -5
      ],
      "originalSize": [
        180,
        150
      ],
      "capInsets": [
        0,
        0,
        0,
        0
      ]
    }
  },
  {
    "__type__": "cc.AnimationClip",
    "_name": "Boom",
    "_duration": 0.13333333333333333,
    "wrapMode": "1",
    "curveData": {
      "paths": {
        "muzzleFlashRound": {
          "props": {
            "scale": [
              {
                "frame": 0,
                "value": {
                  "__type__": "cc.Vec2",
                  "x": 1,
                  "y": 1
                }
              },
              {
                "frame": 0.13333333333333333,
                "value": {
                  "__type__": "cc.Vec2",
                  "x": 2,
                  "y": 2
                }
              }
            ],
            "opacity": [
              {
                "frame": 0.06666666666666667,
                "value": 255
              },
              {
                "frame": 0.13333333333333333,
                "value": 0
              }
            ]
          }
        },
        "muzzleFlash2_01": {
          "comps": {
            "cc.Sprite": {
              "spriteFrame": [
                {
                  "frame": 0,
                  "value": {
                    "__uuid__": "240FLA/ONAipiHOwaeicEn"
                  }
                },
                {
                  "frame": 0.016666666666666666,
                  "value": {
                    "__uuid__": "e97j6RgfZJn5/lHOCSrJD5"
                  }
                }
              ]
            }
          },
          "props": {
            "scale": [
              {
                "frame": 0.06666666666666667,
                "value": {
                  "__type__": "cc.Vec2",
                  "x": 0.55,
                  "y": 0.55
                }
              },
              {
                "frame": 0.11666666666666667,
                "value": {
                  "__type__": "cc.Vec2"
                }
              }
            ]
          }
        }
      }
    }
  }
]