[
  [
    {
      "__type__": "cc.Prefab",
      "_name": "RewardUI",
      "data": {
        "__id__": 1
      }
    },
    {
      "__type__": "cc.Node",
      "_name": "RewardUI",
      "_children": [
        {
          "__id__": 2
        },
        {
          "__id__": 3
        },
        {
          "__id__": 4
        },
        {
          "__id__": 5
        },
        {
          "__id__": 6
        },
        {
          "__id__": 7
        },
        {
          "__id__": 9
        },
        {
          "__id__": 10
        },
        {
          "__id__": 11
        },
        {
          "__id__": 12
        }
      ],
      "_level": 1,
      "_components": [
        {
          "__type__": "cc.BlockInputEvents",
          "node": {
            "__id__": 1
          }
        },
        {
          "__type__": "88efakwDx9LLowKV5SwtmaC",
          "node": {
            "__id__": 1
          },
          "sortOrder": 2
        }
      ],
      "_prefab": {
        "__type__": "cc.PrefabInfo",
        "root": {
          "__id__": 1
        },
        "asset": {
          "__uuid__": "0a+3wxuIhIs6kLVc8ghDJ0"
        },
        "fileId": "f8p8y0TRVOpYtLfZDcX7QO"
      },
      "_contentSize": {
        "__type__": "cc.Size",
        "width": 750,
        "height": 1334
      },
      "groupIndex": 1
    },
    {
      "__type__": "cc.Node",
      "_name": "Back",
      "_parent": {
        "__id__": 1
      },
      "_level": 2,
      "_components": [
        {
          "__type__": "cc.Sprite",
          "node": {
            "__id__": 2
          },
          "_materials": [
            {
              "__uuid__": "ecpdLyjvZBwrvm+cedCcQy"
            }
          ],
          "_spriteFrame": {
            "__uuid__": "20MsNZ+lVL5IUu6DD9FWlF"
          },
          "_sizeMode": 0,
          "_isTrimmedMode": false
        },
        {
          "__type__": "cc.Widget",
          "node": {
            "__id__": 2
          },
          "alignMode": 0,
          "_alignFlags": 45,
          "_top": -173,
          "_bottom": -173,
          "_originalWidth": 720,
          "_originalHeight": 1280
        }
      ],
      "_prefab": {
        "__type__": "cc.PrefabInfo",
        "root": {
          "__id__": 1
        },
        "asset": {
          "__uuid__": "0a+3wxuIhIs6kLVc8ghDJ0"
        },
        "fileId": "b3cBEsgt1I6qUY2Lco1m/K"
      },
      "_opacity": 128,
      "_color": {
        "__type__": "cc.Color"
      },
      "_contentSize": {
        "__type__": "cc.Size",
        "width": 750,
        "height": 1680
      },
      "groupIndex": 1
    },
    {
      "__type__": "cc.Node",
      "_name": "Panel",
      "_parent": {
        "__id__": 1
      },
      "_level": 2,
      "_components": [
        {
          "__type__": "cc.Sprite",
          "node": {
            "__id__": 3
          },
          "_materials": [
            {
              "__uuid__": "ecpdLyjvZBwrvm+cedCcQy"
            }
          ],
          "_spriteFrame": {
            "__uuid__": "20MsNZ+lVL5IUu6DD9FWlF"
          },
          "_sizeMode": 0,
          "_isTrimmedMode": false
        }
      ],
      "_prefab": {
        "__type__": "cc.PrefabInfo",
        "root": {
          "__id__": 1
        },
        "asset": {
          "__uuid__": "0a+3wxuIhIs6kLVc8ghDJ0"
        },
        "fileId": "admGTj9rpOKYi6ylUaJdwo"
      },
      "_color": {
        "__type__": "cc.Color",
        "r": 119,
        "g": 108,
        "b": 86
      },
      "_contentSize": {
        "__type__": "cc.Size",
        "width": 580,
        "height": 640
      },
      "_position": {
        "__type__": "cc.Vec3",
        "y": 93.71
      },
      "groupIndex": 1
    },
    {
      "__type__": "cc.Node",
      "_name": "Titleback",
      "_parent": {
        "__id__": 1
      },
      "_level": 2,
      "_components": [
        {
          "__type__": "cc.Sprite",
          "node": {
            "__id__": 4
          },
          "_materials": [
            {
              "__uuid__": "ecpdLyjvZBwrvm+cedCcQy"
            }
          ],
          "_spriteFrame": {
            "__uuid__": "2do2oEwatKMb9NAmWr/gFQ"
          },
          "_type": 1,
          "_sizeMode": 0,
          "_isTrimmedMode": false
        }
      ],
      "_prefab": {
        "__type__": "cc.PrefabInfo",
        "root": {
          "__id__": 1
        },
        "asset": {
          "__uuid__": "0a+3wxuIhIs6kLVc8ghDJ0"
        },
        "fileId": "0ae5sSuuxCRYgmLGxEnt9e"
      },
      "_contentSize": {
        "__type__": "cc.Size",
        "width": 640,
        "height": 104
      },
      "_position": {
        "__type__": "cc.Vec3",
        "y": 447.71
      },
      "groupIndex": 1
    },
    {
      "__type__": "cc.Node",
      "_name": "Shine",
      "_parent": {
        "__id__": 1
      },
      "_level": 2,
      "_components": [
        {
          "__type__": "cc.Sprite",
          "node": {
            "__id__": 5
          },
          "_materials": [
            {
              "__uuid__": "ecpdLyjvZBwrvm+cedCcQy"
            }
          ],
          "_spriteFrame": {
            "__uuid__": "3aZFcJ6/VA95J3I9lJkQGI"
          },
          "_sizeMode": 2,
          "_isTrimmedMode": false
        }
      ],
      "_prefab": {
        "__type__": "cc.PrefabInfo",
        "root": {
          "__id__": 1
        },
        "asset": {
          "__uuid__": "0a+3wxuIhIs6kLVc8ghDJ0"
        },
        "fileId": "5dz49jC7NMT6TdHIFJ8oS3"
      },
      "_contentSize": {
        "__type__": "cc.Size",
        "width": 437,
        "height": 396
      },
      "_position": {
        "__type__": "cc.Vec3",
        "y": 173.71
      },
      "groupIndex": 1
    },
    {
      "__type__": "cc.Node",
      "_name": "RewardIcon",
      "_parent": {
        "__id__": 1
      },
      "_level": 2,
      "_components": [
        {
          "__type__": "cc.Sprite",
          "node": {
            "__id__": 6
          },
          "_materials": [
            {
              "__uuid__": "ecpdLyjvZBwrvm+cedCcQy"
            }
          ],
          "_spriteFrame": {
            "__uuid__": "f6xD65bL5Pjq6q+l1seZSH"
          },
          "_sizeMode": 2,
          "_isTrimmedMode": false
        }
      ],
      "_prefab": {
        "__type__": "cc.PrefabInfo",
        "root": {
          "__id__": 1
        },
        "asset": {
          "__uuid__": "0a+3wxuIhIs6kLVc8ghDJ0"
        },
        "fileId": "448JoXG25MNrW7tNqMJmPl"
      },
      "_contentSize": {
        "__type__": "cc.Size",
        "width": 361,
        "height": 270
      },
      "_position": {
        "__type__": "cc.Vec3",
        "y": 173.71
      },
      "groupIndex": 1
    },
    {
      "__type__": "cc.Node",
      "_name": "Video",
      "_parent": {
        "__id__": 1
      },
      "_children": [
        {
          "__id__": 8
        }
      ],
      "_level": 2,
      "_components": [
        {
          "__type__": "cc.Sprite",
          "node": {
            "__id__": 7
          },
          "_materials": [
            {
              "__uuid__": "ecpdLyjvZBwrvm+cedCcQy"
            }
          ],
          "_spriteFrame": {
            "__uuid__": "c5TYm+URZFK6rkqxOEv+NG"
          },
          "_sizeMode": 2,
          "_isTrimmedMode": false
        },
        {
          "__type__": "cc.Button",
          "node": {
            "__id__": 7
          },
          "zoomScale": 0.9,
          "clickEvents": [
            {
              "__type__": "cc.ClickEvent",
              "target": {
                "__id__": 1
              },
              "_componentId": "88efakwDx9LLowKV5SwtmaC",
              "handler": "watchVideo"
            }
          ],
          "_N$transition": 3,
          "transition": 3,
          "_N$target": {
            "__id__": 7
          }
        }
      ],
      "_prefab": {
        "__type__": "cc.PrefabInfo",
        "root": {
          "__id__": 1
        },
        "asset": {
          "__uuid__": "0a+3wxuIhIs6kLVc8ghDJ0"
        },
        "fileId": "57fgfS8O5OKLhYjRa/4H3/"
      },
      "_contentSize": {
        "__type__": "cc.Size",
        "width": 336,
        "height": 112
      },
      "_position": {
        "__type__": "cc.Vec3",
        "y": -126.29
      },
      "groupIndex": 1
    },
    {
      "__type__": "cc.Node",
      "_name": "video",
      "_parent": {
        "__id__": 7
      },
      "_level": 3,
      "_components": [
        {
          "__type__": "cc.Sprite",
          "node": {
            "__id__": 8
          },
          "_materials": [
            {
              "__uuid__": "ecpdLyjvZBwrvm+cedCcQy"
            }
          ],
          "_spriteFrame": {
            "__uuid__": "2chAoT/npGG5tcauaTPNEV"
          }
        }
      ],
      "_prefab": {
        "__type__": "cc.PrefabInfo",
        "root": {
          "__id__": 1
        },
        "asset": {
          "__uuid__": "0a+3wxuIhIs6kLVc8ghDJ0"
        },
        "fileId": "4eRzX+7ANOyLtxTM/2gAr1"
      },
      "_contentSize": {
        "__type__": "cc.Size",
        "width": 55,
        "height": 42
      },
      "_position": {
        "__type__": "cc.Vec3",
        "x": -117.074,
        "y": 1.648
      }
    },
    {
      "__type__": "cc.Node",
      "_name": "TITLE",
      "_parent": {
        "__id__": 1
      },
      "_level": 2,
      "_components": [
        {
          "__type__": "cc.Button",
          "node": {
            "__id__": 9
          },
          "zoomScale": 0.9,
          "clickEvents": [
            {
              "__type__": "cc.ClickEvent",
              "target": {
                "__id__": 1
              },
              "_componentId": "88efakwDx9LLowKV5SwtmaC",
              "handler": "collect"
            }
          ],
          "_N$transition": 3,
          "transition": 3,
          "_N$target": {
            "__id__": 9
          }
        },
        {
          "__type__": "6cad48Uy8dPKICa0K2XihYY",
          "node": {
            "__id__": 9
          },
          "bannerType": 2,
          "obstructOffset": 0,
          "_delayTime": 0.9
        },
        {
          "__type__": "cc.Label",
          "node": {
            "__id__": 9
          },
          "_materials": [
            {
              "__uuid__": "ecpdLyjvZBwrvm+cedCcQy"
            }
          ],
          "_string": "Reward",
          "_N$string": "Reward"
        },
        {
          "__type__": "cc.LabelOutline",
          "node": {
            "__id__": 9
          },
          "_color": {
            "__type__": "cc.Color"
          },
          "_width": 2
        }
      ],
      "_prefab": {
        "__type__": "cc.PrefabInfo",
        "root": {
          "__id__": 1
        },
        "asset": {
          "__uuid__": "0a+3wxuIhIs6kLVc8ghDJ0"
        },
        "fileId": "3atlFZTXxNCbiiJAdQUY1C"
      },
      "_contentSize": {
        "__type__": "cc.Size",
        "width": 141.83,
        "height": 54.4
      },
      "_position": {
        "__type__": "cc.Vec3",
        "x": -3.439,
        "y": 453.377
      },
      "groupIndex": 1
    },
    {
      "__type__": "cc.Node",
      "_name": "Collect",
      "_parent": {
        "__id__": 1
      },
      "_level": 2,
      "_components": [
        {
          "__type__": "cc.Button",
          "node": {
            "__id__": 10
          },
          "zoomScale": 0.9,
          "clickEvents": [
            {
              "__type__": "cc.ClickEvent",
              "target": {
                "__id__": 1
              },
              "_componentId": "88efakwDx9LLowKV5SwtmaC",
              "handler": "collect"
            }
          ],
          "_N$transition": 3,
          "transition": 3,
          "_N$target": {
            "__id__": 10
          }
        },
        {
          "__type__": "6cad48Uy8dPKICa0K2XihYY",
          "node": {
            "__id__": 10
          },
          "bannerType": 2,
          "obstructOffset": 0,
          "_delayTime": 0.9
        },
        {
          "__type__": "cc.Label",
          "node": {
            "__id__": 10
          },
          "_materials": [
            {
              "__uuid__": "ecpdLyjvZBwrvm+cedCcQy"
            }
          ],
          "_string": "GET X3",
          "_N$string": "GET X3"
        },
        {
          "__type__": "cc.LabelOutline",
          "node": {
            "__id__": 10
          },
          "_color": {
            "__type__": "cc.Color"
          },
          "_width": 2
        }
      ],
      "_prefab": {
        "__type__": "cc.PrefabInfo",
        "root": {
          "__id__": 1
        },
        "asset": {
          "__uuid__": "0a+3wxuIhIs6kLVc8ghDJ0"
        },
        "fileId": "fftwyKb41NnpqXbyJ8IzzQ"
      },
      "_contentSize": {
        "__type__": "cc.Size",
        "width": 146.27,
        "height": 54.4
      },
      "_position": {
        "__type__": "cc.Vec3",
        "x": -0.611,
        "y": -124.228
      },
      "groupIndex": 1
    },
    {
      "__type__": "cc.Node",
      "_name": "Collect",
      "_parent": {
        "__id__": 1
      },
      "_level": 2,
      "_components": [
        {
          "__type__": "cc.Button",
          "node": {
            "__id__": 11
          },
          "zoomScale": 0.9,
          "clickEvents": [
            {
              "__type__": "cc.ClickEvent",
              "target": {
                "__id__": 1
              },
              "_componentId": "88efakwDx9LLowKV5SwtmaC",
              "handler": "collect"
            }
          ],
          "_N$transition": 3,
          "transition": 3,
          "_N$target": {
            "__id__": 11
          }
        },
        {
          "__type__": "6cad48Uy8dPKICa0K2XihYY",
          "node": {
            "__id__": 11
          },
          "bannerType": 2,
          "obstructOffset": 0,
          "_delayTime": 0.9
        },
        {
          "__type__": "cc.Label",
          "node": {
            "__id__": 11
          },
          "_materials": [
            {
              "__uuid__": "ecpdLyjvZBwrvm+cedCcQy"
            }
          ],
          "_string": "GET",
          "_N$string": "GET"
        },
        {
          "__type__": "cc.LabelOutline",
          "node": {
            "__id__": 11
          },
          "_color": {
            "__type__": "cc.Color"
          },
          "_width": 2
        }
      ],
      "_prefab": {
        "__type__": "cc.PrefabInfo",
        "root": {
          "__id__": 1
        },
        "asset": {
          "__uuid__": "0a+3wxuIhIs6kLVc8ghDJ0"
        },
        "fileId": "5cZjxhtjpPKqYfB9noYCQ0"
      },
      "_contentSize": {
        "__type__": "cc.Size",
        "width": 86.23,
        "height": 54.4
      },
      "_position": {
        "__type__": "cc.Vec3",
        "y": -255.29
      },
      "groupIndex": 1
    },
    {
      "__type__": "cc.Node",
      "_name": "Num",
      "_parent": {
        "__id__": 1
      },
      "_level": 2,
      "_components": [
        {
          "__type__": "cc.Label",
          "node": {
            "__id__": 12
          },
          "_materials": [
            {
              "__uuid__": "ecpdLyjvZBwrvm+cedCcQy"
            }
          ],
          "_string": "100",
          "_N$string": "100",
          "_fontSize": 36,
          "_lineHeight": 60,
          "_N$horizontalAlign": 1,
          "_N$verticalAlign": 1
        }
      ],
      "_prefab": {
        "__type__": "cc.PrefabInfo",
        "root": {
          "__id__": 1
        },
        "asset": {
          "__uuid__": "0a+3wxuIhIs6kLVc8ghDJ0"
        },
        "fileId": "f1UUBazTNBYLdxhdhIUSm6"
      },
      "_contentSize": {
        "__type__": "cc.Size",
        "width": 60.06,
        "height": 75.6
      },
      "_position": {
        "__type__": "cc.Vec3",
        "y": -6.29
      },
      "groupIndex": 1
    }
  ],
  {
    "__type__": "cc.SpriteFrame",
    "content": {
      "name": "empty1356",
      "texture": "88tn/jEb1IUJjk+yo6qwK0",
      "rect": [
        0,
        0,
        2,
        2
      ],
      "offset": [
        0,
        0
      ],
      "originalSize": [
        2,
        2
      ],
      "capInsets": [
        0,
        0,
        0,
        0
      ]
    }
  },
  {
    "__type__": "cc.SpriteFrame",
    "content": {
      "name": "video",
      "texture": "bber9idBlF9Idt0PLrzGlc",
      "rect": [
        967,
        58,
        55,
        42
      ],
      "offset": [
        0,
        0
      ],
      "originalSize": [
        55,
        42
      ],
      "capInsets": [
        0,
        0,
        0,
        0
      ]
    }
  },
  {
    "__type__": "cc.SpriteFrame",
    "content": {
      "name": "title_bg12431",
      "texture": "5bxp7tmShCy4DGByAX+U3u",
      "rect": [
        0,
        0,
        274,
        104
      ],
      "offset": [
        0,
        0
      ],
      "originalSize": [
        274,
        104
      ],
      "capInsets": [
        40,
        0,
        40,
        0
      ]
    }
  },
  {
    "__type__": "cc.SpriteFrame",
    "content": {
      "name": "reward_shine",
      "texture": "bber9idBlF9Idt0PLrzGlc",
      "rect": [
        528,
        2,
        437,
        396
      ],
      "offset": [
        0,
        0
      ],
      "originalSize": [
        437,
        396
      ],
      "capInsets": [
        0,
        0,
        0,
        0
      ]
    }
  },
  {
    "__type__": "cc.SpriteFrame",
    "content": {
      "name": "button11239",
      "texture": "edyC3E/NRNl7ELWBM92Uv2",
      "rect": [
        0,
        0,
        336,
        112
      ],
      "offset": [
        0,
        0
      ],
      "originalSize": [
        336,
        112
      ],
      "capInsets": [
        20,
        20,
        20,
        20
      ]
    }
  },
  {
    "__type__": "cc.SpriteFrame",
    "content": {
      "name": "reward_gold",
      "texture": "bber9idBlF9Idt0PLrzGlc",
      "rect": [
        2,
        276,
        361,
        270
      ],
      "offset": [
        0,
        0
      ],
      "originalSize": [
        361,
        270
      ],
      "capInsets": [
        0,
        0,
        0,
        0
      ]
    }
  }
]