[
  [
    {
      "__type__": "cc.Prefab",
      "_name": "Bullet",
      "data": {
        "__id__": 1
      }
    },
    {
      "__type__": "cc.Node",
      "_name": "Bullet",
      "_children": [
        {
          "__id__": 2
        }
      ],
      "_level": 1,
      "_components": [
        {
          "__type__": "708bffKGrVCJbB4IX8wGNRD",
          "node": {
            "__id__": 1
          }
        }
      ],
      "_prefab": {
        "__type__": "cc.PrefabInfo",
        "root": {
          "__id__": 1
        },
        "asset": {
          "__uuid__": "b3ts0Z65BAErDtM+zS1EqU"
        },
        "fileId": "60/JPWw/9ONYur/fSv1kKn"
      },
      "_contentSize": {
        "__type__": "cc.Size",
        "width": 78,
        "height": 10
      }
    },
    {
      "__type__": "cc.Node",
      "_name": "Model",
      "_parent": {
        "__id__": 1
      },
      "_level": 2,
      "_components": [
        {
          "__type__": "cc.Sprite",
          "node": {
            "__id__": 2
          },
          "_spriteFrame": {
            "__uuid__": "fd3j3ibbxPKKrzyHFZnAhH"
          },
          "_sizeMode": 2,
          "_isTrimmedMode": false
        }
      ],
      "_prefab": {
        "__type__": "cc.PrefabInfo",
        "root": {
          "__id__": 1
        },
        "asset": {
          "__uuid__": "b3ts0Z65BAErDtM+zS1EqU"
        },
        "fileId": "ceWlPOUbtA67OYDI5aM61K"
      },
      "_contentSize": {
        "__type__": "cc.Size",
        "width": 260,
        "height": 70
      },
      "_scale": {
        "__type__": "cc.Vec3",
        "x": 0.3,
        "y": 0.3,
        "z": 1
      }
    }
  ],
  {
    "__type__": "cc.SpriteFrame",
    "content": {
      "name": "bullet10944",
      "texture": "1bz81vIcpN1aHpuX3LhzXE",
      "rect": [
        1,
        1,
        204,
        54
      ],
      "offset": [
        0,
        0
      ],
      "originalSize": [
        206,
        56
      ],
      "capInsets": [
        0,
        0,
        0,
        0
      ]
    }
  }
]