[{"__type__":"cc.Prefab","_name":"gezi","data":{"__id__":1}},{"__type__":"cc.Node","_name":"gezi","_components":[{"__type__":"e97baXNkTtEN5txJxjMsMQL","node":{"__id__":1},"_materials":[{"__uuid__":"ecpdLyjvZBwrvm+cedCcQy"}],"_spriteFrame":{"__uuid__":"f7y79NZn9Ny5V9r6BD3zm1"},"_sizeMode":0}],"_prefab":{"__type__":"cc.PrefabInfo","root":{"__id__":1}},"_opacity":150,"_contentSize":{"__type__":"cc.Size","width":80,"height":80},"_trs":{"__type__":"TypedArray","ctor":"Float64Array","array":[0,0,0,0,0,0,1,1,1,1]}}]