[1,["1a6ce1326","78khnAw79Hj7as87RA8vPK"],["_textureSetter","_texture"],["cc.SpriteFrame",["dragonBones.DragonBonesAsset",["_name","_dragonBonesJson"],1],["dragonBones.DragonBonesAtlasAsset",["_name","_atlasJson"],1]],[[1,0,1,3],[2,0,1,3]],[[[[0,"moto_ske6","{\"frameRate\":24,\"name\":\"moto2\",\"version\":\"5.5\",\"compatibleVersion\":\"5.5\",\"armature\":[{\"type\":\"Armature\",\"frameRate\":24,\"name\":\"Armature\",\"aabb\":{\"x\":-111.8,\"y\":-263.72,\"width\":240,\"height\":240.31},\"bone\":[{\"name\":\"root\",\"transform\":{\"x\":0.9424,\"y\":-21.3604}},{\"length\":27,\"name\":\"lunzi\",\"parent\":\"root\",\"transform\":{\"x\":-44.55,\"y\":-22.65,\"skX\":-0.8318,\"skY\":-0.8318}},{\"length\":56,\"name\":\"2\",\"parent\":\"lunzi\",\"transform\":{\"x\":0.0246,\"y\":-28.5141,\"skX\":-20.3795,\"skY\":-20.3795}},{\"length\":28,\"name\":\"tui2\",\"parent\":\"2\",\"transform\":{\"x\":25.1879,\"y\":10.276,\"skX\":-40.1211,\"skY\":-40.1211}},{\"length\":30,\"name\":\"tui1\",\"parent\":\"tui2\",\"transform\":{\"x\":41.0966,\"y\":-13.8997,\"skX\":-77.2974,\"skY\":-77.2974}},{\"length\":31,\"name\":\"shenzi\",\"parent\":\"tui1\",\"transform\":{\"x\":33.3342,\"y\":24.6297,\"skX\":84.9085,\"skY\":84.9085}},{\"length\":21,\"name\":\"gebo3\",\"parent\":\"shenzi\",\"transform\":{\"x\":43.0596,\"y\":34.4418,\"skX\":72.3677,\"skY\":72.3677}},{\"length\":30,\"name\":\"tou\",\"parent\":\"shenzi\",\"transform\":{\"x\":71.8842,\"y\":9.6049,\"skX\":-7.7502,\"skY\":-7.7502}},{\"length\":20,\"name\":\"gebo1\",\"parent\":\"shenzi\",\"transform\":{\"x\":26.0051,\"y\":13.9567,\"skX\":110.5792,\"skY\":110.5792}},{\"length\":24,\"name\":\"gebo2\",\"parent\":\"gebo1\",\"transform\":{\"x\":41.2036,\"y\":-6.1807,\"skX\":-56.5085,\"skY\":-56.5085}}],\"slot\":[{\"name\":\"2\",\"parent\":\"2\"},{\"name\":\"tui1\",\"parent\":\"tui1\"},{\"name\":\"tui2\",\"parent\":\"tui2\"},{\"name\":\"gebo3\",\"parent\":\"gebo3\"},{\"name\":\"shenzi\",\"parent\":\"shenzi\"},{\"name\":\"gebo2\",\"parent\":\"gebo2\"},{\"name\":\"gebo1\",\"parent\":\"gebo1\"},{\"name\":\"tou\",\"parent\":\"tou\"}],\"skin\":[{\"slot\":[{\"name\":\"gebo1\",\"display\":[{\"name\":\"gebo1\",\"transform\":{\"x\":10.69,\"y\":0.53,\"skX\":-56.86,\"skY\":-56.86}}]},{\"name\":\"tui1\",\"display\":[{\"name\":\"tui1\",\"transform\":{\"x\":17.44,\"y\":-1.38,\"skX\":138.63,\"skY\":138.63}}]},{\"name\":\"gebo3\",\"display\":[{\"name\":\"gebo3\",\"transform\":{\"x\":11.73,\"y\":0.66,\"skX\":-18.65,\"skY\":-18.65}}]},{\"name\":\"gebo2\",\"display\":[{\"name\":\"gebo2\",\"transform\":{\"x\":12.43,\"y\":0.5,\"skX\":-0.35,\"skY\":-0.35}}]},{\"name\":\"shenzi\",\"display\":[{\"name\":\"shenzi\",\"transform\":{\"x\":10.96,\"y\":-4.55,\"skX\":53.06,\"skY\":53.06}}]},{\"name\":\"2\",\"display\":[{\"name\":\"2\",\"transform\":{\"x\":55.49,\"y\":1.28,\"skX\":21.21,\"skY\":21.21}}]},{\"name\":\"tou\",\"display\":[{\"name\":\"tou\",\"transform\":{\"x\":14.5,\"y\":3.32,\"skX\":61.47,\"skY\":61.47}}]},{\"name\":\"tui2\",\"display\":[{\"name\":\"tui2\",\"transform\":{\"x\":11.99,\"y\":-0.74,\"skX\":61.33,\"skY\":61.33}}]}]}],\"animation\":[{\"duration\":24,\"playTimes\":0,\"name\":\"wait\",\"bone\":[{\"name\":\"2\",\"translateFrame\":[{\"duration\":6,\"tweenEasing\":0},{\"duration\":6,\"tweenEasing\":0,\"y\":1.8},{\"duration\":6,\"tweenEasing\":0},{\"duration\":6,\"tweenEasing\":0,\"y\":1.8},{\"duration\":0}]},{\"name\":\"tui2\",\"rotateFrame\":[{\"duration\":6,\"tweenEasing\":0},{\"duration\":6,\"tweenEasing\":0,\"rotate\":0.14},{\"duration\":6,\"tweenEasing\":0},{\"duration\":6,\"tweenEasing\":0,\"rotate\":0.14},{\"duration\":0}]},{\"name\":\"tui1\",\"rotateFrame\":[{\"duration\":6,\"tweenEasing\":0},{\"duration\":6,\"tweenEasing\":0,\"rotate\":-0.95},{\"duration\":6,\"tweenEasing\":0},{\"duration\":6,\"tweenEasing\":0,\"rotate\":-0.95},{\"duration\":0}]},{\"name\":\"shenzi\",\"rotateFrame\":[{\"duration\":6,\"tweenEasing\":0},{\"duration\":6,\"tweenEasing\":0,\"rotate\":0.89},{\"duration\":6,\"tweenEasing\":0},{\"duration\":6,\"tweenEasing\":0,\"rotate\":0.89},{\"duration\":0}]},{\"name\":\"tou\",\"rotateFrame\":[{\"duration\":6,\"tweenEasing\":0},{\"duration\":6,\"tweenEasing\":0,\"rotate\":2.75},{\"duration\":6,\"tweenEasing\":0},{\"duration\":6,\"tweenEasing\":0,\"rotate\":2.75},{\"duration\":0}]}]},{\"duration\":30,\"playTimes\":0,\"name\":\"rush\",\"bone\":[{\"name\":\"lunzi\",\"rotateFrame\":[{\"duration\":8,\"tweenEasing\":0},{\"duration\":12,\"tweenEasing\":0,\"rotate\":-6.79},{\"duration\":4,\"tweenEasing\":0,\"rotate\":-8.17},{\"duration\":6}]},{\"name\":\"2\",\"rotateFrame\":[{\"duration\":24},{\"duration\":2,\"tweenEasing\":0},{\"duration\":2,\"tweenEasing\":0,\"rotate\":3.38},{\"duration\":2}]},{\"name\":\"tui2\",\"rotateFrame\":[{\"duration\":8,\"tweenEasing\":0},{\"duration\":8,\"tweenEasing\":0,\"rotate\":-7.44},{\"duration\":8,\"tweenEasing\":0,\"rotate\":-7.44},{\"duration\":6}]},{\"name\":\"tui1\",\"rotateFrame\":[{\"duration\":8,\"tweenEasing\":0},{\"duration\":8,\"tweenEasing\":0,\"rotate\":27.64},{\"duration\":8,\"tweenEasing\":0,\"rotate\":27.64},{\"duration\":2,\"tweenEasing\":0},{\"duration\":2,\"tweenEasing\":0,\"rotate\":-2.83},{\"duration\":2}]},{\"name\":\"shenzi\",\"translateFrame\":[{\"duration\":8,\"tweenEasing\":0},{\"duration\":8,\"tweenEasing\":0,\"x\":9.57,\"y\":-0.37},{\"duration\":8,\"tweenEasing\":0,\"x\":9.42,\"y\":1.99},{\"duration\":6}],\"rotateFrame\":[{\"duration\":8,\"tweenEasing\":0},{\"duration\":8,\"tweenEasing\":0,\"rotate\":-17.1},{\"duration\":8,\"tweenEasing\":0,\"rotate\":-17.1},{\"duration\":6}]},{\"name\":\"gebo3\",\"rotateFrame\":[{\"duration\":8,\"tweenEasing\":0},{\"duration\":8,\"tweenEasing\":0,\"rotate\":13.47},{\"duration\":8,\"tweenEasing\":0,\"rotate\":13.47},{\"duration\":6}]},{\"name\":\"tou\",\"rotateFrame\":[{\"duration\":18,\"tweenEasing\":0},{\"duration\":6,\"tweenEasing\":0,\"rotate\":-8.23},{\"duration\":3,\"tweenEasing\":0},{\"duration\":3,\"tweenEasing\":0,\"rotate\":13.29},{\"duration\":0}]},{\"name\":\"gebo1\",\"rotateFrame\":[{\"duration\":8,\"tweenEasing\":0},{\"duration\":8,\"tweenEasing\":0,\"rotate\":8.65},{\"duration\":8,\"tweenEasing\":0,\"rotate\":8.65},{\"duration\":6}]},{\"name\":\"gebo2\",\"rotateFrame\":[{\"duration\":8,\"tweenEasing\":0},{\"duration\":8,\"tweenEasing\":0,\"rotate\":4.66},{\"duration\":8,\"tweenEasing\":0,\"rotate\":4.66},{\"duration\":6}]}]},{\"duration\":8,\"playTimes\":0,\"name\":\"feiqi_1\",\"bone\":[{\"name\":\"lunzi\",\"rotateFrame\":[{\"duration\":4,\"tweenEasing\":0},{\"duration\":4,\"rotate\":-6.79}]},{\"name\":\"tui2\",\"rotateFrame\":[{\"duration\":2,\"tweenEasing\":0},{\"duration\":6,\"rotate\":-7.44}]},{\"name\":\"tui1\",\"rotateFrame\":[{\"duration\":2,\"tweenEasing\":0},{\"duration\":6,\"rotate\":27.64}]},{\"name\":\"shenzi\",\"translateFrame\":[{\"duration\":2,\"tweenEasing\":0},{\"duration\":4,\"tweenEasing\":0,\"x\":8.68,\"y\":-0.16},{\"duration\":2,\"x\":10.7,\"y\":3.37}],\"rotateFrame\":[{\"duration\":2,\"tweenEasing\":0},{\"duration\":6,\"rotate\":-17.1}]},{\"name\":\"gebo3\",\"rotateFrame\":[{\"duration\":4,\"tweenEasing\":0},{\"duration\":4,\"rotate\":13.47}]},{\"name\":\"tou\",\"rotateFrame\":[{\"duration\":8,\"tweenEasing\":0},{\"duration\":0,\"rotate\":-8.23}]},{\"name\":\"gebo1\",\"rotateFrame\":[{\"duration\":4,\"tweenEasing\":0},{\"duration\":4,\"rotate\":8.65}]},{\"name\":\"gebo2\",\"rotateFrame\":[{\"duration\":4,\"tweenEasing\":0},{\"duration\":4,\"rotate\":4.66}]}]},{\"duration\":0,\"playTimes\":0,\"name\":\"feiqi_2\",\"bone\":[{\"name\":\"lunzi\",\"rotateFrame\":[{\"duration\":0,\"rotate\":-6.79}]},{\"name\":\"tui2\",\"rotateFrame\":[{\"duration\":0,\"rotate\":-7.44}]},{\"name\":\"tui1\",\"rotateFrame\":[{\"duration\":0,\"rotate\":27.64}]},{\"name\":\"shenzi\",\"translateFrame\":[{\"duration\":0,\"x\":10.7,\"y\":3.37}],\"rotateFrame\":[{\"duration\":0,\"rotate\":-17.1}]},{\"name\":\"gebo3\",\"rotateFrame\":[{\"duration\":0,\"rotate\":13.47}]},{\"name\":\"tou\",\"rotateFrame\":[{\"duration\":0,\"rotate\":-8.23}]},{\"name\":\"gebo1\",\"rotateFrame\":[{\"duration\":0,\"rotate\":8.65}]},{\"name\":\"gebo2\",\"rotateFrame\":[{\"duration\":0,\"rotate\":4.66}]}]},{\"duration\":24,\"playTimes\":0,\"name\":\"feiqi_3\",\"bone\":[{\"name\":\"lunzi\",\"rotateFrame\":[{\"duration\":10,\"tweenEasing\":0,\"rotate\":-6.79},{\"duration\":14}]},{\"name\":\"2\",\"rotateFrame\":[{\"duration\":8},{\"duration\":2,\"tweenEasing\":0},{\"duration\":2,\"tweenEasing\":0,\"rotate\":3.38},{\"duration\":12}]},{\"name\":\"tui2\",\"rotateFrame\":[{\"duration\":8,\"tweenEasing\":0,\"rotate\":-7.44},{\"duration\":16}]},{\"name\":\"tui1\",\"rotateFrame\":[{\"duration\":8,\"tweenEasing\":0,\"rotate\":27.64},{\"duration\":2,\"tweenEasing\":0},{\"duration\":2,\"tweenEasing\":0,\"rotate\":-2.83},{\"duration\":12}]},{\"name\":\"shenzi\",\"translateFrame\":[{\"duration\":8,\"tweenEasing\":0,\"x\":10.7,\"y\":3.37},{\"duration\":16}],\"rotateFrame\":[{\"duration\":8,\"tweenEasing\":0,\"rotate\":-17.22},{\"duration\":16}]},{\"name\":\"gebo3\",\"rotateFrame\":[{\"duration\":12,\"tweenEasing\":0,\"rotate\":13.47},{\"duration\":12}]},{\"name\":\"tou\",\"rotateFrame\":[{\"duration\":6,\"tweenEasing\":0,\"rotate\":-8.35},{\"duration\":3,\"tweenEasing\":0,\"rotate\":-0.76},{\"duration\":2,\"tweenEasing\":0,\"rotate\":13.29},{\"duration\":13}]},{\"name\":\"gebo1\",\"rotateFrame\":[{\"duration\":12,\"tweenEasing\":0,\"rotate\":8.53},{\"duration\":12}]},{\"name\":\"gebo2\",\"rotateFrame\":[{\"duration\":12,\"tweenEasing\":0,\"rotate\":4.66},{\"duration\":12}]}]},{\"duration\":12,\"playTimes\":0,\"name\":\"shache_1\",\"bone\":[{\"name\":\"2\",\"translateFrame\":[{\"duration\":12,\"tweenEasing\":0},{\"duration\":0,\"x\":-1.22,\"y\":2.57}],\"rotateFrame\":[{\"duration\":12,\"tweenEasing\":0},{\"duration\":0,\"rotate\":-1.62}]},{\"name\":\"tui2\",\"rotateFrame\":[{\"duration\":12,\"tweenEasing\":0},{\"duration\":0,\"rotate\":3.86}]},{\"name\":\"tui1\",\"rotateFrame\":[{\"duration\":12,\"tweenEasing\":0},{\"duration\":0,\"rotate\":-5.98}]},{\"name\":\"shenzi\",\"rotateFrame\":[{\"duration\":12,\"tweenEasing\":0},{\"duration\":0,\"rotate\":-9.49}]},{\"name\":\"gebo3\",\"translateFrame\":[{\"duration\":12,\"tweenEasing\":0},{\"duration\":0,\"x\":0.42,\"y\":4.5}],\"rotateFrame\":[{\"duration\":12,\"tweenEasing\":0},{\"duration\":0,\"rotate\":15.48}]},{\"name\":\"gebo1\",\"rotateFrame\":[{\"duration\":12,\"tweenEasing\":0},{\"duration\":0,\"rotate\":2.42}]},{\"name\":\"gebo2\",\"rotateFrame\":[{\"duration\":12,\"tweenEasing\":0},{\"duration\":0,\"rotate\":13.29}]}]},{\"duration\":0,\"playTimes\":0,\"name\":\"shache_2\",\"bone\":[{\"name\":\"2\",\"translateFrame\":[{\"duration\":0,\"x\":-1.22,\"y\":2.57}],\"rotateFrame\":[{\"duration\":0,\"rotate\":-1.62}]},{\"name\":\"tui2\",\"rotateFrame\":[{\"duration\":0,\"rotate\":3.86}]},{\"name\":\"tui1\",\"rotateFrame\":[{\"duration\":0,\"rotate\":-5.98}]},{\"name\":\"shenzi\",\"rotateFrame\":[{\"duration\":0,\"rotate\":-9.49}]},{\"name\":\"gebo3\",\"translateFrame\":[{\"duration\":0,\"x\":0.42,\"y\":4.5}],\"rotateFrame\":[{\"duration\":0,\"rotate\":15.48}]},{\"name\":\"gebo1\",\"rotateFrame\":[{\"duration\":0,\"rotate\":2.42}]},{\"name\":\"gebo2\",\"rotateFrame\":[{\"duration\":0,\"rotate\":13.29}]}]},{\"duration\":8,\"playTimes\":0,\"name\":\"shache_3\",\"bone\":[{\"name\":\"2\",\"translateFrame\":[{\"duration\":8,\"tweenEasing\":0,\"x\":-1.22,\"y\":2.57},{\"duration\":0}],\"rotateFrame\":[{\"duration\":8,\"tweenEasing\":0,\"rotate\":-1.62},{\"duration\":0}]},{\"name\":\"tui2\",\"rotateFrame\":[{\"duration\":8,\"tweenEasing\":0,\"rotate\":3.86},{\"duration\":0}]},{\"name\":\"tui1\",\"rotateFrame\":[{\"duration\":8,\"tweenEasing\":0,\"rotate\":-5.98},{\"duration\":0}]},{\"name\":\"shenzi\",\"rotateFrame\":[{\"duration\":8,\"tweenEasing\":0,\"rotate\":-9.49},{\"duration\":0}]},{\"name\":\"gebo3\",\"translateFrame\":[{\"duration\":8,\"tweenEasing\":0,\"x\":0.42,\"y\":4.5},{\"duration\":0}],\"rotateFrame\":[{\"duration\":8,\"tweenEasing\":0,\"rotate\":15.48},{\"duration\":0}]},{\"name\":\"gebo1\",\"rotateFrame\":[{\"duration\":8,\"tweenEasing\":0,\"rotate\":2.42},{\"duration\":0}]},{\"name\":\"gebo2\",\"rotateFrame\":[{\"duration\":8,\"tweenEasing\":0,\"rotate\":13.29},{\"duration\":0}]}]}],\"defaultActions\":[{\"gotoAndPlay\":\"wait\"}]}]}"]],0,0,[],[],[]],[[{"name":"rolewheel6","rect":[1364,88,82,82],"offset":[0,0],"originalSize":[100,100],"capInsets":[0,0,0,0]}],[0],0,[0],[0],[0]],[[[1,"moto_tex6","{\"SubTexture\":[{\"frameY\":0,\"y\":1,\"frameX\":0,\"frameHeight\":136,\"height\":135,\"frameWidth\":240,\"width\":240,\"name\":\"2\",\"x\":1},{\"frameY\":-1,\"y\":200,\"frameX\":0,\"frameHeight\":68,\"height\":67,\"frameWidth\":82,\"width\":82,\"name\":\"tui1\",\"x\":84},{\"frameY\":-1,\"y\":230,\"frameX\":0,\"frameHeight\":60,\"height\":59,\"frameWidth\":64,\"width\":63,\"name\":\"tui2\",\"x\":1},{\"frameY\":-1,\"y\":200,\"frameX\":0,\"frameHeight\":40,\"height\":39,\"frameWidth\":84,\"width\":83,\"name\":\"gebo3\",\"x\":168},{\"frameY\":0,\"y\":138,\"frameX\":-1,\"frameHeight\":60,\"height\":60,\"frameWidth\":98,\"width\":96,\"name\":\"shenzi\",\"x\":84},{\"frameY\":0,\"y\":138,\"frameX\":-1,\"frameHeight\":38,\"height\":37,\"frameWidth\":66,\"width\":64,\"name\":\"gebo2\",\"x\":182},{\"frameY\":-1,\"y\":241,\"frameX\":0,\"frameHeight\":54,\"height\":52,\"frameWidth\":44,\"width\":43,\"name\":\"gebo1\",\"x\":168},{\"frameY\":0,\"y\":138,\"frameX\":-1,\"frameHeight\":90,\"height\":90,\"frameWidth\":82,\"width\":81,\"name\":\"tou\",\"x\":1}],\"imagePath\":\"moto_tex6.png\",\"width\":256,\"name\":\"moto2\",\"height\":512}"]],0,0,[0],[1],[1]]]]