[1,["ecpdLyjvZBwrvm+cedCcQy","165c85a4a","eeH0+73vNGgbEM9ZTrk+Ws","f21SUmfalNDrPxx+oW2/++","ceyZZZ4rpCDY1EzYwQSgjO","c4GohPI6dMHLu4MHxwd/93","bcTpvaI+JIurj4zu/h2jQI","25T4mJkq1HpoXK33KyRmM3","daVGMKvslP0Iat5vmZUVjT"],["node","_spriteFrame","_textureSetter","_N$file","root","data"],[["cc.Node",["_name","_groupIndex","_active","_components","_prefab","_contentSize","_parent","_trs","_children","_color","_anchorPoint"],0,9,4,5,1,7,2,5,5],"cc.SpriteFrame",["cc.Widget",["_alignFlags","_left","_right","node"],0,1],["cc.Sprite",["_sizeMode","node","_materials","_spriteFrame"],2,1,3,6],["cc.PrefabInfo",["fileId","root"],2,1],["cc.Label",["_fontSize","_lineHeight","_N$verticalAlign","_string","_isSystemFontUsed","_N$horizontalAlign","_N$overflow","node","_materials","_N$file"],-4,1,3,6],["cc.Prefab",["_name"],2],["cc.Mask",["_type","_N$alphaThreshold","node","_materials"],1,1,3],["cc.Button",["_N$transition","node"],2,1]],[[4,0,1,2],[3,1,2,3,1],[0,0,1,6,3,4,5,7,3],[3,0,1,2,3,2],[2,0,1,3,3],[2,0,2,3,3],[5,3,0,1,4,5,2,7,8,9,7],[6,0,2],[0,0,1,8,3,4,5,3],[0,0,1,6,8,3,4,5,7,3],[0,0,1,6,8,3,4,9,5,10,7,3],[0,0,1,6,3,4,9,5,10,7,3],[0,0,1,6,3,4,9,5,7,3],[0,0,1,6,3,4,5,3],[0,0,6,3,4,5,2],[0,0,2,1,6,3,4,5,7,4],[4,1,1],[2,0,1,2,3,4],[7,0,1,2,3,3],[5,0,1,2,6,7,8,5],[8,0,1,2]],[[[{"name":"rankbg8","rect":[776,2008,35,26],"offset":[0,0],"originalSize":[35,26],"rotated":1,"capInsets":[0,0,0,0]}],[1],0,[0],[2],[1]],[[[7,"node_rankitem"],[8,"node_rankitem",1,[-3,-4,-5,-6,-7,-8],[[1,-2,[16],17]],[16,-1],[5,456,60]],[9,"node_headphoto",1,1,[-11,-12],[[4,8,83.99999999999999,-9],[18,1,0,-10,[6]]],[0,"dbT/QWkeROW6Z9KTdENBjG",1],[5,48,48],[-120,0,0,0,0,0,1,1,1,1]],[10,"node_score",1,1,[-15],[[6,"100",30,30,false,1,1,-13,[10],11],[17,32,300,78.92999999999999,-14]],[0,"2aNWZNms5K/4pIlg7vVU3f",1],[4,4278190080],[5,47.81,30],[0,0,0.5],[101.25999999999999,5,0,0,0,0,1,1,1,1]],[2,"node_icon",1,1,[[3,0,-16,[12],13],[5,32,16.113,-17],[20,1,-18]],[0,"23IA0aVGtO/pd6WWBAubMn",1],[5,48,48],[187.887,0,0,0,0,0,1,1,1,1]],[11,"node_name",1,1,[[19,24,24,1,2,-19,[7]],[4,8,140,-20]],[0,"6aNQOm1U1H+LvKkq1YEYwP",1],[4,4278190080],[5,140,35.28],[0,0,0.5],[-88,0,0,0,0,0,1,1,1,1]],[2,"node_star",1,3,[[1,-21,[8],9],[5,32,60,-22]],[0,"d2bhjNSctOUo3+TWUlGUAa",1],[5,30,29],[-27.189999999999998,-5,0,0,0,0,1,1,1,1]],[12,"node_number",1,1,[[6,"1",28,28,false,1,1,-23,[0],1]],[0,"44H/+4cANO17q7bqgX+oPm",1],[4,4278190080],[5,14.88,28],[-190,5,0,0,0,0,1,1,1,1]],[13,"img",1,2,[[1,-24,[2],3]],[0,"d66NCo/8BLW5PAkNBVfr3A",1],[5,100,100]],[14,"headmask",2,[[3,0,-25,[4],5]],[0,"79ILhK0UNAa6JJGFq+lTwh",1],[5,48,48]],[15,"node_top",false,1,1,[[1,-26,[14],15]],[0,"f5jAIzdBJCHLIUqMOxEdHE",1],[5,35,26],[-190,0,0,0,0,0,1,1,1,1]]],0,[0,4,1,0,0,1,0,-1,7,0,-2,2,0,-3,5,0,-4,3,0,-5,4,0,-6,10,0,0,2,0,0,2,0,-1,8,0,-2,9,0,0,3,0,0,3,0,-1,6,0,0,4,0,0,4,0,0,4,0,0,5,0,0,5,0,0,6,0,0,6,0,0,7,0,0,8,0,0,9,0,0,10,0,5,1,26],[0,0,0,0,0,0,0,0,0,0,0,0,0,0,0,0,0,0],[-1,3,-1,1,-1,1,-1,-1,-1,1,-1,3,-1,1,-1,1,-1,1],[0,2,0,3,0,4,0,0,0,5,0,2,0,6,0,7,0,8]],[[{"name":"rankbg7","rect":[1417,756,50,50],"offset":[0,0],"originalSize":[50,50],"capInsets":[0,0,0,0]}],[1],0,[0],[2],[1]],[[{"name":"rankbg9","rect":[1530,786,30,29],"offset":[0,-0.5],"originalSize":[30,30],"capInsets":[0,0,0,0]}],[1],0,[0],[2],[1]],[[{"name":"rankbg2","rect":[1570,1390,456,60],"offset":[-2,0],"originalSize":[460,60],"capInsets":[0,0,0,0]}],[1],0,[0],[2],[1]]]]