[{"__type__":"cc.Prefab","_name":"bj","data":{"__id__":1}},{"__type__":"cc.Node","_name":"bj","_objFlags":512,"_children":[{"__id__":2}],"_prefab":{"__type__":"cc.PrefabInfo","root":{"__id__":1}},"_trs":{"__type__":"TypedArray","ctor":"Float64Array","array":[-640,-360,774.22671,0,0,0,1,1,1,1]}},{"__type__":"cc.Node","_name":"beijing","_objFlags":512,"_parent":{"__id__":1},"_children":[{"__id__":3},{"__id__":4},{"__id__":5},{"__id__":6},{"__id__":7},{"__id__":8},{"__id__":9},{"__id__":10},{"__id__":11},{"__id__":12},{"__id__":13},{"__id__":14},{"__id__":15},{"__id__":16},{"__id__":17},{"__id__":18},{"__id__":19},{"__id__":20},{"__id__":21},{"__id__":22},{"__id__":23}],"_prefab":{"__type__":"cc.PrefabInfo","root":{"__id__":1},"fileId":"21WA8IIlRCn6p4LXpkcTh7"},"_trs":{"__type__":"TypedArray","ctor":"Float64Array","array":[0,0,0,0,0,0,1,1,1,1]}},{"__type__":"cc.Node","_name":"bj1","_parent":{"__id__":2},"_components":[{"__type__":"e97baXNkTtEN5txJxjMsMQL","node":{"__id__":3},"_materials":[{"__uuid__":"ecpdLyjvZBwrvm+cedCcQy"}],"_spriteFrame":{"__uuid__":"d9TSCK9PVCh6Nj2ySXPksm"},"_sizeMode":0}],"_prefab":{"__type__":"cc.PrefabInfo","root":{"__id__":1},"fileId":"1dsVCuJp9OaLu+vvPrb69Z"},"_contentSize":{"__type__":"cc.Size","width":1920,"height":734},"_trs":{"__type__":"TypedArray","ctor":"Float64Array","array":[647.237,360.889,0,0,0,0,1,1,1,1]}},{"__type__":"cc.Node","_name":"taiyan","_parent":{"__id__":2},"_components":[{"__type__":"cc.Sprite","node":{"__id__":4},"_materials":[{"__uuid__":"ecpdLyjvZBwrvm+cedCcQy"}]}],"_prefab":{"__type__":"cc.PrefabInfo","root":{"__id__":1},"fileId":"4awgsWvc9L26I9P0+Hh2Od"},"_contentSize":{"__type__":"cc.Size","width":531,"height":530},"_trs":{"__type__":"TypedArray","ctor":"Float64Array","array":[674.245,449.784,0,0,0,0,1,1,1,1]}},{"__type__":"cc.Node","_name":"shan1","_parent":{"__id__":2},"_components":[{"__type__":"cc.Sprite","node":{"__id__":5},"_materials":[{"__uuid__":"ecpdLyjvZBwrvm+cedCcQy"}],"_srcBlendFactor":1}],"_prefab":{"__type__":"cc.PrefabInfo","root":{"__id__":1},"fileId":"4381lPhRRI056e9W5oPtya"},"_contentSize":{"__type__":"cc.Size","width":1444,"height":208},"_trs":{"__type__":"TypedArray","ctor":"Float64Array","array":[2084.063,337.332,0,0,0,0,1,-1,1,-1]}},{"__type__":"cc.Node","_name":"shan1","_parent":{"__id__":2},"_components":[{"__type__":"cc.Sprite","node":{"__id__":6},"_materials":[{"__uuid__":"ecpdLyjvZBwrvm+cedCcQy"}],"_srcBlendFactor":1}],"_prefab":{"__type__":"cc.PrefabInfo","root":{"__id__":1},"fileId":"62rjLwo2RDPZouZZFas9+g"},"_contentSize":{"__type__":"cc.Size","width":1444,"height":208},"_trs":{"__type__":"TypedArray","ctor":"Float64Array","array":[-612.137,337.332,0,0,0,0,1,-1,1,-1]}},{"__type__":"cc.Node","_name":"shan1","_parent":{"__id__":2},"_components":[{"__type__":"cc.Sprite","node":{"__id__":7},"_materials":[{"__uuid__":"ecpdLyjvZBwrvm+cedCcQy"}],"_srcBlendFactor":1}],"_prefab":{"__type__":"cc.PrefabInfo","root":{"__id__":1},"fileId":"6bFDbwfJZFkrdmsqdCIsoG"},"_contentSize":{"__type__":"cc.Size","width":1444,"height":208},"_trs":{"__type__":"TypedArray","ctor":"Float64Array","array":[640.643,337.331,0,0,0,0,1,1,1,1]}},{"__type__":"cc.Node","_name":"shan2","_parent":{"__id__":2},"_components":[{"__type__":"cc.Sprite","node":{"__id__":8},"_materials":[{"__uuid__":"ecpdLyjvZBwrvm+cedCcQy"}],"_srcBlendFactor":1}],"_prefab":{"__type__":"cc.PrefabInfo","root":{"__id__":1},"fileId":"36D/m7lIBIGaMIc6gfjHVI"},"_contentSize":{"__type__":"cc.Size","width":1427,"height":270},"_trs":{"__type__":"TypedArray","ctor":"Float64Array","array":[2024.217,281.343,0,0,0,0,1,-1,1,-1]}},{"__type__":"cc.Node","_name":"shan2","_parent":{"__id__":2},"_components":[{"__type__":"cc.Sprite","node":{"__id__":9},"_materials":[{"__uuid__":"ecpdLyjvZBwrvm+cedCcQy"}],"_srcBlendFactor":1}],"_prefab":{"__type__":"cc.PrefabInfo","root":{"__id__":1},"fileId":"c0kfzSiPNPzatMcgfYpKFs"},"_contentSize":{"__type__":"cc.Size","width":1427,"height":270},"_trs":{"__type__":"TypedArray","ctor":"Float64Array","array":[-814.835,281.05,0,0,0,0,1,-1,1,-1]}},{"__type__":"cc.Node","_name":"shan2","_parent":{"__id__":2},"_components":[{"__type__":"cc.Sprite","node":{"__id__":10},"_materials":[{"__uuid__":"ecpdLyjvZBwrvm+cedCcQy"}],"_srcBlendFactor":1}],"_prefab":{"__type__":"cc.PrefabInfo","root":{"__id__":1},"fileId":"4bjSzW6b9ONo1VPnVKhtFb"},"_contentSize":{"__type__":"cc.Size","width":1427,"height":270},"_trs":{"__type__":"TypedArray","ctor":"Float64Array","array":[598.36,281.398,0,0,0,0,1,1,1,1]}},{"__type__":"cc.Node","_name":"shan3","_parent":{"__id__":2},"_components":[{"__type__":"cc.Sprite","node":{"__id__":11},"_materials":[{"__uuid__":"ecpdLyjvZBwrvm+cedCcQy"}],"_srcBlendFactor":1}],"_prefab":{"__type__":"cc.PrefabInfo","root":{"__id__":1},"fileId":"4d+C4J/llOPKSFzF7KNybb"},"_contentSize":{"__type__":"cc.Size","width":2890,"height":317},"_trs":{"__type__":"TypedArray","ctor":"Float64Array","array":[787.632,163.156,0,0,0,0,1,1,1,1]}},{"__type__":"cc.Node","_name":"shu4","_parent":{"__id__":2},"_components":[{"__type__":"cc.Sprite","node":{"__id__":12},"_materials":[{"__uuid__":"ecpdLyjvZBwrvm+cedCcQy"}]}],"_prefab":{"__type__":"cc.PrefabInfo","root":{"__id__":1},"fileId":"c1E+3iRzFCU5R4YQ4ijBZl"},"_contentSize":{"__type__":"cc.Size","width":186,"height":694},"_trs":{"__type__":"TypedArray","ctor":"Float64Array","array":[856.03,291.236,0,0,0,0,1,-0.48,0.48,-0.48]}},{"__type__":"cc.Node","_name":"shu4","_parent":{"__id__":2},"_components":[{"__type__":"cc.Sprite","node":{"__id__":13},"_materials":[{"__uuid__":"ecpdLyjvZBwrvm+cedCcQy"}]}],"_prefab":{"__type__":"cc.PrefabInfo","root":{"__id__":1},"fileId":"314CnHafFFc5lRB2J56Uo3"},"_contentSize":{"__type__":"cc.Size","width":186,"height":694},"_trs":{"__type__":"TypedArray","ctor":"Float64Array","array":[1105.689,327.5,0,0,0,0,1,-0.663,0.663,-0.663]}},{"__type__":"cc.Node","_name":"shu1","_parent":{"__id__":2},"_components":[{"__type__":"e97baXNkTtEN5txJxjMsMQL","node":{"__id__":14},"_materials":[{"__uuid__":"ecpdLyjvZBwrvm+cedCcQy"}],"_spriteFrame":{"__uuid__":"06SY06gdFOOIrD3dPBMo9q"}}],"_prefab":{"__type__":"cc.PrefabInfo","root":{"__id__":1},"fileId":"f25QDlbo9JFohpVBHUtqML"},"_contentSize":{"__type__":"cc.Size","width":106,"height":140},"_trs":{"__type__":"TypedArray","ctor":"Float64Array","array":[1180.739,242.606,0,0,0,0,1,1,1,1]}},{"__type__":"cc.Node","_name":"shu3","_parent":{"__id__":2},"_components":[{"__type__":"e97baXNkTtEN5txJxjMsMQL","node":{"__id__":15},"_materials":[{"__uuid__":"ecpdLyjvZBwrvm+cedCcQy"}],"_spriteFrame":{"__uuid__":"93SBL5QBhD5LL7QT/AfmwJ"}}],"_prefab":{"__type__":"cc.PrefabInfo","root":{"__id__":1},"fileId":"70FqnNLttEJJc7rCBwDgYa"},"_contentSize":{"__type__":"cc.Size","width":89,"height":91},"_trs":{"__type__":"TypedArray","ctor":"Float64Array","array":[674.527,240.079,0,0,0,0,1,1,1,1]}},{"__type__":"cc.Node","_name":"cao2","_parent":{"__id__":2},"_components":[{"__type__":"e97baXNkTtEN5txJxjMsMQL","node":{"__id__":16},"_materials":[{"__uuid__":"ecpdLyjvZBwrvm+cedCcQy"}],"_spriteFrame":{"__uuid__":"fcColGhqtLGYv2zRKXx3U+"}}],"_prefab":{"__type__":"cc.PrefabInfo","root":{"__id__":1},"fileId":"0aSE7s5GRNXpexMWwQjfpm"},"_contentSize":{"__type__":"cc.Size","width":103,"height":56},"_trs":{"__type__":"TypedArray","ctor":"Float64Array","array":[612.42,205.421,0,0,0,0,1,1,1,1]}},{"__type__":"cc.Node","_name":"cao3","_parent":{"__id__":2},"_components":[{"__type__":"e97baXNkTtEN5txJxjMsMQL","node":{"__id__":17},"_materials":[{"__uuid__":"ecpdLyjvZBwrvm+cedCcQy"}],"_spriteFrame":{"__uuid__":"f47pW2+LdNapy/rEPQGlHa"}}],"_prefab":{"__type__":"cc.PrefabInfo","root":{"__id__":1},"fileId":"ecAANL/VRLB7kMWvxIrLFc"},"_contentSize":{"__type__":"cc.Size","width":30,"height":92},"_trs":{"__type__":"TypedArray","ctor":"Float64Array","array":[770.133,268.816,0,0,0,0,1,1,1,1]}},{"__type__":"cc.Node","_name":"cao1","_parent":{"__id__":2},"_components":[{"__type__":"e97baXNkTtEN5txJxjMsMQL","node":{"__id__":18},"_materials":[{"__uuid__":"ecpdLyjvZBwrvm+cedCcQy"}],"_spriteFrame":{"__uuid__":"43Zgj68klFHYBoVsf8ufFC"}}],"_prefab":{"__type__":"cc.PrefabInfo","root":{"__id__":1},"fileId":"84oCWDYpdGnrhsfnAbJ/WT"},"_contentSize":{"__type__":"cc.Size","width":51,"height":111},"_trs":{"__type__":"TypedArray","ctor":"Float64Array","array":[180.868,283.474,0,0,0,0,1,1,1,1]}},{"__type__":"cc.Node","_name":"shan4","_parent":{"__id__":2},"_components":[{"__type__":"cc.Sprite","node":{"__id__":19},"_materials":[{"__uuid__":"ecpdLyjvZBwrvm+cedCcQy"}],"_srcBlendFactor":1}],"_prefab":{"__type__":"cc.PrefabInfo","root":{"__id__":1},"fileId":"3eTVFnM3hFTb7hCkjhv6KJ"},"_contentSize":{"__type__":"cc.Size","width":1526,"height":306},"_trs":{"__type__":"TypedArray","ctor":"Float64Array","array":[2231.782,95.795,0,0,0,0,1,-1,1,-1]}},{"__type__":"cc.Node","_name":"shan4","_parent":{"__id__":2},"_components":[{"__type__":"cc.Sprite","node":{"__id__":20},"_materials":[{"__uuid__":"ecpdLyjvZBwrvm+cedCcQy"}],"_srcBlendFactor":1}],"_prefab":{"__type__":"cc.PrefabInfo","root":{"__id__":1},"fileId":"01yWxOXp1Ixq21p0h/ZCIW"},"_contentSize":{"__type__":"cc.Size","width":1526,"height":306},"_trs":{"__type__":"TypedArray","ctor":"Float64Array","array":[706.84,96.375,0,0,0,0,1,1,1,1]}},{"__type__":"cc.Node","_name":"shu4","_parent":{"__id__":2},"_components":[{"__type__":"cc.Sprite","node":{"__id__":21},"_materials":[{"__uuid__":"ecpdLyjvZBwrvm+cedCcQy"}]}],"_prefab":{"__type__":"cc.PrefabInfo","root":{"__id__":1},"fileId":"d7U/783IVNlqws5iaFYDRy"},"_contentSize":{"__type__":"cc.Size","width":186,"height":694},"_trs":{"__type__":"TypedArray","ctor":"Float64Array","array":[102.868,301,0,0,0,0,1,1,1,1]}},{"__type__":"cc.Node","_name":"shan4","_parent":{"__id__":2},"_components":[{"__type__":"cc.Sprite","node":{"__id__":22},"_materials":[{"__uuid__":"ecpdLyjvZBwrvm+cedCcQy"}],"_srcBlendFactor":1}],"_prefab":{"__type__":"cc.PrefabInfo","root":{"__id__":1},"fileId":"a2j/Tm1jBK0J3Q1S5RXw0Z"},"_contentSize":{"__type__":"cc.Size","width":1526,"height":306},"_trs":{"__type__":"TypedArray","ctor":"Float64Array","array":[-816.591,96.548,0,0,0,0,1,-1,1,-1]}},{"__type__":"cc.Node","_name":"shu2","_parent":{"__id__":2},"_components":[{"__type__":"e97baXNkTtEN5txJxjMsMQL","node":{"__id__":23},"_materials":[{"__uuid__":"ecpdLyjvZBwrvm+cedCcQy"}],"_spriteFrame":{"__uuid__":"cffZTGHP5NvYaa1K4rAkyl"}}],"_prefab":{"__type__":"cc.PrefabInfo","root":{"__id__":1},"fileId":"94TqxmXKdJW5bp59inOfuW"},"_contentSize":{"__type__":"cc.Size","width":260,"height":320},"_trs":{"__type__":"TypedArray","ctor":"Float64Array","array":[962.054,152.315,0,0,0,0,1,1,1,1]}}]