[1,["ecpdLyjvZBwrvm+cedCcQy","a6/4Lgl+VKV5JjG5TcQHf6","1a6ce1326"],["node","root","data","_spriteFrame","_textureSetter"],[["cc.Node",["_name","_groupIndex","_prefab","_contentSize","_parent","_components","_trs","_eulerAngles","_children"],1,4,5,1,9,7,5,2],["cc.PrefabInfo",["fileId","root"],2,1],"cc.SpriteFrame",["cc.Prefab",["_name"],2],["cc.RigidBody",["_type","node"],2,1],["cc.PhysicsBoxCollider",["_friction","node","_size"],2,1,5],["cc.Sprite",["node","_materials","_spriteFrame"],3,1,3,6]],[[1,0,1,2],[4,0,1,2],[5,0,1,2,2],[0,0,1,4,5,2,3,6,7,3],[3,0,2],[0,0,8,2,3,2],[0,0,4,5,2,3,6,7,2],[0,0,4,5,2,3,2],[1,1,1],[6,0,1,2,1]],[[[[4,"map3"],[5,"map3",[-2,-3,-4,-5,-6,-7],[8,-1],[5,301,700]],[6,"node_road",1,[[1,0,-8],[2,1.5,-9,[5,400,25]]],[0,"8faecXM0lI16aHbnon1HXQ",1],[5,400,25],[-17.859,-149.283,0,0,0,0.25881904510252074,0.9659258262890683,1,1,1],[1,0,0,30]],[3,"node_road",7,1,[[1,0,-10],[2,1.5,-11,[5,400,25]]],[0,"32bW1LeNZMk4ElLBJzcVoG",1],[5,400,25],[-17.859,-69.283,0,0,0,0.25881904510252074,0.9659258262890683,1,1,1],[1,0,0,30]],[3,"node_road",8,1,[[1,0,-12],[2,1.5,-13,[5,400,25]]],[0,"e2qX8QNX5EUq856RZ/pveR",1],[5,400,25],[-17.859,10.717,0,0,0,0.25881904510252074,0.9659258262890683,1,1,1],[1,0,0,30]],[3,"node_road",9,1,[[1,0,-14],[2,1.5,-15,[5,400,25]]],[0,"49VBoBWyRNApapEQtW/zlK",1],[5,400,25],[-17.859,90.717,0,0,0,0.25881904510252074,0.9659258262890683,1,1,1],[1,0,0,30]],[3,"node_road",10,1,[[1,0,-16],[2,1.5,-17,[5,400,25]]],[0,"15GSJQLYFDE783l0a9LtiG",1],[5,400,25],[-17.859,170.717,0,0,0,0.25881904510252074,0.9659258262890683,1,1,1],[1,0,0,30]],[7,"map3",1,[[9,-18,[0],1]],[0,"adv69PU3JLnqG03GZXEuA7",1],[5,301,700]]],0,[0,1,1,0,-1,7,0,-2,2,0,-3,3,0,-4,4,0,-5,5,0,-6,6,0,0,2,0,0,2,0,0,3,0,0,3,0,0,4,0,0,4,0,0,5,0,0,5,0,0,6,0,0,6,0,0,7,0,2,1,18],[0,0],[-1,3],[0,1]],[[{"name":"map3","rect":[290,1490,301,700],"offset":[0,0],"originalSize":[301,700],"rotated":1,"capInsets":[0,0,0,0]}],[2],0,[0],[4],[2]]]]