[1,["1a6ce1326","ecpdLyjvZBwrvm+cedCcQy","412MV9NQhMT7lG9tzU+/Iv"],["_textureSetter","root","node","data","_spriteFrame"],[["cc.Node",["_name","_prefab","_contentSize","_children","_parent","_components"],2,4,5,2,1,9],["cc.PrefabInfo",["fileId","root","asset"],2,1,1],"cc.SpriteFrame",["cc.Prefab",["_name"],2],["cc.Sprite",["node","_materials","_spriteFrame"],3,1,3,6]],[[3,0,2],[0,0,3,1,2,2],[0,0,4,5,1,2,2],[1,1,2,1],[1,0,1,2,2],[4,0,1,2,1]],[[[{"name":"map4","rect":[960,2,300,700],"offset":[0,0],"originalSize":[300,700],"capInsets":[0,0,0,0]}],[2],0,[0],[0],[0]],[[[0,"map4"],[1,"map5",[-2],[3,-1,0],[5,300,700]],[2,"map5",1,[[5,-3,[0],1]],[4,"39H3G4ZKhJnJJEhgz/1WNf",1,0],[5,300,700]]],0,[0,1,1,0,-1,2,0,2,2,0,3,1,3],[0,0],[-1,4],[1,2]]]]