{"__type__":"dragonBones.DragonBonesAtlasAsset","_name":"hero_tex","_atlasJson":"{\"SubTexture\":[{\"width\":24,\"y\":186,\"height\":24,\"name\":\"透明\",\"x\":170},{\"width\":129,\"y\":1,\"height\":132,\"name\":\"yingzi\",\"x\":219},{\"width\":15,\"y\":600,\"height\":50,\"name\":\"右肩\",\"x\":80},{\"width\":15,\"y\":529,\"height\":45,\"name\":\"右手\",\"x\":18},{\"width\":15,\"y\":576,\"height\":70,\"name\":\"身体\",\"x\":496},{\"width\":15,\"y\":567,\"height\":60,\"name\":\"右大腿\",\"x\":334},{\"width\":15,\"y\":486,\"height\":60,\"name\":\"右脚\",\"x\":94},{\"width\":15,\"y\":506,\"height\":60,\"name\":\"左大腿\",\"x\":111},{\"width\":15,\"y\":443,\"height\":60,\"name\":\"左脚\",\"x\":334},{\"width\":15,\"y\":576,\"height\":45,\"name\":\"左手\",\"x\":18},{\"width\":15,\"y\":558,\"height\":50,\"name\":\"左肩\",\"x\":63},{\"width\":40,\"y\":479,\"height\":40,\"name\":\"头2\",\"x\":274},{\"y\":135,\"frameX\":-18,\"frameHeight\":82,\"frameY\":0,\"width\":123,\"frameWidth\":141,\"height\":82,\"name\":\"da1xin\",\"x\":219},{\"width\":127,\"y\":1,\"height\":124,\"name\":\"da2xin\",\"x\":350},{\"width\":216,\"y\":1,\"height\":183,\"name\":\"da3xin\",\"x\":1},{\"y\":127,\"frameX\":0,\"frameHeight\":169,\"frameY\":-3,\"width\":82,\"frameWidth\":82,\"height\":166,\"name\":\"da4xin\",\"x\":350},{\"width\":62,\"y\":340,\"height\":36,\"name\":\"pz\",\"x\":170},{\"width\":21,\"y\":432,\"height\":141,\"name\":\"wuqi3\",\"x\":473},{\"y\":186,\"frameX\":0,\"frameHeight\":23,\"frameY\":-1,\"width\":20,\"frameWidth\":20,\"height\":22,\"name\":\"拳套1\",\"x\":196},{\"width\":15,\"y\":432,\"height\":70,\"name\":\"身体diren1\",\"x\":496},{\"width\":15,\"y\":529,\"height\":50,\"name\":\"右肩diren1\",\"x\":1},{\"width\":22,\"y\":497,\"height\":64,\"name\":\"右脚diren1\",\"x\":142},{\"width\":15,\"y\":581,\"height\":45,\"name\":\"右手diren1\",\"x\":1},{\"width\":15,\"y\":505,\"height\":60,\"name\":\"右大腿diren1\",\"x\":317},{\"width\":22,\"y\":397,\"height\":65,\"name\":\"左脚diren1\",\"x\":360},{\"width\":15,\"y\":506,\"height\":60,\"name\":\"左大腿diren1\",\"x\":46},{\"width\":50,\"y\":378,\"height\":40,\"name\":\"头diren1\",\"x\":170},{\"width\":15,\"y\":568,\"height\":45,\"name\":\"左手diren1\",\"x\":35},{\"width\":15,\"y\":548,\"height\":50,\"name\":\"左肩diren1\",\"x\":80},{\"y\":269,\"frameX\":0,\"frameHeight\":91,\"frameY\":-2,\"width\":91,\"frameWidth\":91,\"height\":87,\"name\":\"jinengzt\",\"x\":1},{\"width\":26,\"y\":229,\"height\":27,\"name\":\"jiankang\",\"x\":482},{\"width\":15,\"y\":504,\"height\":70,\"name\":\"身体diren2\",\"x\":496},{\"width\":15,\"y\":506,\"height\":50,\"name\":\"右肩diren2\",\"x\":63},{\"width\":22,\"y\":431,\"height\":64,\"name\":\"右脚diren2\",\"x\":142},{\"width\":15,\"y\":295,\"height\":45,\"name\":\"右手diren2\",\"x\":410},{\"width\":15,\"y\":443,\"height\":60,\"name\":\"右大腿diren2\",\"x\":317},{\"width\":22,\"y\":162,\"height\":65,\"name\":\"左脚diren2\",\"x\":482},{\"width\":15,\"y\":505,\"height\":60,\"name\":\"左大腿diren2\",\"x\":334},{\"width\":57,\"y\":280,\"height\":58,\"name\":\"头diren2\",\"x\":229},{\"width\":167,\"y\":219,\"height\":59,\"name\":\"斧头\",\"x\":170},{\"width\":15,\"y\":295,\"height\":45,\"name\":\"左手diren2\",\"x\":393},{\"width\":15,\"y\":652,\"height\":50,\"name\":\"左肩diren2\",\"x\":80},{\"width\":57,\"y\":280,\"height\":58,\"name\":\"头diren3\",\"x\":170},{\"width\":167,\"y\":186,\"height\":81,\"name\":\"斧头2\",\"x\":1},{\"width\":41,\"y\":346,\"height\":51,\"name\":\"头diren4\",\"x\":386},{\"width\":46,\"y\":127,\"height\":146,\"name\":\"wuqi2\",\"x\":434},{\"width\":50,\"y\":399,\"height\":40,\"name\":\"头diren5\",\"x\":222},{\"width\":27,\"y\":1,\"height\":159,\"name\":\"wuqi1\",\"x\":482},{\"width\":40,\"y\":397,\"height\":44,\"name\":\"头diren6\",\"x\":318},{\"width\":24,\"y\":269,\"height\":160,\"name\":\"法杖\",\"x\":144},{\"width\":47,\"y\":331,\"height\":49,\"name\":\"头diren7\",\"x\":288},{\"width\":43,\"y\":358,\"height\":169,\"name\":\"wuqi9\",\"x\":1},{\"width\":37,\"y\":275,\"height\":160,\"name\":\"wuqi7\",\"x\":434},{\"width\":48,\"y\":269,\"height\":159,\"name\":\"wuqi10\",\"x\":94},{\"width\":33,\"y\":275,\"height\":155,\"name\":\"wuqi8\",\"x\":473},{\"width\":46,\"y\":358,\"height\":146,\"name\":\"wuqi5\",\"x\":46},{\"width\":40,\"y\":382,\"height\":51,\"name\":\"头diren10\",\"x\":276},{\"width\":40,\"y\":340,\"height\":51,\"name\":\"头diren9\",\"x\":234},{\"width\":47,\"y\":295,\"height\":49,\"name\":\"头diren12\",\"x\":344},{\"width\":54,\"y\":280,\"height\":49,\"name\":\"头diren8\",\"x\":288},{\"width\":47,\"y\":346,\"height\":49,\"name\":\"头diren13\",\"x\":337},{\"width\":40,\"y\":420,\"height\":47,\"name\":\"头diren15\",\"x\":170},{\"width\":46,\"y\":430,\"height\":54,\"name\":\"头diren14\",\"x\":94},{\"width\":41,\"y\":437,\"height\":40,\"name\":\"头diren11\",\"x\":274}],\"width\":512,\"imagePath\":\"hero_tex.png\",\"height\":1024,\"name\":\"hero\"}","_texture":{"__uuid__":"3bRywa6BhCxLqTN6dL/40e"},"texture":{"__uuid__":"3bRywa6BhCxLqTN6dL/40e"}}