[1,["1a6ce1326","ecpdLyjvZBwrvm+cedCcQy","6fQh+Ilf5NP72YrSV40GQ3"],["_textureSetter","root","node","data","_spriteFrame"],["cc.SpriteFrame",["cc.Prefab",["_name"],2],["cc.Node",["_name","_components","_prefab","_contentSize"],2,9,4,5],["cc.Sprite",["node","_materials","_spriteFrame"],3,1,3,6],["cc.PrefabInfo",["root","asset"],3,1,1]],[[1,0,2],[2,0,1,2,3,2],[3,0,1,2,1],[4,0,1,1]],[[[{"name":"overbg3","rect":[1310,2,42,41],"offset":[0,0],"originalSize":[42,41],"capInsets":[0,0,0,0]}],[0],0,[0],[0],[0]],[[[0,"star"],[1,"star",[[2,-2,[0],1]],[3,-1,0],[5,42,41]]],0,[0,1,1,0,2,1,0,3,1,2],[0,0],[-1,4],[1,2]]]]