[1,["165c85a4a"],["_textureSetter"],["cc.SpriteFrame"],0,[[[{"name":"cloud2","rect":[610,717,800,240],"offset":[0,0],"originalSize":[800,240],"rotated":1,"capInsets":[0,0,0,0]}],[0],0,[0],[0],[0]],[[{"name":"island","rect":[2,717,800,300],"offset":[0,0],"originalSize":[800,300],"rotated":1,"capInsets":[0,0,0,0]}],[0],0,[0],[0],[0]],[[{"name":"sky","rect":[2,2,800,700],"offset":[0,0],"originalSize":[800,700],"capInsets":[0,0,0,0]}],[0],0,[0],[0],[0]],[[{"name":"sea","rect":[306,717,800,300],"offset":[0,0],"originalSize":[800,300],"rotated":1,"capInsets":[0,0,0,0]}],[0],0,[0],[0],[0]],[[{"name":"cloud1","rect":[854,717,800,240],"offset":[0,0],"originalSize":[800,240],"rotated":1,"capInsets":[0,0,0,0]}],[0],0,[0],[0],[0]]]]