[
    {
        "id": 1,
        "name": "Water Dragon Snake",
        "res": "sg1"
    },
    {
        "id": 2,
        "name": "Electric Snake",
        "res": "cg1"
    },
    {
        "id": 3,
        "name": "Rocket Bear Snake",
        "res": "hj1"
    },
    {
        "id": 4,
        "name": "Thunder God Snake",
        "res": "ls1"
    },
    {
        "id": 5,
        "name": "Pink Pudding Snake",
        "res": "fw1"
    },
    {
        "id": 6,
        "name": "Earth Dragon Snake",
        "res": "sg2"
    },
    {
        "id": 7,
        "name": "A medical snake.",
        "res": "cg2"
    },
    {
        "id": 8,
        "name": "Dark Rocket Snake",
        "res": "hj2"
    },
    {
        "id": 9,
        "name": "Black Warrior Snake",
        "res": "ls2"
    },
    {
        "id": 10,
        "name": "Ocean Pudding Snake",
        "res": "fw2"
    },
    {
        "id": 11,
        "name": "Thunder Dragon Snake",
        "res": "sg4"
    },
    {
        "id": 12,
        "name": "Hacker Snake",
        "res": "cg4"
    },
    {
        "id": 13,
        "name": "Surprise Warrior Snake",
        "res": "ls4"
    },
    {
        "id": 14,
        "name": "Blueberry Pudding Snake",
        "res": "fw4"
    },
    {
        "id": 15,
        "name": "Fire Dragon Snake",
        "res": "sg3"
    },
    {
        "id": 16,
        "name": "Rescue Snake",
        "res": "cg3"
    },
    {
        "id": 17,
        "name": "Fire War God Snake",
        "res": "ls3"
    },
    {
        "id": 18,
        "name": "Mango Pudding Snake",
        "res": "fw3"
    },
    {
        "id": 19,
        "name": "Garfield Snake",
        "res": "jm1"
    },
    {
        "id": 20,
        "name": "Black Tom Snake",
        "res": "jm2"
    },
    {
        "id": 21,
        "name": "Gluttony Green Dragon",
        "res": "zgl1"
    },
    {
        "id": 22,
        "name": "Little Blue Dragon",
        "res": "zgl2"
    },
    {
        "id": 23,
        "name": "White Scaly Dragon",
        "res": "zgl4"
    },
    {
        "id": 24,
        "name": "Nightmare Dragon",
        "res": "zgl3"
    },
    {
        "id": 25,
        "name": "Black Rock Snake",
        "res": "ys1"
    },
    {
        "id": 26,
        "name": "Green Turquoise Snake",
        "res": "ys2"
    },
    {
        "id": 27,
        "name": "Red Rock Snake",
        "res": "ys4"
    },
    {
        "id": 28,
        "name": "Titanium Rock Snake",
        "res": "ys3"
    },
    {
        "id": 29,
        "name": "Mental Pollution Snake",
        "res": "cq1"
    },
    {
        "id": 30,
        "name": "Orange Snake",
        "res": "cq2"
    },
    {
        "id": 31,
        "name": "Dark Knight Snake",
        "res": "bfx1"
    },
    {
        "id": 32,
        "name": "Night Demon Snake.",
        "res": "bfx2"
    },
    {
        "id": 33,
        "name": "Hello Bat Snake",
        "res": "bfx3"
    },
    {
        "id": 34,
        "name": "Keyboard Knight Snake",
        "res": "bfx4"
    },
    {
        "id": 35,
        "name": "Green Giant Snake",
        "res": "ljr1"
    },
    {
        "id": 36,
        "name": "Angry Monster Snake",
        "res": "ljr2"
    },
    {
        "id": 37,
        "name": "Giant Ant Snake",
        "res": "dc1"
    },
    {
        "id": 38,
        "name": "Poisonous Stinger Snake",
        "res": "dc2"
    },
    {
        "id": 39,
        "name": "Fire Ant Snake",
        "res": "dc4"
    },
    {
        "id": 40,
        "name": "Termite Snake",
        "res": "dc3"
    },
    {
        "id": 41,
        "name": "Pika Pika Snake",
        "res": "pkq1"
    },
    {
        "id": 42,
        "name": "Tropical Pika Snake",
        "res": "pkq2"
    },
    {
        "id": 43,
        "name": "Alien Pika Snake",
        "res": "pkq4"
    },
    {
        "id": 44,
        "name": "Mechanical Pika Snake",
        "res": "pkq3"
    },
    {
        "id": 45,
        "name": "Gru Tree Snake",
        "res": "glt1"
    },
    {
        "id": 46,
        "name": "Gru Iguana",
        "res": "glt2"
    },
    {
        "id": 47,
        "name": "Red Koi Snake",
        "res": "ly1"
    },
    {
        "id": 48,
        "name": "Blue Koi Snake",
        "res": "ly2"
    },
    {
        "id": 49,
        "name": "Purple Koi Snake",
        "res": "ly4"
    },
    {
        "id": 50,
        "name": "Yellow Koi Snake",
        "res": "ly3"
    },
    {
        "id": 51,
        "name": "Medon Snake",
        "res": "mgdz1"
    },
    {
        "id": 52,
        "name": "Lightning Snake",
        "res": "mgdz2"
    },
    {
        "id": 53,
        "name": "Speed Express Snake",
        "res": "mgdz4"
    },
    {
        "id": 54,
        "name": "Medun Takeaway Snake",
        "res": "mgdz3"
    },
    {
        "id": 55,
        "name": "Surprise Snake",
        "res": "jqdz1"
    },
    {
        "id": 56,
        "name": "Poseidon Snake",
        "res": "jqdz2"
    },
    {
        "id": 57,
        "name": "New Cloud Snake",
        "res": "xy1"
    },
    {
        "id": 58,
        "name": "Fire Star Snake",
        "res": "xy2"
    },
    {
        "id": 59,
        "name": "Steel Snake",
        "res": "gtx1"
    },
    {
        "id": 60,
        "name": "Steel Patriotic Snake",
        "res": "gtx2"
    },
    {
        "id": 61,
        "name": "Steel kitty snake",
        "res": "gtx4"
    },
    {
        "id": 62,
        "name": "Steel Chili Snake",
        "res": "gtx3"
    },
    {
        "id": 63,
        "name": "Rattlesnake",
        "res": "mb1"
    },
    {
        "id": 64,
        "name": "Potato Sperm Snake",
        "res": "mb2"
    },
    {
        "id": 65,
        "name": "Prime Snake",
        "res": "cc1"
    },
    {
        "id": 66,
        "name": "Raging Prime Snake!",
        "res": "cc2"
    },
    {
        "id": 67,
        "name": "Optimus Prime Snake",
        "res": "cc3"
    },
    {
        "id": 68,
        "name": "Netroots Prime Snake",
        "res": "cc4"
    },
    {
        "id": 69,
        "name": "Gentle Green Snake",
        "res": "ds1"
    },
    {
        "id": 70,
        "name": "Blue Snake",
        "res": "ds2"
    },
    {
        "id": 71,
        "name": "Grumpy Purple Snake",
        "res": "ds3"
    },
    {
        "id": 72,
        "name": "Innocent Yellow Snake",
        "res": "ds4"
    },
    {
        "id": 73,
        "name": "Coal Train Snake",
        "res": "hc1"
    },
    {
        "id": 74,
        "name": "Raging Train Snake",
        "res": "hc2"
    },
    {
        "id": 75,
        "name": "Bishop's Train Snake",
        "res": "hc3"
    },
    {
        "id": 76,
        "name": "Green Train Snake",
        "res": "hc4"
    },
    {
        "id": 77,
        "name": "Green River Snake",
        "res": "hm1"
    },
    {
        "id": 78,
        "name": "Earthy River Snake",
        "res": "hm2"
    },
    {
        "id": 79,
        "name": "Raging River Snake",
        "res": "hm3"
    },
    {
        "id": 80,
        "name": "Gray River Snake",
        "res": "hm4"
    },
    {
        "id": 81,
        "name": "Blue Hairy Snake",
        "res": "cb1"
    },
    {
        "id": 82,
        "name": "Purple Hairy Snake",
        "res": "cb2"
    },
    {
        "id": 83,
        "name": "Brown Hairy Snake",
        "res": "cb3"
    },
    {
        "id": 84,
        "name": "Colorful Hairy Snake",
        "res": "cb4"
    },
    {
        "id": 85,
        "name": "Brown Beetle Snake",
        "res": "dj1"
    },
    {
        "id": 86,
        "name": "Purple Beetle Snake",
        "res": "dj2"
    },
    {
        "id": 87,
        "name": "Green Beetle Snake",
        "res": "dj3"
    },
    {
        "id": 88,
        "name": "Black Beetle Snake",
        "res": "dj4"
    },
    {
        "id": 89,
        "name": "Blue Unicorn Snake",
        "res": "djx1"
    },
    {
        "id": 90,
        "name": "Green Unicorn Snake",
        "res": "djx2"
    },
    {
        "id": 91,
        "name": "Black Unicorn Snake",
        "res": "djx3"
    },
    {
        "id": 92,
        "name": "Yellow unicorn snake.",
        "res": "djx4"
    },
    {
        "id": 93,
        "name": "Blue Elephant Snake",
        "res": "dx1"
    },
    {
        "id": 94,
        "name": "Wild Elephant Snake",
        "res": "dx2"
    },
    {
        "id": 95,
        "name": "Big Elephant Snake",
        "res": "dx3"
    },
    {
        "id": 96,
        "name": "Netflix Elephant Snake",
        "res": "dx4"
    },
    {
        "id": 97,
        "name": "Wild Shit Snake",
        "res": "mbc1"
    },
    {
        "id": 98,
        "name": "Raging Shit Snake",
        "res": "mbc2"
    },
    {
        "id": 99,
        "name": "Diligent Shit Snake",
        "res": "mbc3"
    },
    {
        "id": 100,
        "name": "Pure Shit Snake",
        "res": "mbc4"
    },
    {
        "id": 101,
        "name": "Little Bee Snake",
        "res": "mf1"
    },
    {
        "id": 102,
        "name": "Raging Bee Snake",
        "res": "mf2"
    },
    {
        "id": 103,
        "name": "Grumpy Hornet Snake",
        "res": "mf3"
    },
    {
        "id": 104,
        "name": "Ghost Bee Snake",
        "res": "mf4"
    },
    {
        "id": 105,
        "name": "Green Triangle Snake",
        "res": "sj1"
    },
    {
        "id": 106,
        "name": "Blue Triangle Snake",
        "res": "sj2"
    },
    {
        "id": 107,
        "name": "Brown Trigger Snake",
        "res": "sj3"
    },
    {
        "id": 108,
        "name": "Pink Triangle Snake",
        "res": "sj4"
    },
    {
        "id": 109,
        "name": "Nice Lion Snake",
        "res": "sz1"
    },
    {
        "id": 110,
        "name": "Pale Lion Snake",
        "res": "sz2"
    },
    {
        "id": 111,
        "name": "Raging Lion Snake",
        "res": "sz3"
    },
    {
        "id": 112,
        "name": "Variable Lion Snake",
        "res": "sz4"
    },
    {
        "id": 113,
        "name": "Raging Pentacostal.",
        "res": "wj1"
    },
    {
        "id": 114,
        "name": "Multi-Motion Pentacostal Snake",
        "res": "wj2"
    },
    {
        "id": 115,
        "name": "Pentacostal Snake",
        "res": "wj3"
    },
    {
        "id": 116,
        "name": "Pentagonal Snake",
        "res": "wj4"
    },
    {
        "id": 117,
        "name": "Speed Shadow Snake",
        "res": "yy1"
    },
    {
        "id": 118,
        "name": "Colorful Shadow Snake",
        "res": "yy2"
    },
    {
        "id": 119,
        "name": "Simple Shadow Snake",
        "res": "yy3"
    },
    {
        "id": 120,
        "name": "Prairie Shadow Snake",
        "res": "yy4"
    }
]