{
    "animations": [
        {
            "name": "heidong",
            "duration": 60,
            "frames":["ZM004_0000_png","ZM004_0001_png","ZM004_0002_png","ZM004_0003_png","ZM004_0004_png","ZM004_0005_png","ZM004_0006_png","ZM004_0007_png","ZM004_0008_png","ZM004_0009_png","ZM004_0010_png","ZM004_0011_png","ZM004_0012_png","ZM004_0013_png","ZM004_0014_png","ZM004_0015_png"]
        },
		{
            "name": "qipaosuilie",
            "duration": 30,
            "frames":["ZM002_0000_png","ZM002_0001_png","ZM002_0002_png","ZM002_0003_png","ZM002_0004_png","ZM002_0005_png","ZM002_0006_png","ZM002_0007_png","ZM002_0008_png","ZM002_0009_png","ZM002_0010_png","ZM002_0011_png"]
        },
		{
            "name": "xiaochu",
            "duration": 30,
            "frames":["ZM001_0000_png","ZM001_0001_png","ZM001_0002_png","ZM001_0003_png","ZM001_0004_png","ZM001_0005_png","ZM001_0006_png","ZM001_0007_png","ZM001_0008_png","ZM001_0009_png","ZM001_0010_png","ZM001_0011_png","ZM001_0012_png","ZM001_0013_png","ZM001_0014_png","ZM001_0015_png"]
        },
		{
            "name": "xingxing",
            "duration": 60,
            "frames":["star01_png","star02_png","star03_png"]
        },
		{
            "name": "zhadanbaozha",
            "duration": 60,
            "frames":["ZM03_0000_png","ZM03_0001_png","ZM03_0002_png","ZM03_0003_png","ZM03_0004_png","ZM03_0005_png","ZM03_0006_png","ZM03_0007_png","ZM03_0008_png","ZM03_0009_png","ZM03_0010_png","ZM03_0011_png"]
        },
		{
            "name": "daojishan",
            "duration": 100,
            "frames":["wfg001_0000_png","wfg001_0001_png","wfg001_0002_png","wfg001_0003_png","wfg001_0004_png","wfg001_0005_png","wfg001_0006_png","wfg001_0007_png","wfg001_0008_png","wfg001_0009_png","wfg001_0010_png","wfg001_0011_png"]
        }
    ]
}