[{"n":"ambientColor","ad":{"c":"0.735849,0.735849,0.735849"}},{"n":"cache","t":{"p":"0.47,-2.95,0.33"},"c":[{"n":"MoneyUnlockTag","pn":"MoneyUnlockTag","t":{}},{"n":"PizzaBox","pn":"PizzaBox","t":{}},{"n":"Pizza","pn":"Pizza","t":{}},{"n":"Money","pn":"Money","t":{}},{"n":"AdUnlockTag","pn":"AdUnlockTag","t":{}}]},{"n":"static","t":{},"c":[{"n":"light","pn":"DirectionalLight","t":{"p":"44,0,0","e":"-64,-121.31,0"},"ld":{"c":"1,1,1","i":1.0}}]},{"n":"level1","t":{},"c":[{"n":"map","t":{},"c":[{"n":"TileYellow","pn":"TileLevel1","t":{"p":"0.04,0,-0.31","e":"0,0,0","s":"0.3,0.3,0.3"}},{"n":"TileYellow","pn":"TileLevel1","t":{"p":"2.61,-0.15,17.36","e":"0,-90,0","s":"0.14,0.3,0.24"}},{"n":"Wall_Door","pn":"Wall_DoorLevel1","t":{"p":"-2.2,0,11.76","s":"0.49,0.3,0.3"}},{"n":"Wall_Door","pn":"Wall_DoorLevel1","t":{"p":"7.11,0,11.76","s":"0.49,0.3,0.3"}},{"n":"Wall_Flat","pn":"Wall_FlatLevel1","t":{"p":"2.49,0,17.37","e":"0,-270,0","s":"0.57,0.3,0.3"}},{"n":"GuestStation","pn":"GuestStation","t":{"p":"-10.41,0,-15.63"}},{"n":"Wall_Flat(1)","pn":"Wall_FlatLevel1","t":{"p":"11.95,0,13.18","e":"0,-270,0","s":"0.99,0.3,0.3"}},{"n":"Wall_Flat(2)","pn":"Wall_FlatLevel1","t":{"p":"11.95,0,-13.75","e":"0,-270,0","s":"0.85,0.3,0.3"}},{"n":"Wall_Door(1)","pn":"Wall_DoorLevel1","t":{"p":"11.95,0,-0.63","e":"0,-270,0","s":"0.49,0.3,0.3"}},{"n":"funcarea_1(1)","pn":"TileLevel1","t":{"p":"22.63,0,-0.22","e":"0,0,0","s":"0.29,0.3,0.08"}},{"n":"TileYellow(1)","pn":"TileLevel1","t":{"p":"3.84,0,-17.02","e":"0,0,0","s":"0.21,0.3,0.13"}},{"n":"funcarea_1(2)","pn":"TileLevel1","t":{"p":"44.41,0,0","e":"0,0,0","s":"0.27,0.27,0.27"}},{"n":"TileYellow(2)","pn":"TileLevel1","t":{"p":"-19.41,0,-0.37","e":"0,0,0","s":"0.2,0.3,0.3"}},{"n":"TileLevel1","pn":"TileLevel1","t":{"p":"-8.37,0,-14.35","e":"0,0,0","s":"0.03,0.3,0.06"}},{"n":"TileLevel1(1)","pn":"TileLevel1","t":{"p":"-19,0,-15.44","e":"0,0,0","s":"0.3,0.3,0.03"}},{"n":"rail","pn":"rail","t":{"p":"-5.6,0,-23.74","s":"2.02,0.3,0.09"}}]},{"n":"CameraNode","pn":"CameraNode","t":{"e":"0,-315,0"}},{"n":"delay","t":{},"c":[{"n":"Feiji","pn":"Feiji","t":{"p":"45,0,0","e":"0,-88.44,0"}},{"n":"Clock","pn":"Clock","t":{"p":"11.82,1.92,-2.61","e":"0,-90,0","s":"0.5,0.5,0.5"}},{"n":"FireBrake(1)","pn":"FireBrake","t":{"p":"10.78,-1.5,-11.23","e":"0,0,0"}},{"n":"box(6)","pn":"box","t":{"p":"9.41,-0.5,-11.24","s":"0.6,0.6,0.6"}},{"n":"box(5)","pn":"box","t":{"p":"11.18,-0.5,-11.24","s":"0.6,0.6,0.6"}},{"n":"box(4)","pn":"box","t":{"p":"11.18,-0.5,-9.77","e":"0,-90,0","s":"0.6,0.6,0.6"}},{"n":"box(3)","pn":"box","t":{"p":"11.18,0.61,-10.54","e":"0,-90,0","s":"0.6,0.6,0.6"}},{"n":"flowerpot","pn":"flowerpot","t":{"p":"3.79,-0.5,10.84","e":"0,0,0","s":"0.4,0.4,0.4"}},{"n":"box(2)","pn":"box","t":{"p":"11.18,0.61,5.88","e":"0,-90,0","s":"0.6,0.6,0.6"}},{"n":"box(1)","pn":"box","t":{"p":"11.18,-0.5,5.3","e":"0,-90,0","s":"0.6,0.6,0.6"}},{"n":"box","pn":"box","t":{"p":"11.18,-0.5,7.08","e":"0,-90,0","s":"0.6,0.6,0.6"}},{"n":"PizzaBox(25)","pn":"PizzaBox","t":{"p":"9.59,0.31,9.26","e":"0,-90,0"}},{"n":"PizzaBox(24)","pn":"PizzaBox","t":{"p":"9.59,-0.4,9.26","e":"0,-90,0"}},{"n":"PizzaBox(23)","pn":"PizzaBox","t":{"p":"9.59,-0.15,9.26","e":"0,-90,0"}},{"n":"PizzaBox(18)","pn":"PizzaBox","t":{"p":"9.59,0.06,9.26","e":"0,-90,0"}},{"n":"PizzaBox(22)","pn":"PizzaBox","t":{"p":"9.59,0.53,10.83","e":"0,-90,0"}},{"n":"PizzaBox(21)","pn":"PizzaBox","t":{"p":"9.59,0.78,10.83","e":"0,-90,0"}},{"n":"PizzaBox(20)","pn":"PizzaBox","t":{"p":"9.59,0.31,10.83","e":"0,-90,0"}},{"n":"PizzaBox(19)","pn":"PizzaBox","t":{"p":"9.59,-0.4,10.83","e":"0,-90,0"}},{"n":"PizzaBox(17)","pn":"PizzaBox","t":{"p":"9.59,-0.15,10.83","e":"0,-90,0"}},{"n":"PizzaBox(16)","pn":"PizzaBox","t":{"p":"9.59,0.06,10.83","e":"0,-90,0"}},{"n":"PizzaBox(15)","pn":"PizzaBox","t":{"p":"11.13,0.99,9.29","e":"0,-90,0"}},{"n":"PizzaBox(14)","pn":"PizzaBox","t":{"p":"11.13,0.53,9.29","e":"0,-90,0"}},{"n":"PizzaBox(13)","pn":"PizzaBox","t":{"p":"11.13,0.78,9.29","e":"0,-90,0"}},{"n":"PizzaBox(12)","pn":"PizzaBox","t":{"p":"11.13,0.31,9.29","e":"0,-90,0"}},{"n":"PizzaBox(11)","pn":"PizzaBox","t":{"p":"11.13,-0.4,9.29","e":"0,-90,0"}},{"n":"PizzaBox(10)","pn":"PizzaBox","t":{"p":"11.13,1.24,9.29","e":"0,-90,0"}},{"n":"PizzaBox(9)","pn":"PizzaBox","t":{"p":"11.13,-0.15,9.29","e":"0,-90,0"}},{"n":"PizzaBox(8)","pn":"PizzaBox","t":{"p":"11.13,0.06,9.29","e":"0,-90,0"}},{"n":"PizzaBox(7)","pn":"PizzaBox","t":{"p":"11.13,1.24,10.83","e":"0,-90,0"}},{"n":"PizzaBox(6)","pn":"PizzaBox","t":{"p":"11.13,0.53,10.83","e":"0,-90,0"}},{"n":"PizzaBox(5)","pn":"PizzaBox","t":{"p":"11.13,0.78,10.83","e":"0,-90,0"}},{"n":"PizzaBox(4)","pn":"PizzaBox","t":{"p":"11.13,0.99,10.83","e":"0,-90,0"}},{"n":"PizzaBox(3)","pn":"PizzaBox","t":{"p":"11.13,0.31,10.83","e":"0,-90,0"}},{"n":"PizzaBox(2)","pn":"PizzaBox","t":{"p":"11.13,-0.4,10.83","e":"0,-90,0"}},{"n":"PizzaBox(1)","pn":"PizzaBox","t":{"p":"11.13,-0.15,10.83","e":"0,-90,0"}},{"n":"PizzaBox","pn":"PizzaBox","t":{"p":"11.13,0.06,10.83","e":"0,-90,0"}},{"n":"Menu","pn":"Menu","t":{"p":"-4.98,1.88,11.53","e":"0,-180,0","s":"0.3,0.3,0.3"}},{"n":"HR","pn":"HR","t":{"p":"8.38,2.84,10.07","e":"0,-90,0","s":"0.3,0.3,0.3"}},{"n":"Upgrade","pn":"Upgrade","t":{"p":"0,2.84,10.07","e":"0,-90,0","s":"0.3,0.3,0.3"}},{"n":"FireBrake","pn":"FireBrake","t":{"p":"9.54,-1.5,10.23","e":"0,0,0"}},{"n":"yun","pn":"yun","t":{"p":"-3,0,-3"}}]},{"n":"Player","pn":"Player","t":{"e":"0,-80,0"}},{"n":"SetMap","t":{},"c":[{"n":"PizzaMaker","t":{},"c":[{"n":"Cube","t":{"p":"9.13,0,6.15","e":"0,-270,0"}},{"n":"Cube","t":{"p":"9.13,0,1.8","e":"0,-270,0"}},{"n":"Cube","t":{"p":"9.13,0,-2.69","e":"0,-270,0"}},{"n":"Cube","t":{"p":"9.13,0,-7.43","e":"0,-270,0"}}]},{"n":"QuadTable","t":{},"c":[{"n":"QuadTablePos","t":{"p":"-9.1,0,3.57","e":"0,-270,0"}},{"n":"QuadTablePos","t":{"p":"-9.1,0,-5.4","e":"0,-270,0"}}]},{"n":"SingleTablePos_Big","t":{"p":"-2.27,0,-5.66","e":"0,-270,0"}},{"n":"SingleTable","t":{},"c":[{"n":"SingleTablePos","t":{"p":"-2.27,0,6.58","e":"0,-270,0"}},{"n":"SingleTablePos","t":{"p":"-2.27,0,0.84","e":"0,-270,0"}},{"n":"SingleTablePos","t":{"p":"-16.27,0,6.58","e":"0,-270,0"}},{"n":"SingleTablePos","t":{"p":"-16.27,0,0.84","e":"0,-270,0"}},{"n":"SingleTablePos","t":{"p":"-16.27,0,-5.66","e":"0,-270,0"}},{"n":"SingleTablePos","t":{"p":"-23.55,0,6.58","e":"0,-270,0"}},{"n":"SingleTablePos","t":{"p":"-23.55,0,0.84","e":"0,-270,0"}},{"n":"SingleTablePos","t":{"p":"-23.55,0,-5.66","e":"0,-270,0"}}]},{"n":"Paker","t":{},"c":[{"n":"Cube","t":{"p":"-0.45,0,-17.9"}},{"n":"Cube","t":{"p":"9.53,0,-16.42","e":"0,-180,0"}}]},{"n":"SidePos","t":{"p":"2.15,0,10.58","e":"0,-90,0"}},{"n":"RiderEnterPos","t":{"p":"32.3,0,-23.82","e":"0,-90,0"}},{"n":"RiderPos","t":{"p":"4.98,0,-23.82","e":"0,-90,0"}},{"n":"RiderExitPos","t":{"p":"-41.1,0,-23.82","e":"0,-90,0"}},{"n":"RiderMoneyPos","t":{"p":"7.71,0,-22"}},{"n":"HRTablePos","t":{"p":"7.83,0,19.11","e":"0,-270,0"}},{"n":"UPTablePos","t":{"p":"-2.11,0,18.98","e":"0,-270,0"}},{"n":"LockTile","t":{},"c":[{"n":"TileLocked","pn":"TileLocked","t":{"p":"3.62,0,-17.37","s":"0.39,0.3,0.32"},"pd":{"index":0,"active":true,"transform":{},"_transform":{},"child":[{"index":0,"active":true,"transform":{"p":"0.09,0,0","s":"0.02,0,0"},"_transform":{"p":"0,0.05,0","s":"1,1,1"}}]}},{"n":"UnlockTips","pn":"UnlockTips","t":{"p":"3.83,0,-16.29","e":"0,-270,0"}},{"n":"TileLocked","pn":"TileLocked","t":{"p":"-19.79,0,-0.45","e":"0,0,0","s":"0.37,0.3,0.77"}},{"n":"UnlockTips","pn":"UnlockTips","t":{"p":"-15.19,0,-0.49","e":"0,-270,0"}}]},{"n":"UpgradeADPos","t":{"p":"2.42,0,9.16"}},{"n":"MoneyADPos","t":{"p":"3.76,0,2.83"}}]},{"n":"EdgePolygon","t":{},"c":[{"n":"Edge","t":{},"c":[{"n":"Sphere","t":{"p":"-6.5,0,22.54"}},{"n":"Sphere(3)","t":{"p":"-6.59,0,11.23"}},{"n":"Sphere(4)","t":{"p":"-27.3,0,11.48"}},{"n":"Sphere(5)","t":{"p":"-27.3,0,-11.49"}},{"n":"Sphere(6)","t":{"p":"-9.18,0,-11.49"}},{"n":"Sphere(7)","t":{"p":"-9.28,0,-14.48"}},{"n":"Sphere(8)","t":{"p":"-30.31,0,-14.48"}},{"n":"Sphere(9)","t":{"p":"-30.31,0,-16.43"}},{"n":"Sphere(10)","t":{"p":"-7.55,0,-16.43"}},{"n":"Sphere(11)","t":{"p":"-7.49,0,-11.75"}},{"n":"Sphere(12)","t":{"p":"-3.89,0,-11.77"}},{"n":"Sphere(13)","t":{"p":"-3.8,0,-21.92"}},{"n":"Sphere(14)","t":{"p":"11.31,0,-21.92"}},{"n":"Sphere(16)","t":{"p":"11.57,0,-2.61"}},{"n":"Sphere(17)","t":{"p":"34.13,0,-2.61"}},{"n":"Sphere(18)","t":{"p":"34.13,0,-10.41"}},{"n":"Sphere(19)","t":{"p":"54.85,0,-10.41"}},{"n":"Sphere(20)","t":{"p":"54.85,0,9.98"}},{"n":"Sphere(21)","t":{"p":"34.28,0,10.07"}},{"n":"Sphere(22)","t":{"p":"34.28,0,2.26"}},{"n":"Sphere(23)","t":{"p":"11.37,0,2.36"}},{"n":"Sphere(25)","t":{"p":"11.35,0,11.26"}},{"n":"Sphere(28)","t":{"p":"11.47,0,12.31"}},{"n":"Sphere(29)","t":{"p":"11.64,0,22.66"}}]},{"n":"Nav","t":{},"c":[{"n":"GameObject","t":{"p":"12.22,0,11.5"}},{"n":"GameObject(1)","t":{"p":"12.22,0,-12.9"}},{"n":"GameObject(2)","t":{"p":"-27.32,0,-12.44"}},{"n":"GameObject(3)","t":{"p":"-27.32,0,11.63"}}]}]},{"n":"rider","pn":"rider","t":{"p":"5,0,-23.6","e":"0,-90,0"}}]},{"n":"level2","t":{},"c":[{"n":"map","t":{},"c":[{"n":"TileLevel2","pn":"TileLevel2","t":{"p":"0.04,0,-0.31","e":"0,0,0","s":"0.3,0.3,0.3"}},{"n":"TileLevel2","pn":"TileLevel2","t":{"p":"2.61,-0.15,17.36","e":"0,-90,0","s":"0.14,0.3,0.24"}},{"n":"Wall_DoorLevel2","pn":"Wall_DoorLevel2","t":{"p":"-2.2,0,11.76","s":"0.49,0.3,0.3"}},{"n":"Wall_DoorLevel2","pn":"Wall_DoorLevel2","t":{"p":"7.11,0,11.76","s":"0.49,0.3,0.3"}},{"n":"Wall_FlatLevel2","pn":"Wall_FlatLevel2","t":{"p":"2.49,0,17.37","e":"0,-270,0","s":"0.57,0.3,0.3"}},{"n":"Wall_FlatLevel2","pn":"Wall_FlatLevel2","t":{"p":"11.95,0,13.18","e":"0,-270,0","s":"0.99,0.3,0.3"}},{"n":"GuestStation","pn":"GuestStation","t":{"p":"-10.41,0,-15.63"}},{"n":"Wall_FlatLevel2","pn":"Wall_FlatLevel2","t":{"p":"11.95,0,-13.75","e":"0,-270,0","s":"0.85,0.3,0.3"}},{"n":"Wall_DoorLevel2","pn":"Wall_DoorLevel2","t":{"p":"11.95,0,-0.63","e":"0,-270,0","s":"0.49,0.3,0.3"}},{"n":"TileLevel2","pn":"TileLevel2","t":{"p":"22.63,0,-0.22","e":"0,0,0","s":"0.29,0.3,0.08"}},{"n":"TileLevel2","pn":"TileLevel2","t":{"p":"3.84,0,-17.03","e":"0,0,0","s":"0.21,0.3,0.14"}},{"n":"TileLevel2","pn":"TileLevel2","t":{"p":"44.41,0,0","e":"0,0,0","s":"0.27,0.27,0.27"}},{"n":"TileLevel2","pn":"TileLevel2","t":{"p":"-19.41,0,-0.37","e":"0,0,0","s":"0.2,0.3,0.3"}},{"n":"rail","pn":"rail","t":{"p":"-5.6,0,-23.74","s":"2.02,0.3,0.09"}},{"n":"TileLevel2","pn":"TileLevel2","t":{"p":"-19,0,-15.44","e":"0,0,0","s":"0.3,0.3,0.03"}},{"n":"TileLevel2","pn":"TileLevel2","t":{"p":"-8.37,0,-14.35","e":"0,0,0","s":"0.03,0.3,0.06"}}]},{"n":"CameraNode","pn":"CameraNode","t":{"e":"0,-315,0"}},{"n":"delay","t":{},"c":[{"n":"Feiji","pn":"Feiji","t":{"p":"45,0,0","e":"0,-88.44,0"}},{"n":"Clock","pn":"Clock","t":{"p":"11.82,1.92,-2.61","e":"0,-90,0","s":"0.5,0.5,0.5"}},{"n":"FireBrake(1)","pn":"FireBrake","t":{"p":"10.78,-1.5,-11.23","e":"0,0,0"}},{"n":"box(6)","pn":"box","t":{"p":"9.41,-0.5,-11.24","s":"0.6,0.6,0.6"}},{"n":"box(5)","pn":"box","t":{"p":"11.18,-0.5,-11.24","s":"0.6,0.6,0.6"}},{"n":"box(4)","pn":"box","t":{"p":"11.18,-0.5,-9.77","e":"0,-90,0","s":"0.6,0.6,0.6"}},{"n":"box(3)","pn":"box","t":{"p":"11.18,0.61,-10.54","e":"0,-90,0","s":"0.6,0.6,0.6"}},{"n":"flowerpot","pn":"flowerpot","t":{"p":"3.79,-0.5,10.84","e":"0,0,0","s":"0.4,0.4,0.4"}},{"n":"box(2)","pn":"box","t":{"p":"11.18,0.61,5.88","e":"0,-90,0","s":"0.6,0.6,0.6"}},{"n":"box(1)","pn":"box","t":{"p":"11.18,-0.5,5.3","e":"0,-90,0","s":"0.6,0.6,0.6"}},{"n":"box","pn":"box","t":{"p":"11.18,-0.5,7.08","e":"0,-90,0","s":"0.6,0.6,0.6"}},{"n":"PizzaBox(25)","pn":"PizzaBox","t":{"p":"9.59,0.31,9.26","e":"0,-90,0"}},{"n":"PizzaBox(24)","pn":"PizzaBox","t":{"p":"9.59,-0.4,9.26","e":"0,-90,0"}},{"n":"PizzaBox(23)","pn":"PizzaBox","t":{"p":"9.59,-0.15,9.26","e":"0,-90,0"}},{"n":"PizzaBox(18)","pn":"PizzaBox","t":{"p":"9.59,0.06,9.26","e":"0,-90,0"}},{"n":"PizzaBox(22)","pn":"PizzaBox","t":{"p":"9.59,0.53,10.83","e":"0,-90,0"}},{"n":"PizzaBox(21)","pn":"PizzaBox","t":{"p":"9.59,0.78,10.83","e":"0,-90,0"}},{"n":"PizzaBox(20)","pn":"PizzaBox","t":{"p":"9.59,0.31,10.83","e":"0,-90,0"}},{"n":"PizzaBox(19)","pn":"PizzaBox","t":{"p":"9.59,-0.4,10.83","e":"0,-90,0"}},{"n":"PizzaBox(17)","pn":"PizzaBox","t":{"p":"9.59,-0.15,10.83","e":"0,-90,0"}},{"n":"PizzaBox(16)","pn":"PizzaBox","t":{"p":"9.59,0.06,10.83","e":"0,-90,0"}},{"n":"PizzaBox(15)","pn":"PizzaBox","t":{"p":"11.13,0.99,9.29","e":"0,-90,0"}},{"n":"PizzaBox(14)","pn":"PizzaBox","t":{"p":"11.13,0.53,9.29","e":"0,-90,0"}},{"n":"PizzaBox(13)","pn":"PizzaBox","t":{"p":"11.13,0.78,9.29","e":"0,-90,0"}},{"n":"PizzaBox(12)","pn":"PizzaBox","t":{"p":"11.13,0.31,9.29","e":"0,-90,0"}},{"n":"PizzaBox(11)","pn":"PizzaBox","t":{"p":"11.13,-0.4,9.29","e":"0,-90,0"}},{"n":"PizzaBox(10)","pn":"PizzaBox","t":{"p":"11.13,1.24,9.29","e":"0,-90,0"}},{"n":"PizzaBox(9)","pn":"PizzaBox","t":{"p":"11.13,-0.15,9.29","e":"0,-90,0"}},{"n":"PizzaBox(8)","pn":"PizzaBox","t":{"p":"11.13,0.06,9.29","e":"0,-90,0"}},{"n":"PizzaBox(7)","pn":"PizzaBox","t":{"p":"11.13,1.24,10.83","e":"0,-90,0"}},{"n":"PizzaBox(6)","pn":"PizzaBox","t":{"p":"11.13,0.53,10.83","e":"0,-90,0"}},{"n":"PizzaBox(5)","pn":"PizzaBox","t":{"p":"11.13,0.78,10.83","e":"0,-90,0"}},{"n":"PizzaBox(4)","pn":"PizzaBox","t":{"p":"11.13,0.99,10.83","e":"0,-90,0"}},{"n":"PizzaBox(3)","pn":"PizzaBox","t":{"p":"11.13,0.31,10.83","e":"0,-90,0"}},{"n":"PizzaBox(2)","pn":"PizzaBox","t":{"p":"11.13,-0.4,10.83","e":"0,-90,0"}},{"n":"PizzaBox(1)","pn":"PizzaBox","t":{"p":"11.13,-0.15,10.83","e":"0,-90,0"}},{"n":"PizzaBox","pn":"PizzaBox","t":{"p":"11.13,0.06,10.83","e":"0,-90,0"}},{"n":"Menu","pn":"Menu","t":{"p":"-4.98,1.88,11.53","e":"0,-180,0","s":"0.3,0.3,0.3"}},{"n":"HR","pn":"HR","t":{"p":"8.38,2.84,10.07","e":"0,-90,0","s":"0.3,0.3,0.3"}},{"n":"Upgrade","pn":"Upgrade","t":{"p":"0,2.84,10.07","e":"0,-90,0","s":"0.3,0.3,0.3"}},{"n":"FireBrake","pn":"FireBrake","t":{"p":"9.54,-1.5,10.23","e":"0,0,0"}},{"n":"yun","pn":"yun","t":{"p":"-3,0,-3"}}]},{"n":"Player","pn":"Player","t":{"e":"0,-80,0"}},{"n":"SetMap","t":{},"c":[{"n":"PizzaMaker","t":{},"c":[{"n":"Cube","t":{"p":"9.13,0,6.15","e":"0,-270,0"}},{"n":"Cube","t":{"p":"9.13,0,1.8","e":"0,-270,0"}},{"n":"Cube","t":{"p":"9.13,0,-2.69","e":"0,-270,0"}},{"n":"Cube","t":{"p":"9.13,0,-7.43","e":"0,-270,0"}}]},{"n":"QuadTable","t":{},"c":[{"n":"QuadTablePos","t":{"p":"-9.1,0,3.57","e":"0,-270,0"}},{"n":"QuadTablePos","t":{"p":"-9.1,0,-5.4","e":"0,-270,0"}}]},{"n":"SingleTablePos_Big","t":{"p":"-2.27,0,-5.66","e":"0,-270,0"}},{"n":"SingleTable","t":{},"c":[{"n":"SingleTablePos","t":{"p":"-2.27,0,6.58","e":"0,-270,0"}},{"n":"SingleTablePos","t":{"p":"-2.27,0,0.84","e":"0,-270,0"}},{"n":"SingleTablePos","t":{"p":"-16.27,0,6.58","e":"0,-270,0"}},{"n":"SingleTablePos","t":{"p":"-16.27,0,0.84","e":"0,-270,0"}},{"n":"SingleTablePos","t":{"p":"-16.27,0,-5.66","e":"0,-270,0"}},{"n":"SingleTablePos","t":{"p":"-23.55,0,6.58","e":"0,-270,0"}},{"n":"SingleTablePos","t":{"p":"-23.55,0,0.84","e":"0,-270,0"}},{"n":"SingleTablePos","t":{"p":"-23.55,0,-5.66","e":"0,-270,0"}}]},{"n":"Paker","t":{},"c":[{"n":"Cube","t":{"p":"-0.45,0,-17.9"}},{"n":"Cube","t":{"p":"9.53,0,-16.42","e":"0,-180,0"}}]},{"n":"SidePos","t":{"p":"2.15,0,10.58","e":"0,-90,0"}},{"n":"RiderEnterPos","t":{"p":"32.3,0,-23.82","e":"0,-90,0"}},{"n":"RiderPos","t":{"p":"4.98,0,-23.82","e":"0,-90,0"}},{"n":"RiderExitPos","t":{"p":"-41.1,0,-23.82","e":"0,-90,0"}},{"n":"RiderMoneyPos","t":{"p":"7.71,0,-22"}},{"n":"LockTile","t":{},"c":[{"n":"TileLocked","pn":"TileLocked","t":{"p":"3.62,0,-17.37","s":"0.39,0.3,0.32"},"pd":{"index":0,"active":true,"transform":{},"_transform":{},"child":[{"index":0,"active":true,"transform":{"p":"0.09,0,0","s":"0.02,0,0"},"_transform":{"p":"0,0.05,0","s":"1,1,1"}}]}},{"n":"UnlockTips","pn":"UnlockTips","t":{"p":"3.83,0,-16.29","e":"0,-270,0"}},{"n":"TileLocked","pn":"TileLocked","t":{"p":"-19.79,0,-0.45","e":"0,0,0","s":"0.37,0.3,0.77"}},{"n":"UnlockTips","pn":"UnlockTips","t":{"p":"-15.19,0,-0.49","e":"0,-270,0"}}]},{"n":"HRTablePos","t":{"p":"7.83,0,19.11","e":"0,-180.76,0"}},{"n":"UPTablePos","t":{"p":"-2.11,0,18.98","e":"0,-180.76,0"}},{"n":"UpgradeADPos","t":{"p":"2.42,0,9.16"}},{"n":"MoneyADPos","t":{"p":"3.76,0,2.83"}}]},{"n":"EdgePolygon","t":{},"c":[{"n":"Edge","t":{},"c":[{"n":"Sphere","t":{"p":"-6.5,0,22.54"}},{"n":"Sphere(3)","t":{"p":"-6.59,0,11.23"}},{"n":"Sphere(4)","t":{"p":"-27.3,0,11.48"}},{"n":"Sphere(5)","t":{"p":"-27.3,0,-11.49"}},{"n":"Sphere(6)","t":{"p":"-9.18,0,-11.49"}},{"n":"Sphere(7)","t":{"p":"-9.28,0,-14.48"}},{"n":"Sphere(8)","t":{"p":"-30.31,0,-14.48"}},{"n":"Sphere(9)","t":{"p":"-30.31,0,-16.43"}},{"n":"Sphere(10)","t":{"p":"-7.55,0,-16.43"}},{"n":"Sphere(11)","t":{"p":"-7.49,0,-11.75"}},{"n":"Sphere(12)","t":{"p":"-3.89,0,-11.77"}},{"n":"Sphere(13)","t":{"p":"-3.8,0,-21.92"}},{"n":"Sphere(14)","t":{"p":"11.31,0,-21.92"}},{"n":"Sphere(16)","t":{"p":"11.57,0,-2.61"}},{"n":"Sphere(17)","t":{"p":"34.13,0,-2.61"}},{"n":"Sphere(18)","t":{"p":"34.13,0,-10.41"}},{"n":"Sphere(19)","t":{"p":"54.85,0,-10.41"}},{"n":"Sphere(20)","t":{"p":"54.85,0,9.98"}},{"n":"Sphere(21)","t":{"p":"34.28,0,10.07"}},{"n":"Sphere(22)","t":{"p":"34.28,0,2.26"}},{"n":"Sphere(23)","t":{"p":"11.37,0,2.36"}},{"n":"Sphere(25)","t":{"p":"11.35,0,11.26"}},{"n":"Sphere(28)","t":{"p":"11.47,0,12.31"}},{"n":"Sphere(29)","t":{"p":"11.64,0,22.66"}}]},{"n":"Nav","t":{},"c":[{"n":"GameObject","t":{"p":"12.22,0,11.5"}},{"n":"GameObject(1)","t":{"p":"12.22,0,-12.9"}},{"n":"GameObject(2)","t":{"p":"-27.32,0,-12.44"}},{"n":"GameObject(3)","t":{"p":"-27.32,0,11.63"}}]}]},{"n":"rider","pn":"rider","t":{"p":"5,0,-23.6","e":"0,-90,0"}}]},{"n":"level3","t":{},"c":[{"n":"map","t":{},"c":[{"n":"TileLevel3","pn":"TileLevel3","t":{"p":"0.04,0,-0.31","e":"0,0,0","s":"0.3,0.3,0.3"}},{"n":"TileLevel3","pn":"TileLevel3","t":{"p":"2.61,-0.15,17.36","e":"0,-90,0","s":"0.14,0.3,0.24"}},{"n":"Wall_DoorLevel3","pn":"Wall_DoorLevel3","t":{"p":"-2.2,0,11.76","s":"0.49,0.3,0.3"}},{"n":"Wall_DoorLevel3","pn":"Wall_DoorLevel3","t":{"p":"7.11,0,11.76","s":"0.49,0.3,0.3"}},{"n":"Wall_FlatLevel3","pn":"Wall_FlatLevel3","t":{"p":"2.49,0,17.37","e":"0,-270,0","s":"0.57,0.3,0.3"}},{"n":"GuestStation","pn":"GuestStation","t":{"p":"-10.41,0,-15.63"}},{"n":"Wall_FlatLevel3","pn":"Wall_FlatLevel3","t":{"p":"11.95,0,13.18","e":"0,-270,0","s":"0.99,0.3,0.3"}},{"n":"Wall_FlatLevel3","pn":"Wall_FlatLevel3","t":{"p":"11.95,0,-13.75","e":"0,-270,0","s":"0.85,0.3,0.3"}},{"n":"Wall_DoorLevel3","pn":"Wall_DoorLevel3","t":{"p":"11.95,0,-0.63","e":"0,-270,0","s":"0.49,0.3,0.3"}},{"n":"TileLevel3","pn":"TileLevel3","t":{"p":"22.63,0,-0.22","e":"0,0,0","s":"0.29,0.3,0.08"}},{"n":"TileLevel3","pn":"TileLevel3","t":{"p":"3.84,0,-17.01","e":"0,0,0","s":"0.21,0.3,0.13"}},{"n":"TileLevel3","pn":"TileLevel3","t":{"p":"44.41,0,0","e":"0,0,0","s":"0.27,0.27,0.27"}},{"n":"TileLevel3","pn":"TileLevel3","t":{"p":"-19.41,0,-0.37","e":"0,0,0","s":"0.2,0.3,0.3"}},{"n":"rail","pn":"rail","t":{"p":"-5.6,0,-23.74","s":"2.02,0.3,0.09"}},{"n":"TileLevel3","pn":"TileLevel3","t":{"p":"-8.37,0,-14.35","e":"0,0,0","s":"0.03,0.3,0.06"}},{"n":"TileLevel3","pn":"TileLevel3","t":{"p":"-19,0,-15.44","e":"0,0,0","s":"0.3,0.3,0.03"}}]},{"n":"CameraNode","pn":"CameraNode","t":{"e":"0,-315,0"}},{"n":"delay","t":{},"c":[{"n":"Feiji","pn":"Feiji","t":{"p":"45,0,0","e":"0,-88.44,0"}},{"n":"Clock","pn":"Clock","t":{"p":"11.82,1.92,-2.61","e":"0,-90,0","s":"0.5,0.5,0.5"}},{"n":"FireBrake(1)","pn":"FireBrake","t":{"p":"10.78,-1.5,-11.23","e":"0,0,0"}},{"n":"box(6)","pn":"box","t":{"p":"9.41,-0.5,-11.24","s":"0.6,0.6,0.6"}},{"n":"box(5)","pn":"box","t":{"p":"11.18,-0.5,-11.24","s":"0.6,0.6,0.6"}},{"n":"box(4)","pn":"box","t":{"p":"11.18,-0.5,-9.77","e":"0,-90,0","s":"0.6,0.6,0.6"}},{"n":"box(3)","pn":"box","t":{"p":"11.18,0.61,-10.54","e":"0,-90,0","s":"0.6,0.6,0.6"}},{"n":"flowerpot","pn":"flowerpot","t":{"p":"3.79,-0.5,10.84","e":"0,0,0","s":"0.4,0.4,0.4"}},{"n":"box(2)","pn":"box","t":{"p":"11.18,0.61,5.88","e":"0,-90,0","s":"0.6,0.6,0.6"}},{"n":"box(1)","pn":"box","t":{"p":"11.18,-0.5,5.3","e":"0,-90,0","s":"0.6,0.6,0.6"}},{"n":"box","pn":"box","t":{"p":"11.18,-0.5,7.08","e":"0,-90,0","s":"0.6,0.6,0.6"}},{"n":"PizzaBox(25)","pn":"PizzaBox","t":{"p":"9.59,0.31,9.26","e":"0,-90,0"}},{"n":"PizzaBox(24)","pn":"PizzaBox","t":{"p":"9.59,-0.4,9.26","e":"0,-90,0"}},{"n":"PizzaBox(23)","pn":"PizzaBox","t":{"p":"9.59,-0.15,9.26","e":"0,-90,0"}},{"n":"PizzaBox(18)","pn":"PizzaBox","t":{"p":"9.59,0.06,9.26","e":"0,-90,0"}},{"n":"PizzaBox(22)","pn":"PizzaBox","t":{"p":"9.59,0.53,10.83","e":"0,-90,0"}},{"n":"PizzaBox(21)","pn":"PizzaBox","t":{"p":"9.59,0.78,10.83","e":"0,-90,0"}},{"n":"PizzaBox(20)","pn":"PizzaBox","t":{"p":"9.59,0.31,10.83","e":"0,-90,0"}},{"n":"PizzaBox(19)","pn":"PizzaBox","t":{"p":"9.59,-0.4,10.83","e":"0,-90,0"}},{"n":"PizzaBox(17)","pn":"PizzaBox","t":{"p":"9.59,-0.15,10.83","e":"0,-90,0"}},{"n":"PizzaBox(16)","pn":"PizzaBox","t":{"p":"9.59,0.06,10.83","e":"0,-90,0"}},{"n":"PizzaBox(15)","pn":"PizzaBox","t":{"p":"11.13,0.99,9.29","e":"0,-90,0"}},{"n":"PizzaBox(14)","pn":"PizzaBox","t":{"p":"11.13,0.53,9.29","e":"0,-90,0"}},{"n":"PizzaBox(13)","pn":"PizzaBox","t":{"p":"11.13,0.78,9.29","e":"0,-90,0"}},{"n":"PizzaBox(12)","pn":"PizzaBox","t":{"p":"11.13,0.31,9.29","e":"0,-90,0"}},{"n":"PizzaBox(11)","pn":"PizzaBox","t":{"p":"11.13,-0.4,9.29","e":"0,-90,0"}},{"n":"PizzaBox(10)","pn":"PizzaBox","t":{"p":"11.13,1.24,9.29","e":"0,-90,0"}},{"n":"PizzaBox(9)","pn":"PizzaBox","t":{"p":"11.13,-0.15,9.29","e":"0,-90,0"}},{"n":"PizzaBox(8)","pn":"PizzaBox","t":{"p":"11.13,0.06,9.29","e":"0,-90,0"}},{"n":"PizzaBox(7)","pn":"PizzaBox","t":{"p":"11.13,1.24,10.83","e":"0,-90,0"}},{"n":"PizzaBox(6)","pn":"PizzaBox","t":{"p":"11.13,0.53,10.83","e":"0,-90,0"}},{"n":"PizzaBox(5)","pn":"PizzaBox","t":{"p":"11.13,0.78,10.83","e":"0,-90,0"}},{"n":"PizzaBox(4)","pn":"PizzaBox","t":{"p":"11.13,0.99,10.83","e":"0,-90,0"}},{"n":"PizzaBox(3)","pn":"PizzaBox","t":{"p":"11.13,0.31,10.83","e":"0,-90,0"}},{"n":"PizzaBox(2)","pn":"PizzaBox","t":{"p":"11.13,-0.4,10.83","e":"0,-90,0"}},{"n":"PizzaBox(1)","pn":"PizzaBox","t":{"p":"11.13,-0.15,10.83","e":"0,-90,0"}},{"n":"PizzaBox","pn":"PizzaBox","t":{"p":"11.13,0.06,10.83","e":"0,-90,0"}},{"n":"Menu","pn":"Menu","t":{"p":"-4.98,1.88,11.53","e":"0,-180,0","s":"0.3,0.3,0.3"}},{"n":"HR","pn":"HR","t":{"p":"8.38,2.84,10.07","e":"0,-90,0","s":"0.3,0.3,0.3"}},{"n":"Upgrade","pn":"Upgrade","t":{"p":"0,2.84,10.07","e":"0,-90,0","s":"0.3,0.3,0.3"}},{"n":"FireBrake","pn":"FireBrake","t":{"p":"9.54,-1.5,10.23","e":"0,0,0"}},{"n":"yun","pn":"yun","t":{"p":"-3,0,-3"}}]},{"n":"Player","pn":"Player","t":{"e":"0,-80,0"}},{"n":"SetMap","t":{},"c":[{"n":"PizzaMaker","t":{},"c":[{"n":"Cube","t":{"p":"9.13,0,6.15","e":"0,-270,0"}},{"n":"Cube","t":{"p":"9.13,0,1.8","e":"0,-270,0"}},{"n":"Cube","t":{"p":"9.13,0,-2.69","e":"0,-270,0"}},{"n":"Cube","t":{"p":"9.13,0,-7.43","e":"0,-270,0"}}]},{"n":"QuadTable","t":{},"c":[{"n":"QuadTablePos","t":{"p":"-9.1,0,3.57","e":"0,-270,0"}},{"n":"QuadTablePos","t":{"p":"-9.1,0,-5.4","e":"0,-270,0"}}]},{"n":"SingleTablePos_Big","t":{"p":"-2.27,0,-5.66","e":"0,-270,0"}},{"n":"SingleTable","t":{},"c":[{"n":"SingleTablePos","t":{"p":"-2.27,0,6.58","e":"0,-270,0"}},{"n":"SingleTablePos","t":{"p":"-2.27,0,0.84","e":"0,-270,0"}},{"n":"SingleTablePos","t":{"p":"-16.27,0,6.58","e":"0,-270,0"}},{"n":"SingleTablePos","t":{"p":"-16.27,0,0.84","e":"0,-270,0"}},{"n":"SingleTablePos","t":{"p":"-16.27,0,-5.66","e":"0,-270,0"}},{"n":"SingleTablePos","t":{"p":"-23.55,0,6.58","e":"0,-270,0"}},{"n":"SingleTablePos","t":{"p":"-23.55,0,0.84","e":"0,-270,0"}},{"n":"SingleTablePos","t":{"p":"-23.55,0,-5.66","e":"0,-270,0"}}]},{"n":"Paker","t":{},"c":[{"n":"Cube","t":{"p":"-0.45,0,-17.9"}},{"n":"Cube","t":{"p":"9.53,0,-16.42","e":"0,-180,0"}}]},{"n":"SidePos","t":{"p":"2.15,0,10.58","e":"0,-90,0"}},{"n":"RiderEnterPos","t":{"p":"32.3,0,-23.82","e":"0,-90,0"}},{"n":"RiderPos","t":{"p":"4.98,0,-23.82","e":"0,-90,0"}},{"n":"RiderExitPos","t":{"p":"-41.1,0,-23.82","e":"0,-90,0"}},{"n":"RiderMoneyPos","t":{"p":"7.71,0,-22"}},{"n":"LockTile","t":{},"c":[{"n":"TileLocked","pn":"TileLocked","t":{"p":"3.62,0,-17.37","s":"0.39,0.3,0.32"},"pd":{"index":0,"active":true,"transform":{},"_transform":{},"child":[{"index":0,"active":true,"transform":{"p":"0.09,0,0","s":"0.02,0,0"},"_transform":{"p":"0,0.05,0","s":"1,1,1"}}]}},{"n":"UnlockTips","pn":"UnlockTips","t":{"p":"3.83,0,-16.29","e":"0,-270,0"}},{"n":"TileLocked","pn":"TileLocked","t":{"p":"-19.79,0,-0.45","e":"0,0,0","s":"0.37,0.3,0.77"}},{"n":"UnlockTips","pn":"UnlockTips","t":{"p":"-15.19,0,-0.49","e":"0,-270,0"}}]},{"n":"HRTablePos","t":{"p":"7.83,0,19.11","e":"0,-180.76,0"}},{"n":"UPTablePos","t":{"p":"-2.11,0,18.98","e":"0,-180.76,0"}},{"n":"UpgradeADPos","t":{"p":"2.42,0,9.16"}},{"n":"MoneyADPos","t":{"p":"3.76,0,2.83"}}]},{"n":"EdgePolygon","t":{},"c":[{"n":"Edge","t":{},"c":[{"n":"Sphere","t":{"p":"-6.5,0,22.54"}},{"n":"Sphere(3)","t":{"p":"-6.59,0,11.23"}},{"n":"Sphere(4)","t":{"p":"-27.3,0,11.48"}},{"n":"Sphere(5)","t":{"p":"-27.3,0,-11.49"}},{"n":"Sphere(6)","t":{"p":"-9.18,0,-11.49"}},{"n":"Sphere(7)","t":{"p":"-9.28,0,-14.48"}},{"n":"Sphere(8)","t":{"p":"-30.31,0,-14.48"}},{"n":"Sphere(9)","t":{"p":"-30.31,0,-16.43"}},{"n":"Sphere(10)","t":{"p":"-7.55,0,-16.43"}},{"n":"Sphere(11)","t":{"p":"-7.49,0,-11.75"}},{"n":"Sphere(12)","t":{"p":"-3.89,0,-11.77"}},{"n":"Sphere(13)","t":{"p":"-3.8,0,-21.92"}},{"n":"Sphere(14)","t":{"p":"11.31,0,-21.92"}},{"n":"Sphere(16)","t":{"p":"11.57,0,-2.61"}},{"n":"Sphere(17)","t":{"p":"34.13,0,-2.61"}},{"n":"Sphere(18)","t":{"p":"34.13,0,-10.41"}},{"n":"Sphere(19)","t":{"p":"54.85,0,-10.41"}},{"n":"Sphere(20)","t":{"p":"54.85,0,9.98"}},{"n":"Sphere(21)","t":{"p":"34.28,0,10.07"}},{"n":"Sphere(22)","t":{"p":"34.28,0,2.26"}},{"n":"Sphere(23)","t":{"p":"11.37,0,2.36"}},{"n":"Sphere(25)","t":{"p":"11.35,0,11.26"}},{"n":"Sphere(28)","t":{"p":"11.47,0,12.31"}},{"n":"Sphere(29)","t":{"p":"11.64,0,22.66"}}]},{"n":"Nav","t":{},"c":[{"n":"GameObject","t":{"p":"12.22,0,11.5"}},{"n":"GameObject(1)","t":{"p":"12.22,0,-12.9"}},{"n":"GameObject(2)","t":{"p":"-27.32,0,-12.44"}},{"n":"GameObject(3)","t":{"p":"-27.32,0,11.63"}}]}]},{"n":"rider","pn":"rider","t":{"p":"5,0,-23.6","e":"0,-90,0"}}]},{"n":"level4","t":{},"c":[{"n":"map","t":{},"c":[{"n":"TileLevel4","pn":"TileLevel4","t":{"p":"2.61,-0.15,17.36","e":"0,-90,0","s":"0.14,0.3,0.24"}},{"n":"TileLevel4","pn":"TileLevel4","t":{"p":"0.04,0,-0.31","e":"0,0,0","s":"0.3,0.3,0.3"}},{"n":"Wall_DoorLevel4","pn":"Wall_DoorLevel4","t":{"p":"-2.2,0,11.76","s":"0.49,0.3,0.3"}},{"n":"Wall_DoorLevel4","pn":"Wall_DoorLevel4","t":{"p":"7.11,0,11.76","s":"0.49,0.3,0.3"}},{"n":"Wall_FlatLevel4","pn":"Wall_FlatLevel4","t":{"p":"2.49,0,17.37","e":"0,-270,0","s":"0.57,0.3,0.3"}},{"n":"Wall_FlatLevel4","pn":"Wall_FlatLevel4","t":{"p":"11.95,0,13.18","e":"0,-270,0","s":"0.99,0.3,0.3"}},{"n":"Wall_FlatLevel4","pn":"Wall_FlatLevel4","t":{"p":"11.95,0,-13.75","e":"0,-270,0","s":"0.85,0.3,0.3"}},{"n":"Wall_DoorLevel4","pn":"Wall_DoorLevel4","t":{"p":"11.95,0,-0.63","e":"0,-270,0","s":"0.49,0.3,0.3"}},{"n":"GuestStation","pn":"GuestStation","t":{"p":"-10.41,0,-15.63"}},{"n":"TileLevel4","pn":"TileLevel4","t":{"p":"22.63,0,-0.22","e":"0,0,0","s":"0.29,0.3,0.08"}},{"n":"TileLevel4","pn":"TileLevel4","t":{"p":"3.84,0,-16.98","e":"0,0,0","s":"0.21,0.3,0.13"}},{"n":"TileLevel4","pn":"TileLevel4","t":{"p":"44.41,0,0","e":"0,0,0","s":"0.27,0.27,0.27"}},{"n":"TileLevel4","pn":"TileLevel4","t":{"p":"-19.41,0,-0.37","e":"0,0,0","s":"0.2,0.3,0.3"}},{"n":"rail","pn":"rail","t":{"p":"-5.6,0,-23.74","s":"2.02,0.3,0.09"}},{"n":"TileLevel4","pn":"TileLevel4","t":{"p":"-8.37,0,-14.35","e":"0,0,0","s":"0.03,0.3,0.06"}},{"n":"TileLevel4","pn":"TileLevel4","t":{"p":"-19,0,-15.44","e":"0,0,0","s":"0.3,0.3,0.03"}}]},{"n":"CameraNode","pn":"CameraNode","t":{"e":"0,-315,0"}},{"n":"delay","t":{},"c":[{"n":"Feiji","pn":"Feiji","t":{"p":"45,0,0","e":"0,-88.44,0"}},{"n":"Clock","pn":"Clock","t":{"p":"11.82,1.92,-2.61","e":"0,-90,0","s":"0.5,0.5,0.5"}},{"n":"FireBrake(1)","pn":"FireBrake","t":{"p":"10.78,-1.5,-11.23","e":"0,0,0"}},{"n":"box(6)","pn":"box","t":{"p":"9.41,-0.5,-11.24","s":"0.6,0.6,0.6"}},{"n":"box(5)","pn":"box","t":{"p":"11.18,-0.5,-11.24","s":"0.6,0.6,0.6"}},{"n":"box(4)","pn":"box","t":{"p":"11.18,-0.5,-9.77","e":"0,-90,0","s":"0.6,0.6,0.6"}},{"n":"box(3)","pn":"box","t":{"p":"11.18,0.61,-10.54","e":"0,-90,0","s":"0.6,0.6,0.6"}},{"n":"flowerpot","pn":"flowerpot","t":{"p":"3.79,-0.5,10.84","e":"0,0,0","s":"0.4,0.4,0.4"}},{"n":"box(2)","pn":"box","t":{"p":"11.18,0.61,5.88","e":"0,-90,0","s":"0.6,0.6,0.6"}},{"n":"box(1)","pn":"box","t":{"p":"11.18,-0.5,5.3","e":"0,-90,0","s":"0.6,0.6,0.6"}},{"n":"box","pn":"box","t":{"p":"11.18,-0.5,7.08","e":"0,-90,0","s":"0.6,0.6,0.6"}},{"n":"PizzaBox(25)","pn":"PizzaBox","t":{"p":"9.59,0.31,9.26","e":"0,-90,0"}},{"n":"PizzaBox(24)","pn":"PizzaBox","t":{"p":"9.59,-0.4,9.26","e":"0,-90,0"}},{"n":"PizzaBox(23)","pn":"PizzaBox","t":{"p":"9.59,-0.15,9.26","e":"0,-90,0"}},{"n":"PizzaBox(18)","pn":"PizzaBox","t":{"p":"9.59,0.06,9.26","e":"0,-90,0"}},{"n":"PizzaBox(22)","pn":"PizzaBox","t":{"p":"9.59,0.53,10.83","e":"0,-90,0"}},{"n":"PizzaBox(21)","pn":"PizzaBox","t":{"p":"9.59,0.78,10.83","e":"0,-90,0"}},{"n":"PizzaBox(20)","pn":"PizzaBox","t":{"p":"9.59,0.31,10.83","e":"0,-90,0"}},{"n":"PizzaBox(19)","pn":"PizzaBox","t":{"p":"9.59,-0.4,10.83","e":"0,-90,0"}},{"n":"PizzaBox(17)","pn":"PizzaBox","t":{"p":"9.59,-0.15,10.83","e":"0,-90,0"}},{"n":"PizzaBox(16)","pn":"PizzaBox","t":{"p":"9.59,0.06,10.83","e":"0,-90,0"}},{"n":"PizzaBox(15)","pn":"PizzaBox","t":{"p":"11.13,0.99,9.29","e":"0,-90,0"}},{"n":"PizzaBox(14)","pn":"PizzaBox","t":{"p":"11.13,0.53,9.29","e":"0,-90,0"}},{"n":"PizzaBox(13)","pn":"PizzaBox","t":{"p":"11.13,0.78,9.29","e":"0,-90,0"}},{"n":"PizzaBox(12)","pn":"PizzaBox","t":{"p":"11.13,0.31,9.29","e":"0,-90,0"}},{"n":"PizzaBox(11)","pn":"PizzaBox","t":{"p":"11.13,-0.4,9.29","e":"0,-90,0"}},{"n":"PizzaBox(10)","pn":"PizzaBox","t":{"p":"11.13,1.24,9.29","e":"0,-90,0"}},{"n":"PizzaBox(9)","pn":"PizzaBox","t":{"p":"11.13,-0.15,9.29","e":"0,-90,0"}},{"n":"PizzaBox(8)","pn":"PizzaBox","t":{"p":"11.13,0.06,9.29","e":"0,-90,0"}},{"n":"PizzaBox(7)","pn":"PizzaBox","t":{"p":"11.13,1.24,10.83","e":"0,-90,0"}},{"n":"PizzaBox(6)","pn":"PizzaBox","t":{"p":"11.13,0.53,10.83","e":"0,-90,0"}},{"n":"PizzaBox(5)","pn":"PizzaBox","t":{"p":"11.13,0.78,10.83","e":"0,-90,0"}},{"n":"PizzaBox(4)","pn":"PizzaBox","t":{"p":"11.13,0.99,10.83","e":"0,-90,0"}},{"n":"PizzaBox(3)","pn":"PizzaBox","t":{"p":"11.13,0.31,10.83","e":"0,-90,0"}},{"n":"PizzaBox(2)","pn":"PizzaBox","t":{"p":"11.13,-0.4,10.83","e":"0,-90,0"}},{"n":"PizzaBox(1)","pn":"PizzaBox","t":{"p":"11.13,-0.15,10.83","e":"0,-90,0"}},{"n":"PizzaBox","pn":"PizzaBox","t":{"p":"11.13,0.06,10.83","e":"0,-90,0"}},{"n":"Menu","pn":"Menu","t":{"p":"-4.98,1.88,11.53","e":"0,-180,0","s":"0.3,0.3,0.3"}},{"n":"HR","pn":"HR","t":{"p":"8.38,2.84,10.07","e":"0,-90,0","s":"0.3,0.3,0.3"}},{"n":"Upgrade","pn":"Upgrade","t":{"p":"0,2.84,10.07","e":"0,-90,0","s":"0.3,0.3,0.3"}},{"n":"FireBrake","pn":"FireBrake","t":{"p":"9.54,-1.5,10.23","e":"0,0,0"}},{"n":"yun","pn":"yun","t":{"p":"-3,0,-3"}}]},{"n":"Player","pn":"Player","t":{"e":"0,-80,0"}},{"n":"SetMap","t":{},"c":[{"n":"PizzaMaker","t":{},"c":[{"n":"Cube","t":{"p":"9.13,0,6.15","e":"0,-270,0"}},{"n":"Cube","t":{"p":"9.13,0,1.8","e":"0,-270,0"}},{"n":"Cube","t":{"p":"9.13,0,-2.69","e":"0,-270,0"}},{"n":"Cube","t":{"p":"9.13,0,-7.43","e":"0,-270,0"}}]},{"n":"QuadTable","t":{},"c":[{"n":"QuadTablePos","t":{"p":"-9.1,0,3.57","e":"0,-270,0"}},{"n":"QuadTablePos","t":{"p":"-9.1,0,-5.4","e":"0,-270,0"}}]},{"n":"SingleTablePos_Big","t":{"p":"-2.27,0,-5.66"}},{"n":"SingleTable","t":{},"c":[{"n":"SingleTablePos","t":{"p":"-2.27,0,6.58","e":"0,-270,0"}},{"n":"SingleTablePos","t":{"p":"-2.27,0,0.84","e":"0,-270,0"}},{"n":"SingleTablePos","t":{"p":"-16.27,0,6.58","e":"0,-270,0"}},{"n":"SingleTablePos","t":{"p":"-16.27,0,0.84","e":"0,-270,0"}},{"n":"SingleTablePos","t":{"p":"-16.27,0,-5.66","e":"0,-270,0"}},{"n":"SingleTablePos","t":{"p":"-23.55,0,6.58","e":"0,-270,0"}},{"n":"SingleTablePos","t":{"p":"-23.55,0,0.84","e":"0,-270,0"}},{"n":"SingleTablePos","t":{"p":"-23.55,0,-5.66","e":"0,-270,0"}}]},{"n":"Paker","t":{},"c":[{"n":"Cube","t":{"p":"-0.45,0,-17.9"}},{"n":"Cube","t":{"p":"9.53,0,-16.42","e":"0,-180,0"}}]},{"n":"SidePos","t":{"p":"2.15,0,10.58","e":"0,-90,0"}},{"n":"RiderEnterPos","t":{"p":"32.3,0,-23.82","e":"0,-90,0"}},{"n":"RiderPos","t":{"p":"4.98,0,-23.82","e":"0,-90,0"}},{"n":"RiderExitPos","t":{"p":"-41.1,0,-23.82","e":"0,-90,0"}},{"n":"RiderMoneyPos","t":{"p":"7.71,0,-22"}},{"n":"LockTile","t":{},"c":[{"n":"TileLocked","pn":"TileLocked","t":{"p":"3.62,0,-17.37","s":"0.39,0.3,0.32"},"pd":{"index":0,"active":true,"transform":{},"_transform":{},"child":[{"index":0,"active":true,"transform":{"p":"0.09,0,0","s":"0.02,0,0"},"_transform":{"p":"0,0.05,0","s":"1,1,1"}}]}},{"n":"UnlockTips","pn":"UnlockTips","t":{"p":"3.83,0,-16.29","e":"0,-270,0"}},{"n":"TileLocked","pn":"TileLocked","t":{"p":"-19.79,0,-0.45","e":"0,0,0","s":"0.37,0.3,0.77"}},{"n":"UnlockTips","pn":"UnlockTips","t":{"p":"-15.19,0,-0.49","e":"0,-270,0"}}]},{"n":"EdgePolygon","t":{},"c":[{"n":"Edge","t":{},"c":[{"n":"Sphere","t":{"p":"-6.5,0,22.54"}},{"n":"Sphere(3)","t":{"p":"-6.59,0,11.23"}},{"n":"Sphere(4)","t":{"p":"-27.3,0,11.48"}},{"n":"Sphere(5)","t":{"p":"-27.3,0,-11.49"}},{"n":"Sphere(6)","t":{"p":"-9.18,0,-11.49"}},{"n":"Sphere(7)","t":{"p":"-9.28,0,-14.48"}},{"n":"Sphere(8)","t":{"p":"-30.31,0,-14.48"}},{"n":"Sphere(9)","t":{"p":"-30.31,0,-16.43"}},{"n":"Sphere(10)","t":{"p":"-7.55,0,-16.43"}},{"n":"Sphere(11)","t":{"p":"-7.49,0,-11.75"}},{"n":"Sphere(12)","t":{"p":"-3.89,0,-11.77"}},{"n":"Sphere(13)","t":{"p":"-3.8,0,-21.92"}},{"n":"Sphere(14)","t":{"p":"11.31,0,-21.92"}},{"n":"Sphere(16)","t":{"p":"11.57,0,-2.61"}},{"n":"Sphere(17)","t":{"p":"34.13,0,-2.61"}},{"n":"Sphere(18)","t":{"p":"34.13,0,-10.41"}},{"n":"Sphere(19)","t":{"p":"54.85,0,-10.41"}},{"n":"Sphere(20)","t":{"p":"54.85,0,9.98"}},{"n":"Sphere(21)","t":{"p":"34.28,0,10.07"}},{"n":"Sphere(22)","t":{"p":"34.28,0,2.26"}},{"n":"Sphere(23)","t":{"p":"11.37,0,2.36"}},{"n":"Sphere(25)","t":{"p":"11.35,0,11.26"}},{"n":"Sphere(28)","t":{"p":"11.47,0,12.31"}},{"n":"Sphere(29)","t":{"p":"11.64,0,22.66"}}]},{"n":"Nav","t":{},"c":[{"n":"GameObject","t":{"p":"12.22,0,11.5"}},{"n":"GameObject(1)","t":{"p":"12.22,0,-12.9"}},{"n":"GameObject(2)","t":{"p":"-27.32,0,-12.44"}},{"n":"GameObject(3)","t":{"p":"-27.32,0,11.63"}}]}]},{"n":"HRTablePos","t":{"p":"7.83,0,19.11","e":"0,-180.76,0"}},{"n":"UPTablePos","t":{"p":"-2.11,0,18.98","e":"0,-180.76,0"}},{"n":"UpgradeADPos","t":{"p":"2.42,0,9.16"}},{"n":"MoneyADPos","t":{"p":"3.76,0,2.83"}}]},{"n":"rider","pn":"rider","t":{"p":"5,0,-23.6","e":"0,-90,0"}}]},{"n":"MoneyAD","pn":"MoneyAD","t":{"p":"5,0,0"}}]