[{"n":"ambientColor","ad":{"c":"0.6226415,0.6226415,0.6226415"}},{"n":"CameraNode","pn":"CameraNode","t":{"p":"-9.3,0,0","e":"0,-343.3,0"}},{"n":"BoxMaker","pn":"BoxMaker","t":{"p":"-0.8,0,-16.23"}},{"n":"DeliPos","pn":"DeliPos","t":{}},{"n":"PizzaMaker","pn":"PizzaMaker","t":{"e":"0,-270,0"}},{"n":"PizzaPos","pn":"PizzaPos","t":{}},{"n":"QuadTablePos","pn":"QuadTablePos","t":{}},{"n":"SideMenuCounter","pn":"SideMenuCounter","t":{}},{"n":"SidePos","pn":"SidePos","t":{}},{"n":"SingleTablePos","pn":"SingleTablePos","t":{}},{"n":"sirenzhuo","pn":"sirenzhuo","t":{}},{"n":"Table_1","pn":"Table_1","t":{"p":"-8.05,0.5,-5.94","e":"0,-270,0"}},{"n":"box","pn":"box","t":{"p":"11.18,-0.5,7.08","e":"0,-90,0","s":"0.6,0.6,0.6"}},{"n":"Clock","pn":"Clock","t":{"e":"0,-90,0","s":"0.5,0.5,0.5"}},{"n":"light","pn":"DirectionalLight","t":{"e":"-90,180,0"},"ld":{"c":"1,1,1","i":1.0}},{"n":"Fence","pn":"Fence","t":{}},{"n":"FireBrake","pn":"FireBrake","t":{"p":"-1,1,1","e":"0,0,0"}},{"n":"flowerpot","pn":"flowerpot","t":{"p":"3.79,-0.5,10.84","e":"0,0,0","s":"0.4,0.4,0.4"}},{"n":"funcarea_1","pn":"funcarea_1","t":{"p":"0,-0.5,0","e":"0,0,0","s":"0.3,0.3,0.3"}},{"n":"funcarea_2","pn":"funcarea_2","t":{"p":"3.9,-0.5,-17.12","s":"0.39,0.3,0.33"}},{"n":"funcarea_3","pn":"funcarea_3","t":{"p":"7.24,-0.5,16.9","e":"0,-90,0","s":"0.3,0.3,0.3"}},{"n":"funcarea_4","pn":"funcarea_4","t":{"p":"-19.9,-0.5,0","e":"0,0,0","s":"0.2,0.3,0.3"}},{"n":"GuestStation","pn":"GuestStation","t":{"p":"-10.41,0,-15.63"}},{"n":"HR","pn":"HR","t":{"p":"8.38,2.84,10.07","e":"0,-90,0","s":"0.3,0.3,0.3"}},{"n":"Menu","pn":"Menu","t":{"p":"-4.98,1.88,11.53","e":"0,-180,0","s":"0.3,0.3,0.3"}},{"n":"rail","pn":"rail","t":{"p":"-8.43,-0.5,0.15","s":"0.57,0.3,0.09"}},{"n":"UnlockTips","pn":"UnlockTips","t":{}},{"n":"Upgrade","pn":"Upgrade","t":{"p":"0,2.84,10.07","e":"0,-90,0","s":"0.3,0.3,0.3"}},{"n":"Wall_Door","pn":"Wall_Door","t":{"p":"-1.44,-0.48,11.76","s":"0.3,0.3,0.3"}},{"n":"Wall_Flat","pn":"Wall_Flat","t":{"e":"0,-270,0","s":"0.37,0.3,0.3"}},{"n":"Money","pn":"Money","t":{"p":"4.08,0,0"}},{"n":"ArrowHeart","pn":"ArrowHeart","t":{"p":"3.69,4.7,5.78","e":"90,-315,0"}},{"n":"pinghengche","pn":"pinghengche","t":{"s":"2.5,2.5,2.5"}},{"n":"Pizza","pn":"Pizza","t":{}},{"n":"PizzaBox","pn":"PizzaBox","t":{"p":"11.13,0.14,10.83","e":"0,-90,0","s":"0.3,0.3,0.3"}},{"n":"Wurenji","pn":"Wurenji","t":{"s":"-0.02,-0.02,-0.02"}},{"n":"Customer","pn":"Customer","t":{"p":"-0.32,-0.24,1.39","e":"0,-180,0","s":"0.43,0.43,0.43"}},{"n":"CustomerBig","pn":"Customer","t":{"p":"-0.32,-0.24,2.37","e":"0,-180,0","s":"0.55,0.55,0.55"}},{"n":"laobanliang","pn":"laobanliang","t":{"p":"-6.84,0,2.98"}},{"n":"Rider","pn":"rider","t":{"p":"-6.84,0,0"}},{"n":"Player","pn":"Player","t":{"p":"-6.84,0,0"}},{"n":"Supporter","pn":"Supporter","t":{"p":"-6.84,0,0"}}]