{"__type__":"cc.JsonAsset","_name":"languageTxt","json":{"将道具拖到人物身上":{"en":"Drag props onto the character"},"继续":{"en":"continue"},"技能":{"en":"skill"},"升级":{"en":"upgrade"},"奖励":{"en":"reward"},"关卡选择":{"en":"Stage Select "},"挑战":{"en":"Challenge"},"点击签到":{"en":"Click sign in"},"第一天":{"en":"day 1"},"第二天":{"en":"day 2"},"第三天":{"en":"day 3"},"第四天":{"en":"day 4"},"第五天":{"en":"day 5"},"第六天":{"en":"day 6"},"第七天":{"en":"day 7"},"设置":{"en":"Set up"},"音乐：":{"en":"music:"},"试用皮肤":{"en":"Try skin"},"确认":{"en":"confirm"},"关闭":{"en":"close"},"双倍金币":{"en":"Double gold"},"当天双倍经验":{"en":"Double Exp of the day"},"领取":{"en":"receive"},"返回":{"en":"return"},"复活":{"en":"resurrection"},"背包已满！":{"en":"The backpack is full!"},"使用":{"en":"use"},"战力+0":{"en":"power +0"},"战力+10":{"en":"power +10"},"战力+100":{"en":"power +100"},"生命+100":{"en":"Life +100"},"生命+50":{"en":"Life +50"},"生命+500":{"en":"Life +500"},"生命+200":{"en":"Life +200"},"战力+40":{"en":"power +40"},"生命+300":{"en":"Life +300"},"战力+25":{"en":"power +25"},"开始游戏":{"en":"Start the game"},"商店":{"en":"store"},"背包":{"en":"bag"},"签到":{"en":"Sign in"},"双倍经验":{"en":"Double Exp"},"皮肤":{"en":"skin"},"双倍经验已经开启！":{"en":"Double experience has been opened!"},"获得20000金币！":{"en":"Get 20000 gold!"},"获得1000钻石！":{"en":"Get 1000 diamonds!"},"获得新武器！":{"en":"Get new weapons!"},"金属狼牙棒":{"en":"Metal Mace"},"获得新皮肤！":{"en":"Get new skin!"},"广告播放失败":{"en":"Ad failed"},"拖动武器合成升级":{"en":"Drag weapon synthesis upgrade"},"该道具已装备":{"en":"The item is equipped"},"高级武器不能用来升级低级武器！":{"en":"High-level weapons cannot be used to upgrade low-level weapons!"},"LV : %s       攻击力 ： %s":{"en":"LV: %s      Attack Power: %s"},"售价 ： %sk":{"en":"Price%sk"},"恭喜通关！":{"en":"Congratulations on customs clearance!"},"钻石不足！":{"en":"Not enough diamonds!"},"钻石不够！":{"en":"Not enough diamonds!"},"已经获得！":{"en":"Got it!"},"恢复 60% 生命":{"en":"Restore 60% life"},"恢复 30% 生命":{"en":"Restore 30% life"},"恢复 100% 生命":{"en":"Restore 100% life"},"未获得皮肤！":{"en":"No skin!"},"满血复活！":{"en":"Full of blood!"},"已经领取！":{"en":"Already received!"},"购买成功":{"en":"Successful purchase"},"金币不足":{"en":"Insufficient gold"},"商品卖光了！":{"en":"The goods are sold out!"},"购买 ： %s":{"en":"Purchase: %s"},"购买 ： %sk":{"en":"Purchase: %sk"}}}