[
  {
    "__type__": "cc.SpriteFrame",
    "content": {
      "name": "empty1356",
      "texture": "88tn/jEb1IUJjk+yo6qwK0",
      "rect": [
        0,
        0,
        2,
        2
      ],
      "offset": [
        0,
        0
      ],
      "originalSize": [
        2,
        2
      ],
      "capInsets": [
        0,
        0,
        0,
        0
      ]
    }
  },
  [
    {
      "__type__": "cc.Prefab",
      "_name": "DefeatUI",
      "data": {
        "__id__": 1
      }
    },
    {
      "__type__": "cc.Node",
      "_name": "DefeatUI",
      "_children": [
        {
          "__id__": 2
        },
        {
          "__id__": 3
        },
        {
          "__id__": 7
        },
        {
          "__id__": 8
        }
      ],
      "_level": 1,
      "_components": [
        {
          "__type__": "cc.BlockInputEvents",
          "node": {
            "__id__": 1
          }
        },
        {
          "__type__": "78bbfflsXZLIoFnlyp0hFG0",
          "node": {
            "__id__": 1
          },
          "sortOrder": 2
        }
      ],
      "_prefab": {
        "__type__": "cc.PrefabInfo",
        "root": {
          "__id__": 1
        },
        "asset": {
          "__uuid__": "22i4pdfflN97m3ljPi1f64"
        },
        "fileId": "f7FQjcoVdCDa2sUa9sAmi8"
      },
      "_contentSize": {
        "__type__": "cc.Size",
        "width": 750,
        "height": 1334
      },
      "groupIndex": 1
    },
    {
      "__type__": "cc.Node",
      "_name": "Back",
      "_parent": {
        "__id__": 1
      },
      "_level": 2,
      "_components": [
        {
          "__type__": "cc.Sprite",
          "node": {
            "__id__": 2
          },
          "_materials": [
            {
              "__uuid__": "ecpdLyjvZBwrvm+cedCcQy"
            }
          ],
          "_spriteFrame": {
            "__uuid__": "20MsNZ+lVL5IUu6DD9FWlF"
          },
          "_sizeMode": 0,
          "_isTrimmedMode": false
        },
        {
          "__type__": "cc.Widget",
          "node": {
            "__id__": 2
          },
          "alignMode": 0,
          "_alignFlags": 45,
          "_top": -173,
          "_bottom": -173,
          "_originalWidth": 720,
          "_originalHeight": 1280
        }
      ],
      "_prefab": {
        "__type__": "cc.PrefabInfo",
        "root": {
          "__id__": 1
        },
        "asset": {
          "__uuid__": "22i4pdfflN97m3ljPi1f64"
        },
        "fileId": "b9R1Sq6qpFsY/CdNG7kbH2"
      },
      "_opacity": 128,
      "_color": {
        "__type__": "cc.Color"
      },
      "_contentSize": {
        "__type__": "cc.Size",
        "width": 750,
        "height": 1680
      },
      "groupIndex": 1
    },
    {
      "__type__": "cc.Node",
      "_name": "Buttons",
      "_parent": {
        "__id__": 1
      },
      "_children": [
        {
          "__id__": 4
        },
        {
          "__id__": 5
        },
        {
          "__id__": 6
        }
      ],
      "_level": 2,
      "_components": [
        {
          "__type__": "6cad48Uy8dPKICa0K2XihYY",
          "node": {
            "__id__": 3
          },
          "obstructOffset": 50,
          "_delayTime": 0.9
        }
      ],
      "_prefab": {
        "__type__": "cc.PrefabInfo",
        "root": {
          "__id__": 1
        },
        "asset": {
          "__uuid__": "22i4pdfflN97m3ljPi1f64"
        },
        "fileId": "5eDRWHh4FA9qceSzEQevOH"
      },
      "_contentSize": {
        "__type__": "cc.Size",
        "width": 750,
        "height": 112
      },
      "_position": {
        "__type__": "cc.Vec3",
        "y": -300
      },
      "groupIndex": 1
    },
    {
      "__type__": "cc.Node",
      "_name": "Next",
      "_parent": {
        "__id__": 3
      },
      "_level": 3,
      "_components": [
        {
          "__type__": "cc.Sprite",
          "node": {
            "__id__": 4
          },
          "_materials": [
            {
              "__uuid__": "ecpdLyjvZBwrvm+cedCcQy"
            }
          ],
          "_spriteFrame": {
            "__uuid__": "c5TYm+URZFK6rkqxOEv+NG"
          },
          "_sizeMode": 2,
          "_isTrimmedMode": false
        },
        {
          "__type__": "cc.Button",
          "node": {
            "__id__": 4
          },
          "zoomScale": 0.9,
          "clickEvents": [
            {
              "__type__": "cc.ClickEvent",
              "target": {
                "__id__": 1
              },
              "_componentId": "78bbfflsXZLIoFnlyp0hFG0",
              "handler": "again"
            }
          ],
          "_N$transition": 3,
          "transition": 3,
          "_N$target": {
            "__id__": 4
          }
        }
      ],
      "_prefab": {
        "__type__": "cc.PrefabInfo",
        "root": {
          "__id__": 1
        },
        "asset": {
          "__uuid__": "22i4pdfflN97m3ljPi1f64"
        },
        "fileId": "9c1PcxLJREVbVAAbq+DUSy"
      },
      "_contentSize": {
        "__type__": "cc.Size",
        "width": 336,
        "height": 112
      },
      "_position": {
        "__type__": "cc.Vec3",
        "y": 103.986
      },
      "groupIndex": 1
    },
    {
      "__type__": "cc.Node",
      "_name": "Main",
      "_parent": {
        "__id__": 3
      },
      "_level": 3,
      "_components": [
        {
          "__type__": "cc.Sprite",
          "node": {
            "__id__": 5
          },
          "_materials": [
            {
              "__uuid__": "ecpdLyjvZBwrvm+cedCcQy"
            }
          ],
          "_spriteFrame": {
            "__uuid__": "7fSxm0l2tH9pRR5itihCwm"
          },
          "_sizeMode": 2,
          "_isTrimmedMode": false
        },
        {
          "__type__": "cc.Button",
          "node": {
            "__id__": 5
          },
          "zoomScale": 0.9,
          "clickEvents": [
            {
              "__type__": "cc.ClickEvent",
              "target": {
                "__id__": 1
              },
              "_componentId": "78bbfflsXZLIoFnlyp0hFG0",
              "handler": "close"
            }
          ],
          "_N$transition": 3,
          "transition": 3,
          "_N$target": {
            "__id__": 5
          }
        }
      ],
      "_prefab": {
        "__type__": "cc.PrefabInfo",
        "root": {
          "__id__": 1
        },
        "asset": {
          "__uuid__": "22i4pdfflN97m3ljPi1f64"
        },
        "fileId": "d4bTnzYWVPE58uGDMgK5QV"
      },
      "_contentSize": {
        "__type__": "cc.Size",
        "width": 91,
        "height": 50
      },
      "_position": {
        "__type__": "cc.Vec3",
        "x": -251.593,
        "y": 637.855
      },
      "_scale": {
        "__type__": "cc.Vec3",
        "x": 1.5,
        "y": 1.5,
        "z": 1
      },
      "groupIndex": 1
    },
    {
      "__type__": "cc.Node",
      "_name": "New Label",
      "_parent": {
        "__id__": 3
      },
      "_level": 3,
      "_components": [
        {
          "__type__": "cc.Label",
          "node": {
            "__id__": 6
          },
          "_materials": [
            {
              "__uuid__": "ecpdLyjvZBwrvm+cedCcQy"
            }
          ],
          "_useOriginalSize": false,
          "_string": "Again",
          "_N$string": "Again",
          "_fontSize": 50,
          "_lineHeight": 50,
          "_N$horizontalAlign": 1,
          "_N$verticalAlign": 1
        },
        {
          "__type__": "cc.LabelOutline",
          "node": {
            "__id__": 6
          },
          "_color": {
            "__type__": "cc.Color"
          },
          "_width": 2
        }
      ],
      "_prefab": {
        "__type__": "cc.PrefabInfo",
        "root": {
          "__id__": 1
        },
        "asset": {
          "__uuid__": "22i4pdfflN97m3ljPi1f64"
        },
        "fileId": "2dvGVXlKVPPKm0/nNRZAkN"
      },
      "_contentSize": {
        "__type__": "cc.Size",
        "width": 131.88,
        "height": 67
      },
      "_position": {
        "__type__": "cc.Vec3",
        "y": 103.986
      }
    },
    {
      "__type__": "cc.Node",
      "_name": "New Label",
      "_parent": {
        "__id__": 1
      },
      "_level": 2,
      "_components": [
        {
          "__type__": "cc.Label",
          "node": {
            "__id__": 7
          },
          "_materials": [
            {
              "__uuid__": "ecpdLyjvZBwrvm+cedCcQy"
            }
          ],
          "_useOriginalSize": false,
          "_string": "Fail",
          "_N$string": "Fail",
          "_fontSize": 80,
          "_lineHeight": 80,
          "_N$horizontalAlign": 1,
          "_N$verticalAlign": 1
        },
        {
          "__type__": "cc.LabelOutline",
          "node": {
            "__id__": 7
          },
          "_color": {
            "__type__": "cc.Color",
            "r": 224,
            "g": 255
          }
        }
      ],
      "_prefab": {
        "__type__": "cc.PrefabInfo",
        "root": {
          "__id__": 1
        },
        "asset": {
          "__uuid__": "22i4pdfflN97m3ljPi1f64"
        },
        "fileId": "222L1hGApBC5Cbhg5GTVDV"
      },
      "_contentSize": {
        "__type__": "cc.Size",
        "width": 130.91,
        "height": 102.8
      },
      "_position": {
        "__type__": "cc.Vec3",
        "x": -7.32
      }
    },
    {
      "__type__": "cc.Node",
      "_name": "Level",
      "_parent": {
        "__id__": 1
      },
      "_level": 2,
      "_components": [
        {
          "__type__": "cc.Label",
          "node": {
            "__id__": 8
          },
          "_materials": [
            {
              "__uuid__": "ecpdLyjvZBwrvm+cedCcQy"
            }
          ]
        }
      ],
      "_prefab": {
        "__type__": "cc.PrefabInfo",
        "root": {
          "__id__": 1
        },
        "asset": {
          "__uuid__": "22i4pdfflN97m3ljPi1f64"
        },
        "fileId": "54VkSP4I1NabvUBw+RkgjI"
      },
      "_contentSize": {
        "__type__": "cc.Size",
        "height": 50.4
      },
      "_position": {
        "__type__": "cc.Vec3",
        "y": 505
      },
      "groupIndex": 1
    }
  ],
  {
    "__type__": "cc.SpriteFrame",
    "content": {
      "name": "back4532",
      "texture": "3b7chbJxBLiIuRiSFasrC+",
      "rect": [
        0,
        0,
        91,
        50
      ],
      "offset": [
        0,
        0
      ],
      "originalSize": [
        91,
        50
      ],
      "capInsets": [
        0,
        0,
        0,
        0
      ]
    }
  },
  {
    "__type__": "cc.SpriteFrame",
    "content": {
      "name": "button11239",
      "texture": "edyC3E/NRNl7ELWBM92Uv2",
      "rect": [
        0,
        0,
        336,
        112
      ],
      "offset": [
        0,
        0
      ],
      "originalSize": [
        336,
        112
      ],
      "capInsets": [
        20,
        20,
        20,
        20
      ]
    }
  }
]