{
  "__type__": "cc.AnimationClip",
  "_name": "walk",
  "_duration": 1,
  "wrapMode": "2",
  "curveData": {
    "paths": {
      "Legs/L": {
        "props": {
          "scale": [
            {
              "frame": 0,
              "value": {
                "__type__": "cc.Vec2",
                "x": 1,
                "y": 1
              }
            },
            {
              "frame": 0.5,
              "value": {
                "__type__": "cc.Vec2",
                "x": -1,
                "y": 1
              }
            },
            {
              "frame": 1,
              "value": {
                "__type__": "cc.Vec2",
                "x": 1,
                "y": 1
              }
            }
          ]
        }
      },
      "Legs/R": {
        "props": {
          "scale": [
            {
              "frame": 0,
              "value": {
                "__type__": "cc.Vec2",
                "x": -1,
                "y": 1
              }
            },
            {
              "frame": 0.5,
              "value": {
                "__type__": "cc.Vec2",
                "x": 1,
                "y": 1
              }
            },
            {
              "frame": 1,
              "value": {
                "__type__": "cc.Vec2",
                "x": -1,
                "y": 1
              }
            }
          ]
        }
      },
      "Body": {
        "props": {
          "angle": [
            {
              "frame": 0,
              "value": 0
            },
            {
              "frame": 0.25,
              "value": 3
            },
            {
              "frame": 0.5,
              "value": 0
            },
            {
              "frame": 0.75,
              "value": -3
            },
            {
              "frame": 1,
              "value": 0
            }
          ]
        }
      },
      "Boom": {
        "props": {
          "opacity": [
            {
              "frame": 0,
              "value": 0
            }
          ]
        }
      }
    }
  }
}