[
  {
    "__type__": "cc.SpriteFrame",
    "content": {
      "name": "shineWhite",
      "texture": "bber9idBlF9Idt0PLrzGlc",
      "rect": [
        269,
        1513,
        128,
        128
      ],
      "offset": [
        0,
        0
      ],
      "originalSize": [
        128,
        128
      ],
      "capInsets": [
        0,
        0,
        0,
        0
      ]
    }
  },
  {
    "__type__": "cc.SpriteFrame",
    "content": {
      "name": "muzzleFlash2_012947",
      "texture": "32tWkk+K5Jubw9qUhvOVez",
      "rect": [
        0,
        3,
        165,
        144
      ],
      "offset": [
        -7.5,
        0
      ],
      "originalSize": [
        180,
        150
      ],
      "capInsets": [
        0,
        0,
        0,
        0
      ]
    }
  },
  {
    "__type__": "cc.SpriteFrame",
    "content": {
      "name": "muzzleFlashRound3478",
      "texture": "840R16aHZMxISkkUqz9UIu",
      "rect": [
        0,
        0,
        128,
        128
      ],
      "offset": [
        0,
        0
      ],
      "originalSize": [
        128,
        128
      ],
      "capInsets": [
        0,
        0,
        0,
        0
      ]
    }
  },
  {
    "__type__": "cc.SpriteFrame",
    "content": {
      "name": "smoke",
      "texture": "bber9idBlF9Idt0PLrzGlc",
      "rect": [
        770,
        847,
        72,
        74
      ],
      "offset": [
        0,
        0
      ],
      "originalSize": [
        74,
        76
      ],
      "rotated": 1,
      "capInsets": [
        0,
        0,
        0,
        0
      ]
    }
  },
  {
    "__type__": "cc.SpriteFrame",
    "content": {
      "name": "guard6416",
      "texture": "530sRcsDVHo5EKB+R4WWxZ",
      "rect": [
        1,
        1,
        259,
        153
      ],
      "offset": [
        0,
        0
      ],
      "originalSize": [
        261,
        155
      ],
      "capInsets": [
        0,
        0,
        0,
        0
      ]
    }
  },
  [
    {
      "__type__": "cc.Prefab",
      "_name": "Monster",
      "data": {
        "__id__": 1
      }
    },
    {
      "__type__": "cc.Node",
      "_name": "Monster",
      "_children": [
        {
          "__id__": 2
        },
        {
          "__id__": 3
        }
      ],
      "_level": 1,
      "_components": [
        {
          "__type__": "2a2efAwCUtOeoYn8oa5OHZw",
          "node": {
            "__id__": 1
          }
        }
      ],
      "_prefab": {
        "__type__": "cc.PrefabInfo",
        "root": {
          "__id__": 1
        },
        "asset": {
          "__uuid__": "a85oeWbcdB2ZL0lWQ0K1Pg"
        },
        "fileId": "5dnx+yCXBIupk7e1RznQDI"
      },
      "_contentSize": {
        "__type__": "cc.Size",
        "width": 72,
        "height": 72
      }
    },
    {
      "__type__": "cc.Node",
      "_name": "Shadow",
      "_parent": {
        "__id__": 1
      },
      "_level": 2,
      "_components": [
        {
          "__type__": "cc.Sprite",
          "node": {
            "__id__": 2
          },
          "_materials": [
            {
              "__uuid__": "ecpdLyjvZBwrvm+cedCcQy"
            }
          ],
          "_spriteFrame": {
            "__uuid__": "04NmHKXx9DEZp0WDzuVqD/"
          },
          "_sizeMode": 2,
          "_isTrimmedMode": false
        }
      ],
      "_prefab": {
        "__type__": "cc.PrefabInfo",
        "root": {
          "__id__": 1
        },
        "asset": {
          "__uuid__": "a85oeWbcdB2ZL0lWQ0K1Pg"
        },
        "fileId": "32Tp1gGAxGMaoBXgyAPOw2"
      },
      "_opacity": 128,
      "_contentSize": {
        "__type__": "cc.Size",
        "width": 128,
        "height": 128
      },
      "_scale": {
        "__type__": "cc.Vec3",
        "x": 0.8,
        "y": 0.8,
        "z": 1
      }
    },
    {
      "__type__": "cc.Node",
      "_name": "Model",
      "_parent": {
        "__id__": 1
      },
      "_children": [
        {
          "__id__": 4
        },
        {
          "__id__": 7
        },
        {
          "__id__": 8
        }
      ],
      "_level": 2,
      "_components": [
        {
          "__type__": "cc.Animation",
          "node": {
            "__id__": 3
          },
          "_defaultClip": {
            "__uuid__": "faJmxWhzxAs5tMp31RQSft"
          },
          "_clips": [
            {
              "__uuid__": "faJmxWhzxAs5tMp31RQSft"
            },
            {
              "__uuid__": "03FQFpLzxNEYnk5ECepZCi"
            },
            {
              "__uuid__": "86JbwVgPlCYLPI0HxsPkDm"
            },
            {
              "__uuid__": "cb148RnKlGhr5JRu28JMHD"
            }
          ],
          "playOnLoad": true
        }
      ],
      "_prefab": {
        "__type__": "cc.PrefabInfo",
        "root": {
          "__id__": 1
        },
        "asset": {
          "__uuid__": "a85oeWbcdB2ZL0lWQ0K1Pg"
        },
        "fileId": "eev4qFG8JONJWP3F4aeogr"
      },
      "_contentSize": {
        "__type__": "cc.Size",
        "width": 289,
        "height": 224
      },
      "_scale": {
        "__type__": "cc.Vec3",
        "x": 0.45,
        "y": 0.45,
        "z": 1
      }
    },
    {
      "__type__": "cc.Node",
      "_name": "Legs",
      "_parent": {
        "__id__": 3
      },
      "_children": [
        {
          "__id__": 5
        },
        {
          "__id__": 6
        }
      ],
      "_level": 3,
      "_prefab": {
        "__type__": "cc.PrefabInfo",
        "root": {
          "__id__": 1
        },
        "asset": {
          "__uuid__": "a85oeWbcdB2ZL0lWQ0K1Pg"
        },
        "fileId": "eby7rOc/5FYqwNtNOdS/DV"
      },
      "_contentSize": {
        "__type__": "cc.Size",
        "width": 120,
        "height": 120
      },
      "_position": {
        "__type__": "cc.Vec3",
        "x": 58,
        "y": 38
      }
    },
    {
      "__type__": "cc.Node",
      "_name": "L",
      "_parent": {
        "__id__": 4
      },
      "_level": 3,
      "_components": [
        {
          "__type__": "cc.Sprite",
          "node": {
            "__id__": 5
          },
          "_materials": [
            {
              "__uuid__": "ecpdLyjvZBwrvm+cedCcQy"
            }
          ],
          "_spriteFrame": {
            "__uuid__": "d88S2e7qVF35BIO+feQ0hT"
          }
        }
      ],
      "_prefab": {
        "__type__": "cc.PrefabInfo",
        "root": {
          "__id__": 1
        },
        "asset": {
          "__uuid__": "a85oeWbcdB2ZL0lWQ0K1Pg"
        },
        "fileId": "1dqcAt3udHQbyK2HuGnbrQ"
      },
      "_contentSize": {
        "__type__": "cc.Size",
        "width": 108,
        "height": 44
      },
      "_anchorPoint": {
        "__type__": "cc.Vec2",
        "y": 0.5
      },
      "_position": {
        "__type__": "cc.Vec3",
        "x": -27,
        "y": -15
      },
      "_scale": {
        "__type__": "cc.Vec3",
        "y": 1,
        "z": 1
      }
    },
    {
      "__type__": "cc.Node",
      "_name": "R",
      "_parent": {
        "__id__": 4
      },
      "_level": 3,
      "_components": [
        {
          "__type__": "cc.Sprite",
          "node": {
            "__id__": 6
          },
          "_materials": [
            {
              "__uuid__": "ecpdLyjvZBwrvm+cedCcQy"
            }
          ],
          "_spriteFrame": {
            "__uuid__": "d88S2e7qVF35BIO+feQ0hT"
          },
          "_sizeMode": 2,
          "_isTrimmedMode": false
        }
      ],
      "_prefab": {
        "__type__": "cc.PrefabInfo",
        "root": {
          "__id__": 1
        },
        "asset": {
          "__uuid__": "a85oeWbcdB2ZL0lWQ0K1Pg"
        },
        "fileId": "60/aoYyYRB8a8cbNdLCc1M"
      },
      "_contentSize": {
        "__type__": "cc.Size",
        "width": 110,
        "height": 46
      },
      "_anchorPoint": {
        "__type__": "cc.Vec2",
        "y": 0.5
      },
      "_position": {
        "__type__": "cc.Vec3",
        "x": -57,
        "y": -55
      },
      "_scale": {
        "__type__": "cc.Vec3",
        "y": 1,
        "z": 1
      }
    },
    {
      "__type__": "cc.Node",
      "_name": "Body",
      "_parent": {
        "__id__": 3
      },
      "_level": 3,
      "_components": [
        {
          "__type__": "cc.Sprite",
          "node": {
            "__id__": 7
          },
          "_materials": [
            {
              "__uuid__": "ecpdLyjvZBwrvm+cedCcQy"
            }
          ],
          "_spriteFrame": {
            "__uuid__": "6eCd0//qBJjJlJz8A8enOq"
          },
          "_sizeMode": 2
        }
      ],
      "_prefab": {
        "__type__": "cc.PrefabInfo",
        "root": {
          "__id__": 1
        },
        "asset": {
          "__uuid__": "a85oeWbcdB2ZL0lWQ0K1Pg"
        },
        "fileId": "a86FICiLZKJqBWgR2j0f6u"
      },
      "_contentSize": {
        "__type__": "cc.Size",
        "width": 261,
        "height": 155
      },
      "_anchorPoint": {
        "__type__": "cc.Vec2",
        "x": 0.3,
        "y": 0.4
      },
      "_position": {
        "__type__": "cc.Vec3",
        "x": -5,
        "y": 11
      }
    },
    {
      "__type__": "cc.Node",
      "_name": "Boom",
      "_parent": {
        "__id__": 3
      },
      "_children": [
        {
          "__id__": 9
        },
        {
          "__id__": 10
        },
        {
          "__id__": 11
        }
      ],
      "_level": 3,
      "_components": [
        {
          "__type__": "cc.Animation",
          "node": {
            "__id__": 8
          },
          "_defaultClip": {
            "__uuid__": "f6BjoMLzlE36iKGoygYaSt"
          },
          "_clips": [
            {
              "__uuid__": "f6BjoMLzlE36iKGoygYaSt"
            }
          ]
        }
      ],
      "_prefab": {
        "__type__": "cc.PrefabInfo",
        "root": {
          "__id__": 1
        },
        "asset": {
          "__uuid__": "a85oeWbcdB2ZL0lWQ0K1Pg"
        },
        "fileId": "c4A0ke4KRGVI+V97ZDEwn5"
      },
      "_opacity": 0,
      "_position": {
        "__type__": "cc.Vec3",
        "x": 55.5555556,
        "y": 35.5555556
      },
      "_scale": {
        "__type__": "cc.Vec3",
        "x": 1.1111111,
        "y": 1.1111111,
        "z": 1
      }
    },
    {
      "__type__": "cc.Node",
      "_name": "muzzleFlashRound",
      "_parent": {
        "__id__": 8
      },
      "_level": 2,
      "_components": [
        {
          "__type__": "cc.Sprite",
          "node": {
            "__id__": 9
          },
          "_materials": [
            {
              "__uuid__": "ecpdLyjvZBwrvm+cedCcQy"
            }
          ],
          "_dstBlendFactor": 1,
          "_spriteFrame": {
            "__uuid__": "38vFRfNptA1pS/hNLktrGI"
          }
        }
      ],
      "_prefab": {
        "__type__": "cc.PrefabInfo",
        "root": {
          "__id__": 1
        },
        "asset": {
          "__uuid__": "a85oeWbcdB2ZL0lWQ0K1Pg"
        },
        "fileId": "8e+5WV5o1O3Y9qKE+zJmb4"
      },
      "_color": {
        "__type__": "cc.Color",
        "r": 128,
        "g": 128,
        "b": 128
      },
      "_contentSize": {
        "__type__": "cc.Size",
        "width": 128,
        "height": 128
      },
      "_position": {
        "__type__": "cc.Vec3",
        "x": 134.2,
        "y": -49.3
      },
      "_scale": {
        "__type__": "cc.Vec3",
        "x": 1.5,
        "y": 1.5,
        "z": 1
      }
    },
    {
      "__type__": "cc.Node",
      "_name": "smoke",
      "_parent": {
        "__id__": 8
      },
      "_level": 2,
      "_components": [
        {
          "__type__": "cc.ParticleSystem",
          "node": {
            "__id__": 10
          },
          "_materials": [
            {
              "__uuid__": "ecpdLyjvZBwrvm+cedCcQy"
            }
          ],
          "_custom": true,
          "_spriteFrame": {
            "__uuid__": "66oNA0eWxOe4zELd/roCRn"
          },
          "totalParticles": 2,
          "duration": 0.1,
          "emissionRate": 100.9,
          "life": 0.35,
          "lifeVar": 0.015,
          "_startColor": {
            "__type__": "cc.Color",
            "r": 255,
            "g": 255,
            "b": 255,
            "a": 128
          },
          "_startColorVar": {
            "__type__": "cc.Color"
          },
          "_endColor": {
            "__type__": "cc.Color",
            "r": 252,
            "g": 252,
            "b": 252,
            "a": 0
          },
          "_endColorVar": {
            "__type__": "cc.Color"
          },
          "angle": 360,
          "angleVar": 360,
          "startSize": 30,
          "startSizeVar": 30,
          "endSize": 100,
          "endSizeVar": 50,
          "posVar": {
            "__type__": "cc.Vec2",
            "x": 20,
            "y": 20
          },
          "_positionType": 2,
          "positionType": 2,
          "speed": 10,
          "speedVar": 15,
          "tangentialAccel": 0
        }
      ],
      "_prefab": {
        "__type__": "cc.PrefabInfo",
        "root": {
          "__id__": 1
        },
        "asset": {
          "__uuid__": "a85oeWbcdB2ZL0lWQ0K1Pg"
        },
        "fileId": "d2QT7GbWJKZaKePlhSXpI5"
      },
      "_position": {
        "__type__": "cc.Vec3",
        "x": 134,
        "y": -50
      }
    },
    {
      "__type__": "cc.Node",
      "_name": "muzzleFlash2_01",
      "_parent": {
        "__id__": 8
      },
      "_level": 2,
      "_components": [
        {
          "__type__": "cc.Sprite",
          "node": {
            "__id__": 11
          },
          "_materials": [
            {
              "__uuid__": "ecpdLyjvZBwrvm+cedCcQy"
            }
          ],
          "_spriteFrame": {
            "__uuid__": "240FLA/ONAipiHOwaeicEn"
          }
        }
      ],
      "_prefab": {
        "__type__": "cc.PrefabInfo",
        "root": {
          "__id__": 1
        },
        "asset": {
          "__uuid__": "a85oeWbcdB2ZL0lWQ0K1Pg"
        },
        "fileId": "f1v2n1SkNE+rHIaiP/ExuT"
      },
      "_contentSize": {
        "__type__": "cc.Size",
        "width": 180,
        "height": 150
      },
      "_anchorPoint": {
        "__type__": "cc.Vec2",
        "y": 0.5
      },
      "_position": {
        "__type__": "cc.Vec3",
        "x": 136.965,
        "y": -49.3
      },
      "_scale": {
        "__type__": "cc.Vec3",
        "x": 0.553,
        "y": 0.553,
        "z": 1
      }
    }
  ],
  {
    "__type__": "cc.SpriteFrame",
    "content": {
      "name": "guardLeg10571",
      "texture": "f6W81fY5ZPloe+9lE8p29q",
      "rect": [
        1,
        1,
        108,
        44
      ],
      "offset": [
        0,
        0
      ],
      "originalSize": [
        110,
        46
      ],
      "capInsets": [
        0,
        0,
        0,
        0
      ]
    }
  }
]