[
  {
    "__type__": "cc.AnimationClip",
    "_name": "guard",
    "_duration": 0.6666666666666666,
    "wrapMode": "2",
    "curveData": {
      "paths": {
        "Body": {
          "props": {
            "scale": [
              {
                "frame": 0,
                "value": {
                  "__type__": "cc.Vec2",
                  "x": 1,
                  "y": 1
                }
              },
              {
                "frame": 0.3333333333333333,
                "value": {
                  "__type__": "cc.Vec2",
                  "x": 1.01,
                  "y": 1.01
                }
              },
              {
                "frame": 0.6666666666666666,
                "value": {
                  "__type__": "cc.Vec2",
                  "x": 1,
                  "y": 1
                }
              }
            ]
          }
        },
        "Boom": {
          "props": {
            "opacity": [
              {
                "frame": 0,
                "value": 0
              }
            ]
          }
        }
      },
      "props": {
        "scale": []
      }
    }
  },
  {
    "__type__": "cc.AnimationClip",
    "_name": "attack",
    "wrapMode": "2",
    "curveData": {
      "props": {
        "scale": []
      },
      "paths": {
        "Boom": {
          "props": {
            "opacity": [
              {
                "frame": 0,
                "value": 255
              }
            ]
          }
        },
        "Legs/L": {
          "props": {
            "scale": [
              {
                "frame": 0,
                "value": {
                  "__type__": "cc.Vec2",
                  "y": 1
                }
              }
            ]
          }
        },
        "Legs/R": {
          "props": {
            "scale": [
              {
                "frame": 0,
                "value": {
                  "__type__": "cc.Vec2",
                  "y": 1
                }
              }
            ]
          }
        }
      }
    }
  },
  {
    "__type__": "cc.AnimationClip",
    "_name": "idle",
    "_duration": 0.6666666666666666,
    "wrapMode": "2",
    "curveData": {
      "paths": {
        "Body": {
          "props": {
            "scale": [
              {
                "frame": 0,
                "value": {
                  "__type__": "cc.Vec2",
                  "x": 1,
                  "y": 1
                }
              },
              {
                "frame": 0.3333333333333333,
                "value": {
                  "__type__": "cc.Vec2",
                  "x": 1.01,
                  "y": 1.01
                }
              },
              {
                "frame": 0.6666666666666666,
                "value": {
                  "__type__": "cc.Vec2",
                  "x": 1,
                  "y": 1
                }
              }
            ]
          }
        },
        "Legs/L": {
          "props": {
            "scaleX": [
              {
                "frame": 0,
                "value": 0
              }
            ]
          }
        },
        "Legs/R": {
          "props": {
            "scaleX": [
              {
                "frame": 0,
                "value": 0
              }
            ]
          }
        },
        "Boom": {
          "props": {
            "opacity": [
              {
                "frame": 0,
                "value": 0
              }
            ]
          }
        }
      },
      "props": {
        "scale": []
      }
    }
  }
]