[
  {
    "__type__": "cc.SpriteFrame",
    "content": {
      "name": "icon",
      "texture": "c7H1La+7hK6ZyCLkpK5Xd2",
      "rect": [
        0,
        0,
        150,
        150
      ],
      "offset": [
        0,
        0
      ],
      "originalSize": [
        150,
        150
      ],
      "capInsets": [
        0,
        0,
        0,
        0
      ]
    }
  },
  {
    "__type__": "cc.SpriteFrame",
    "content": {
      "name": "kuang",
      "texture": "3aeSXBgblOGLmTkCxSHSDD",
      "rect": [
        0,
        0,
        150,
        150
      ],
      "offset": [
        0,
        0
      ],
      "originalSize": [
        150,
        150
      ],
      "capInsets": [
        0,
        0,
        0,
        0
      ]
    }
  },
  [
    {
      "__type__": "cc.Prefab",
      "_name": "centerItem",
      "data": {
        "__id__": 1
      }
    },
    {
      "__type__": "cc.Node",
      "_name": "centerItem",
      "_children": [
        {
          "__id__": 2
        },
        {
          "__id__": 4
        },
        {
          "__id__": 6
        }
      ],
      "_level": 2,
      "_components": [
        {
          "__type__": "cc.Sprite",
          "node": {
            "__id__": 1
          },
          "_enabled": false,
          "_materials": [
            {
              "__uuid__": "ecpdLyjvZBwrvm+cedCcQy"
            }
          ],
          "_spriteFrame": {
            "__uuid__": "be3h0MYIJP6YcykLqP0FJP"
          },
          "_sizeMode": 0
        },
        {
          "__type__": "cc.Button",
          "node": {
            "__id__": 1
          },
          "zoomScale": 1.1,
          "clickEvents": [
            {
              "__type__": "cc.ClickEvent",
              "target": {
                "__id__": 1
              },
              "_componentId": "59b53NAse9OvaxQmY9gcJW6",
              "handler": "switchGame"
            }
          ],
          "_N$normalColor": {
            "__type__": "cc.Color",
            "r": 214,
            "g": 214,
            "b": 214
          },
          "_N$target": {
            "__id__": 1
          }
        },
        {
          "__type__": "59b53NAse9OvaxQmY9gcJW6",
          "node": {
            "__id__": 1
          },
          "nodeSprite": {
            "__id__": 5
          },
          "labName": {
            "__id__": 3
          },
          "_updateDataTime": 6
        }
      ],
      "_prefab": {
        "__type__": "cc.PrefabInfo",
        "root": {
          "__id__": 1
        },
        "asset": {
          "__id__": 0
        },
        "fileId": "8365IMD3lCH77ozxTV7hr5"
      },
      "_contentSize": {
        "__type__": "cc.Size",
        "width": 140,
        "height": 140
      },
      "_position": {
        "__type__": "cc.Vec3",
        "x": 243.03,
        "y": 200.394
      },
      "_scale": {
        "__type__": "cc.Vec3",
        "x": 0.8,
        "y": 0.8,
        "z": 1
      }
    },
    {
      "__type__": "cc.Node",
      "_name": "labName",
      "_parent": {
        "__id__": 1
      },
      "_active": false,
      "_level": 6,
      "_components": [
        {
          "__id__": 3
        }
      ],
      "_prefab": {
        "__type__": "cc.PrefabInfo",
        "root": {
          "__id__": 1
        },
        "asset": {
          "__id__": 0
        },
        "fileId": "7cTCSgWMxANJT3EausbyJM"
      },
      "_color": {
        "__type__": "cc.Color",
        "r": 54,
        "g": 255,
        "b": 249
      },
      "_contentSize": {
        "__type__": "cc.Size",
        "width": 120,
        "height": 40
      },
      "_position": {
        "__type__": "cc.Vec3",
        "y": -110.482
      }
    },
    {
      "__type__": "cc.Label",
      "node": {
        "__id__": 2
      },
      "_materials": [
        {
          "__uuid__": "ecpdLyjvZBwrvm+cedCcQy"
        }
      ],
      "_useOriginalSize": false,
      "_fontSize": 25,
      "_enableWrapText": false,
      "_N$horizontalAlign": 1,
      "_N$verticalAlign": 1,
      "_N$overflow": 2
    },
    {
      "__type__": "cc.Node",
      "_name": "icon",
      "_parent": {
        "__id__": 1
      },
      "_level": 3,
      "_components": [
        {
          "__id__": 5
        }
      ],
      "_prefab": {
        "__type__": "cc.PrefabInfo",
        "root": {
          "__id__": 1
        },
        "asset": {
          "__id__": 0
        },
        "fileId": "516sFO/dhPNav70UfIrDdI"
      },
      "_contentSize": {
        "__type__": "cc.Size",
        "width": 135,
        "height": 135
      },
      "_position": {
        "__type__": "cc.Vec3",
        "x": -3.552713678800501e-14,
        "y": 0.10000000000005116
      }
    },
    {
      "__type__": "cc.Sprite",
      "node": {
        "__id__": 4
      },
      "_materials": [
        {
          "__uuid__": "ecpdLyjvZBwrvm+cedCcQy"
        }
      ],
      "_spriteFrame": {
        "__uuid__": "a92CDf/SxBQam3Dd9tEycr"
      },
      "_sizeMode": 0
    },
    {
      "__type__": "cc.Node",
      "_name": "kuang",
      "_parent": {
        "__id__": 1
      },
      "_level": 3,
      "_components": [
        {
          "__type__": "cc.Sprite",
          "node": {
            "__id__": 6
          },
          "_materials": [
            {
              "__uuid__": "ecpdLyjvZBwrvm+cedCcQy"
            }
          ],
          "_spriteFrame": {
            "__uuid__": "be3h0MYIJP6YcykLqP0FJP"
          },
          "_sizeMode": 0
        }
      ],
      "_prefab": {
        "__type__": "cc.PrefabInfo",
        "root": {
          "__id__": 1
        },
        "asset": {
          "__id__": 0
        },
        "fileId": "14G9afxopPeY9eJHKkSfVR"
      },
      "_contentSize": {
        "__type__": "cc.Size",
        "width": 140,
        "height": 140
      }
    }
  ]
]