[
  {
    "__type__": "cc.SpriteFrame",
    "content": {
      "name": "bannerNativeBg4",
      "texture": "71AHTI5NZA9YHSCfAKaphY",
      "rect": [
        0,
        0,
        720,
        115
      ],
      "offset": [
        0,
        0
      ],
      "originalSize": [
        720,
        115
      ],
      "capInsets": [
        0,
        0,
        0,
        0
      ]
    }
  },
  {
    "__type__": "cc.SpriteFrame",
    "content": {
      "name": "img_click_look",
      "texture": "96TOgI4/5MWaiXHdpEbhJq",
      "rect": [
        0,
        0,
        232,
        92
      ],
      "offset": [
        0,
        0
      ],
      "originalSize": [
        232,
        92
      ],
      "capInsets": [
        0,
        0,
        0,
        0
      ]
    }
  },
  [
    {
      "__type__": "cc.Prefab",
      "_name": "bannerNativeBg",
      "data": {
        "__id__": 1
      }
    },
    {
      "__type__": "cc.Node",
      "_name": "bannerNativeBg",
      "_children": [
        {
          "__id__": 2
        },
        {
          "__id__": 3
        },
        {
          "__id__": 4
        },
        {
          "__id__": 5
        },
        {
          "__id__": 6
        },
        {
          "__id__": 7
        },
        {
          "__id__": 8
        }
      ],
      "_level": 1,
      "_components": [
        {
          "__type__": "cc.Sprite",
          "node": {
            "__id__": 1
          },
          "_materials": [
            {
              "__uuid__": "ecpdLyjvZBwrvm+cedCcQy"
            }
          ],
          "_spriteFrame": {
            "__uuid__": "1171d7DU9MKbASA3fxH6qQ"
          },
          "_sizeMode": 0
        }
      ],
      "_prefab": {
        "__type__": "cc.PrefabInfo",
        "root": {
          "__id__": 1
        },
        "asset": {
          "__uuid__": "83JeQlZHJLk4CQFZKK6BGt"
        }
      },
      "_contentSize": {
        "__type__": "cc.Size",
        "width": 720,
        "height": 140
      },
      "_anchorPoint": {
        "__type__": "cc.Vec2",
        "x": 0.5
      },
      "_position": {
        "__type__": "cc.Vec3",
        "x": 375
      },
      "groupIndex": 1
    },
    {
      "__type__": "cc.Node",
      "_name": "icon",
      "_parent": {
        "__id__": 1
      },
      "_components": [
        {
          "__type__": "cc.Sprite",
          "node": {
            "__id__": 2
          },
          "_materials": [
            {
              "__uuid__": "ecpdLyjvZBwrvm+cedCcQy"
            }
          ],
          "_spriteFrame": {
            "__uuid__": "8c20Sso/ZEn7NUfNSM+EBh"
          },
          "_sizeMode": 0
        },
        {
          "__type__": "cc.Widget",
          "node": {
            "__id__": 2
          },
          "_alignFlags": 9,
          "_left": 282.164,
          "_top": 2.5449999999999875
        }
      ],
      "_prefab": {
        "__type__": "cc.PrefabInfo",
        "root": {
          "__id__": 1
        },
        "asset": {
          "__uuid__": "83JeQlZHJLk4CQFZKK6BGt"
        },
        "fileId": "68Gsv2MhdGB5YBs++vBnYZ"
      },
      "_contentSize": {
        "__type__": "cc.Size",
        "width": 135,
        "height": 135
      },
      "_position": {
        "__type__": "cc.Vec3",
        "x": -10.336000000000013,
        "y": 69.95500000000001
      }
    },
    {
      "__type__": "cc.Node",
      "_name": "desc",
      "_parent": {
        "__id__": 1
      },
      "_components": [
        {
          "__type__": "cc.Label",
          "node": {
            "__id__": 3
          },
          "_materials": [
            {
              "__uuid__": "ecpdLyjvZBwrvm+cedCcQy"
            }
          ],
          "_string": "广告名称",
          "_N$string": "广告名称",
          "_fontSize": 30,
          "_lineHeight": 30,
          "_N$horizontalAlign": 1,
          "_N$verticalAlign": 1,
          "_N$overflow": 3
        },
        {
          "__type__": "cc.Widget",
          "node": {
            "__id__": 3
          },
          "_alignFlags": 9,
          "_left": 46.28200000000001,
          "_top": 42.02000000000001
        }
      ],
      "_prefab": {
        "__type__": "cc.PrefabInfo",
        "root": {
          "__id__": 1
        },
        "asset": {
          "__uuid__": "83JeQlZHJLk4CQFZKK6BGt"
        },
        "fileId": "d5ZknvG3VOUbbSN6AAb8rz"
      },
      "_color": {
        "__type__": "cc.Color",
        "r": 5,
        "g": 5,
        "b": 5
      },
      "_contentSize": {
        "__type__": "cc.Size",
        "width": 230,
        "height": 37.8
      },
      "_position": {
        "__type__": "cc.Vec3",
        "x": -198.71799999999996,
        "y": 79.07999999999998
      }
    },
    {
      "__type__": "cc.Node",
      "_name": "bannerNativeBtn",
      "_parent": {
        "__id__": 1
      },
      "_components": [
        {
          "__type__": "cc.Sprite",
          "node": {
            "__id__": 4
          },
          "_materials": [
            {
              "__uuid__": "ecpdLyjvZBwrvm+cedCcQy"
            }
          ],
          "_spriteFrame": {
            "__uuid__": "3dTuhsZINE3LgM1+Rcx0zq"
          },
          "_sizeMode": 0
        },
        {
          "__type__": "cc.Widget",
          "node": {
            "__id__": 4
          },
          "_alignFlags": 33,
          "_right": 56.947,
          "_top": 35.678
        }
      ],
      "_prefab": {
        "__type__": "cc.PrefabInfo",
        "root": {
          "__id__": 1
        },
        "asset": {
          "__uuid__": "83JeQlZHJLk4CQFZKK6BGt"
        },
        "fileId": "21+h73dJxIAYLnwb78/Ncx"
      },
      "_contentSize": {
        "__type__": "cc.Size",
        "width": 180,
        "height": 80
      },
      "_position": {
        "__type__": "cc.Vec3",
        "x": 213.053,
        "y": 64.322
      }
    },
    {
      "__type__": "cc.Node",
      "_name": "btnlabel",
      "_parent": {
        "__id__": 1
      },
      "_components": [
        {
          "__type__": "cc.Label",
          "node": {
            "__id__": 5
          },
          "_materials": [
            {
              "__uuid__": "ecpdLyjvZBwrvm+cedCcQy"
            }
          ],
          "_string": "点击安装",
          "_N$string": "点击安装",
          "_fontSize": 35,
          "_lineHeight": 35,
          "_N$horizontalAlign": 1,
          "_N$verticalAlign": 1
        },
        {
          "__type__": "cc.LabelOutline",
          "node": {
            "__id__": 5
          },
          "_width": 1.5
        }
      ],
      "_prefab": {
        "__type__": "cc.PrefabInfo",
        "root": {
          "__id__": 1
        },
        "asset": {
          "__uuid__": "83JeQlZHJLk4CQFZKK6BGt"
        },
        "fileId": "44bDUBWsNMMaJoFxPg07ql"
      },
      "_color": {
        "__type__": "cc.Color",
        "r": 82,
        "g": 2,
        "b": 2
      },
      "_contentSize": {
        "__type__": "cc.Size",
        "width": 143,
        "height": 47.1
      },
      "_position": {
        "__type__": "cc.Vec3",
        "x": 214.539,
        "y": 62.391
      }
    },
    {
      "__type__": "cc.Node",
      "_name": "bannerNativeAD",
      "_parent": {
        "__id__": 1
      },
      "_components": [
        {
          "__type__": "cc.Sprite",
          "node": {
            "__id__": 6
          },
          "_materials": [
            {
              "__uuid__": "ecpdLyjvZBwrvm+cedCcQy"
            }
          ],
          "_spriteFrame": {
            "__uuid__": "f8O/VuoGhEUpBFr9mlBcqm"
          }
        },
        {
          "__type__": "cc.Widget",
          "node": {
            "__id__": 6
          },
          "_alignFlags": 33
        }
      ],
      "_prefab": {
        "__type__": "cc.PrefabInfo",
        "root": {
          "__id__": 1
        },
        "asset": {
          "__uuid__": "83JeQlZHJLk4CQFZKK6BGt"
        },
        "fileId": "14i7uClntLBYKY/vMIRd+m"
      },
      "_contentSize": {
        "__type__": "cc.Size",
        "width": 51,
        "height": 26
      },
      "_position": {
        "__type__": "cc.Vec3",
        "x": 334.5,
        "y": 127
      }
    },
    {
      "__type__": "cc.Node",
      "_name": "close",
      "_parent": {
        "__id__": 1
      },
      "_components": [
        {
          "__type__": "cc.Sprite",
          "node": {
            "__id__": 7
          },
          "_materials": [
            {
              "__uuid__": "ecpdLyjvZBwrvm+cedCcQy"
            }
          ],
          "_spriteFrame": {
            "__uuid__": "f7iBCccEJJsKk1/CuOBAbv"
          },
          "_sizeMode": 0
        }
      ],
      "_prefab": {
        "__type__": "cc.PrefabInfo",
        "root": {
          "__id__": 1
        },
        "asset": {
          "__uuid__": "83JeQlZHJLk4CQFZKK6BGt"
        },
        "fileId": "b9AsCw6O5ORYcZl+Fbk2TR"
      },
      "_opacity": 155,
      "_color": {
        "__type__": "cc.Color"
      },
      "_contentSize": {
        "__type__": "cc.Size",
        "width": 30,
        "height": 30
      },
      "_position": {
        "__type__": "cc.Vec3",
        "x": -341.362,
        "y": 119.423
      }
    },
    {
      "__type__": "cc.Node",
      "_name": "closeimg",
      "_parent": {
        "__id__": 1
      },
      "_level": 2,
      "_components": [
        {
          "__type__": "cc.Sprite",
          "node": {
            "__id__": 8
          },
          "_materials": [
            {
              "__uuid__": "ecpdLyjvZBwrvm+cedCcQy"
            }
          ],
          "_spriteFrame": {
            "__uuid__": "bfUK3sXX1IkIbWYO056bf+"
          },
          "_sizeMode": 0
        }
      ],
      "_prefab": {
        "__type__": "cc.PrefabInfo",
        "root": {
          "__id__": 1
        },
        "asset": {
          "__uuid__": "83JeQlZHJLk4CQFZKK6BGt"
        },
        "fileId": "9fOev9FoVGE77t36m2T98W"
      },
      "_opacity": 200,
      "_contentSize": {
        "__type__": "cc.Size",
        "width": 40,
        "height": 40
      },
      "_position": {
        "__type__": "cc.Vec3",
        "x": -336.631,
        "y": 119.52599999999998
      }
    }
  ],
  {
    "__type__": "cc.SpriteFrame",
    "content": {
      "name": "default_sprite",
      "texture": "6eBWFz0oVHPLIGQKf/9Thu",
      "rect": [
        0,
        2,
        40,
        36
      ],
      "offset": [
        0,
        0
      ],
      "originalSize": [
        40,
        40
      ],
      "capInsets": [
        0,
        0,
        0,
        0
      ]
    }
  },
  {
    "__type__": "cc.SpriteFrame",
    "content": {
      "name": "img_close2",
      "texture": "757IMoHdVAQ43aAte2WXlE",
      "rect": [
        0,
        0,
        78,
        78
      ],
      "offset": [
        0,
        0
      ],
      "originalSize": [
        78,
        78
      ],
      "capInsets": [
        0,
        0,
        0,
        0
      ]
    }
  },
  {
    "__type__": "cc.SpriteFrame",
    "content": {
      "name": "zz_black",
      "texture": "0eXPDZ7cFJs4d4I6ngXl8p",
      "rect": [
        49,
        49,
        1,
        1
      ],
      "offset": [
        24.5,
        -24.5
      ],
      "originalSize": [
        50,
        50
      ],
      "capInsets": [
        0,
        0,
        0,
        0
      ]
    }
  },
  {
    "__type__": "cc.SpriteFrame",
    "content": {
      "name": "bannerNativeAD",
      "texture": "51pV8xrghC3ZWcfXxiLz/Y",
      "rect": [
        0,
        0,
        51,
        26
      ],
      "offset": [
        0,
        0
      ],
      "originalSize": [
        51,
        26
      ],
      "capInsets": [
        0,
        0,
        0,
        0
      ]
    }
  }
]