[
  {
    "__type__": "cc.SpriteFrame",
    "content": {
      "name": "revive_circle",
      "texture": "bber9idBlF9Idt0PLrzGlc",
      "rect": [
        2,
        939,
        265,
        265
      ],
      "offset": [
        0,
        0
      ],
      "originalSize": [
        265,
        265
      ],
      "capInsets": [
        0,
        0,
        0,
        0
      ]
    }
  },
  {
    "__type__": "cc.SpriteFrame",
    "content": {
      "name": "empty1356",
      "texture": "88tn/jEb1IUJjk+yo6qwK0",
      "rect": [
        0,
        0,
        2,
        2
      ],
      "offset": [
        0,
        0
      ],
      "originalSize": [
        2,
        2
      ],
      "capInsets": [
        0,
        0,
        0,
        0
      ]
    }
  },
  {
    "__type__": "cc.SpriteFrame",
    "content": {
      "name": "video",
      "texture": "bber9idBlF9Idt0PLrzGlc",
      "rect": [
        967,
        58,
        55,
        42
      ],
      "offset": [
        0,
        0
      ],
      "originalSize": [
        55,
        42
      ],
      "capInsets": [
        0,
        0,
        0,
        0
      ]
    }
  },
  [
    {
      "__type__": "cc.Prefab",
      "_name": "ReviveUI",
      "data": {
        "__id__": 1
      }
    },
    {
      "__type__": "cc.Node",
      "_name": "ReviveUI",
      "_children": [
        {
          "__id__": 2
        },
        {
          "__id__": 3
        },
        {
          "__id__": 4
        },
        {
          "__id__": 7
        },
        {
          "__id__": 8
        },
        {
          "__id__": 11
        },
        {
          "__id__": 12
        }
      ],
      "_level": 1,
      "_components": [
        {
          "__type__": "cc.BlockInputEvents",
          "node": {
            "__id__": 1
          }
        },
        {
          "__type__": "4e38fmpr59BF5xPnCQpVuAT",
          "node": {
            "__id__": 1
          },
          "sortOrder": 2
        }
      ],
      "_prefab": {
        "__type__": "cc.PrefabInfo",
        "root": {
          "__id__": 1
        },
        "asset": {
          "__uuid__": "a2oiWwVZZL3aC1S84uKdw9"
        },
        "fileId": "f3VlqkN3RB2bTH8pWgqx44"
      },
      "_contentSize": {
        "__type__": "cc.Size",
        "width": 750,
        "height": 1334
      },
      "groupIndex": 1
    },
    {
      "__type__": "cc.Node",
      "_name": "Back",
      "_parent": {
        "__id__": 1
      },
      "_level": 2,
      "_components": [
        {
          "__type__": "cc.Sprite",
          "node": {
            "__id__": 2
          },
          "_materials": [
            {
              "__uuid__": "ecpdLyjvZBwrvm+cedCcQy"
            }
          ],
          "_spriteFrame": {
            "__uuid__": "20MsNZ+lVL5IUu6DD9FWlF"
          },
          "_sizeMode": 0,
          "_isTrimmedMode": false
        },
        {
          "__type__": "cc.Widget",
          "node": {
            "__id__": 2
          },
          "alignMode": 0,
          "_alignFlags": 45,
          "_top": -173,
          "_bottom": -173,
          "_originalWidth": 720,
          "_originalHeight": 1280
        }
      ],
      "_prefab": {
        "__type__": "cc.PrefabInfo",
        "root": {
          "__id__": 1
        },
        "asset": {
          "__uuid__": "a2oiWwVZZL3aC1S84uKdw9"
        },
        "fileId": "cdByAwoZdCpb7UDQLuJ3lK"
      },
      "_opacity": 128,
      "_color": {
        "__type__": "cc.Color"
      },
      "_contentSize": {
        "__type__": "cc.Size",
        "width": 750,
        "height": 1680
      },
      "groupIndex": 1
    },
    {
      "__type__": "cc.Node",
      "_name": "Share",
      "_parent": {
        "__id__": 1
      },
      "_active": false,
      "_level": 2,
      "_components": [
        {
          "__type__": "cc.Button",
          "node": {
            "__id__": 3
          },
          "zoomScale": 0.9,
          "clickEvents": [
            {
              "__type__": "cc.ClickEvent",
              "target": {
                "__id__": 1
              },
              "_componentId": "4e38fmpr59BF5xPnCQpVuAT",
              "handler": "share"
            }
          ],
          "_N$transition": 3,
          "transition": 3,
          "_N$target": {
            "__id__": 3
          }
        }
      ],
      "_prefab": {
        "__type__": "cc.PrefabInfo",
        "root": {
          "__id__": 1
        },
        "asset": {
          "__uuid__": "a2oiWwVZZL3aC1S84uKdw9"
        },
        "fileId": "66n2ae/+VIIICZmVwoLkiO"
      },
      "_contentSize": {
        "__type__": "cc.Size",
        "width": 480,
        "height": 120
      },
      "_position": {
        "__type__": "cc.Vec3",
        "y": -40.437
      },
      "_scale": {
        "__type__": "cc.Vec3",
        "x": 0.7,
        "y": 0.7,
        "z": 1
      },
      "groupIndex": 1
    },
    {
      "__type__": "cc.Node",
      "_name": "Video",
      "_parent": {
        "__id__": 1
      },
      "_children": [
        {
          "__id__": 5
        },
        {
          "__id__": 6
        }
      ],
      "_level": 2,
      "_components": [
        {
          "__type__": "cc.Sprite",
          "node": {
            "__id__": 4
          },
          "_materials": [
            {
              "__uuid__": "ecpdLyjvZBwrvm+cedCcQy"
            }
          ],
          "_spriteFrame": {
            "__uuid__": "c5TYm+URZFK6rkqxOEv+NG"
          },
          "_sizeMode": 0,
          "_isTrimmedMode": false
        },
        {
          "__type__": "cc.Button",
          "node": {
            "__id__": 4
          },
          "zoomScale": 0.9,
          "clickEvents": [
            {
              "__type__": "cc.ClickEvent",
              "target": {
                "__id__": 1
              },
              "_componentId": "4e38fmpr59BF5xPnCQpVuAT",
              "handler": "watchVideo"
            }
          ],
          "_N$transition": 3,
          "transition": 3,
          "_N$target": {
            "__id__": 4
          }
        }
      ],
      "_prefab": {
        "__type__": "cc.PrefabInfo",
        "root": {
          "__id__": 1
        },
        "asset": {
          "__uuid__": "a2oiWwVZZL3aC1S84uKdw9"
        },
        "fileId": "61xBp/GYRHdL76wtpu6x56"
      },
      "_contentSize": {
        "__type__": "cc.Size",
        "width": 480,
        "height": 120
      },
      "_position": {
        "__type__": "cc.Vec3",
        "y": -66.21
      },
      "_scale": {
        "__type__": "cc.Vec3",
        "x": 0.7,
        "y": 0.7,
        "z": 1
      },
      "groupIndex": 1
    },
    {
      "__type__": "cc.Node",
      "_name": "ReviveIcon",
      "_parent": {
        "__id__": 4
      },
      "_level": 3,
      "_components": [
        {
          "__type__": "cc.Sprite",
          "node": {
            "__id__": 5
          },
          "_materials": [
            {
              "__uuid__": "ecpdLyjvZBwrvm+cedCcQy"
            }
          ],
          "_spriteFrame": {
            "__uuid__": "2chAoT/npGG5tcauaTPNEV"
          },
          "_sizeMode": 2,
          "_isTrimmedMode": false
        }
      ],
      "_prefab": {
        "__type__": "cc.PrefabInfo",
        "root": {
          "__id__": 1
        },
        "asset": {
          "__uuid__": "a2oiWwVZZL3aC1S84uKdw9"
        },
        "fileId": "c70ebo5sVMx5aWsjImYlV7"
      },
      "_contentSize": {
        "__type__": "cc.Size",
        "width": 55,
        "height": 42
      },
      "_position": {
        "__type__": "cc.Vec3",
        "x": -114.837
      },
      "_scale": {
        "__type__": "cc.Vec3",
        "x": 1.4285714,
        "y": 1.4285714,
        "z": 1
      },
      "groupIndex": 1
    },
    {
      "__type__": "cc.Node",
      "_name": "New Label",
      "_parent": {
        "__id__": 4
      },
      "_level": 3,
      "_components": [
        {
          "__type__": "cc.Label",
          "node": {
            "__id__": 6
          },
          "_materials": [
            {
              "__uuid__": "ecpdLyjvZBwrvm+cedCcQy"
            }
          ],
          "_useOriginalSize": false,
          "_string": "revive",
          "_N$string": "revive",
          "_N$horizontalAlign": 1,
          "_N$verticalAlign": 1
        },
        {
          "__type__": "cc.LabelOutline",
          "node": {
            "__id__": 6
          },
          "_color": {
            "__type__": "cc.Color"
          },
          "_width": 2
        }
      ],
      "_prefab": {
        "__type__": "cc.PrefabInfo",
        "root": {
          "__id__": 1
        },
        "asset": {
          "__uuid__": "a2oiWwVZZL3aC1S84uKdw9"
        },
        "fileId": "20Ah2UcKVE54oJyeOmCN7d"
      },
      "_contentSize": {
        "__type__": "cc.Size",
        "width": 110.7,
        "height": 54.4
      },
      "_position": {
        "__type__": "cc.Vec3",
        "x": 54.723
      }
    },
    {
      "__type__": "cc.Node",
      "_name": "Skip",
      "_parent": {
        "__id__": 1
      },
      "_level": 2,
      "_components": [
        {
          "__type__": "cc.Button",
          "node": {
            "__id__": 7
          },
          "zoomScale": 0.9,
          "clickEvents": [
            {
              "__type__": "cc.ClickEvent",
              "target": {
                "__id__": 1
              },
              "_componentId": "4e38fmpr59BF5xPnCQpVuAT",
              "handler": "closeWithDefeat"
            }
          ],
          "_N$transition": 3,
          "transition": 3,
          "_N$target": {
            "__id__": 7
          }
        },
        {
          "__type__": "6cad48Uy8dPKICa0K2XihYY",
          "node": {
            "__id__": 7
          },
          "bannerType": 1,
          "obstructOffset": 0,
          "_delayTime": 0.9
        },
        {
          "__type__": "cc.Label",
          "node": {
            "__id__": 7
          },
          "_materials": [
            {
              "__uuid__": "ecpdLyjvZBwrvm+cedCcQy"
            }
          ],
          "_string": "skip",
          "_N$string": "skip"
        },
        {
          "__type__": "cc.LabelOutline",
          "node": {
            "__id__": 7
          },
          "_color": {
            "__type__": "cc.Color"
          },
          "_width": 2
        }
      ],
      "_prefab": {
        "__type__": "cc.PrefabInfo",
        "root": {
          "__id__": 1
        },
        "asset": {
          "__uuid__": "a2oiWwVZZL3aC1S84uKdw9"
        },
        "fileId": "6aWgI2SRhNg4STrlT0UwGK"
      },
      "_contentSize": {
        "__type__": "cc.Size",
        "width": 75.13,
        "height": 54.4
      },
      "_position": {
        "__type__": "cc.Vec3",
        "y": -160.502
      },
      "groupIndex": 1
    },
    {
      "__type__": "cc.Node",
      "_name": "ProgressBar",
      "_parent": {
        "__id__": 1
      },
      "_children": [
        {
          "__id__": 9
        }
      ],
      "_level": 2,
      "_components": [
        {
          "__type__": "cc.Sprite",
          "node": {
            "__id__": 8
          },
          "_materials": [
            {
              "__uuid__": "ecpdLyjvZBwrvm+cedCcQy"
            }
          ],
          "_spriteFrame": {
            "__uuid__": "03mwcX+35OX4E7a7sG9iyo"
          },
          "_sizeMode": 2,
          "_isTrimmedMode": false
        },
        {
          "__type__": "cc.ProgressBar",
          "node": {
            "__id__": 8
          },
          "_N$barSprite": {
            "__id__": 10
          },
          "_N$mode": 2
        }
      ],
      "_prefab": {
        "__type__": "cc.PrefabInfo",
        "root": {
          "__id__": 1
        },
        "asset": {
          "__uuid__": "a2oiWwVZZL3aC1S84uKdw9"
        },
        "fileId": "d6xiVfPNRBu6GnbSmBWaIJ"
      },
      "_color": {
        "__type__": "cc.Color",
        "r": 146,
        "g": 146,
        "b": 145
      },
      "_contentSize": {
        "__type__": "cc.Size",
        "width": 265,
        "height": 265
      },
      "_position": {
        "__type__": "cc.Vec3",
        "y": 220
      },
      "groupIndex": 1
    },
    {
      "__type__": "cc.Node",
      "_name": "bar",
      "_parent": {
        "__id__": 8
      },
      "_level": 3,
      "_components": [
        {
          "__id__": 10
        }
      ],
      "_prefab": {
        "__type__": "cc.PrefabInfo",
        "root": {
          "__id__": 1
        },
        "asset": {
          "__uuid__": "a2oiWwVZZL3aC1S84uKdw9"
        },
        "fileId": "12+CVijkRIPp/lIVlSt0vo"
      },
      "_contentSize": {
        "__type__": "cc.Size",
        "width": 265,
        "height": 265
      },
      "groupIndex": 1
    },
    {
      "__type__": "cc.Sprite",
      "node": {
        "__id__": 9
      },
      "_materials": [
        {
          "__uuid__": "ecpdLyjvZBwrvm+cedCcQy"
        }
      ],
      "_spriteFrame": {
        "__uuid__": "03mwcX+35OX4E7a7sG9iyo"
      },
      "_type": 3,
      "_sizeMode": 2,
      "_fillType": 2,
      "_fillCenter": {
        "__type__": "cc.Vec2",
        "x": 0.5,
        "y": 0.5
      },
      "_fillStart": 0.25,
      "_fillRange": 1,
      "_isTrimmedMode": false
    },
    {
      "__type__": "cc.Node",
      "_name": "TimerLabel",
      "_parent": {
        "__id__": 1
      },
      "_level": 2,
      "_components": [
        {
          "__type__": "cc.Label",
          "node": {
            "__id__": 11
          },
          "_materials": [
            {
              "__uuid__": "ecpdLyjvZBwrvm+cedCcQy"
            }
          ],
          "_string": "10",
          "_N$string": "10",
          "_fontSize": 80,
          "_lineHeight": 60,
          "_N$horizontalAlign": 1,
          "_N$verticalAlign": 1
        }
      ],
      "_prefab": {
        "__type__": "cc.PrefabInfo",
        "root": {
          "__id__": 1
        },
        "asset": {
          "__uuid__": "a2oiWwVZZL3aC1S84uKdw9"
        },
        "fileId": "2cyplYAtdPlpFTawHT3zL2"
      },
      "_contentSize": {
        "__type__": "cc.Size",
        "width": 88.98,
        "height": 75.6
      },
      "_position": {
        "__type__": "cc.Vec3",
        "y": 220
      },
      "groupIndex": 1
    },
    {
      "__type__": "cc.Node",
      "_name": "Detail",
      "_parent": {
        "__id__": 1
      },
      "_level": 2,
      "_components": [
        {
          "__type__": "cc.Label",
          "node": {
            "__id__": 12
          },
          "_materials": [
            {
              "__uuid__": "ecpdLyjvZBwrvm+cedCcQy"
            }
          ],
          "_string": "Will Win",
          "_N$string": "Will Win",
          "_fontSize": 60,
          "_lineHeight": 60,
          "_N$horizontalAlign": 1,
          "_N$verticalAlign": 1,
          "_N$overflow": 3
        }
      ],
      "_prefab": {
        "__type__": "cc.PrefabInfo",
        "root": {
          "__id__": 1
        },
        "asset": {
          "__uuid__": "a2oiWwVZZL3aC1S84uKdw9"
        },
        "fileId": "95DO/0jJhHeLOcsrvJ9nEg"
      },
      "_contentSize": {
        "__type__": "cc.Size",
        "width": 600,
        "height": 75.6
      },
      "_position": {
        "__type__": "cc.Vec3",
        "y": 450
      },
      "groupIndex": 1
    }
  ],
  {
    "__type__": "cc.SpriteFrame",
    "content": {
      "name": "button11239",
      "texture": "edyC3E/NRNl7ELWBM92Uv2",
      "rect": [
        0,
        0,
        336,
        112
      ],
      "offset": [
        0,
        0
      ],
      "originalSize": [
        336,
        112
      ],
      "capInsets": [
        20,
        20,
        20,
        20
      ]
    }
  }
]