[{"__type__":"cc.Prefab","_name":"fk1","data":{"__id__":1}},{"__type__":"cc.Node","_name":"fk1","_children":[{"__id__":2}],"_prefab":{"__type__":"cc.PrefabInfo","root":{"__id__":1},"fileId":"fcRG6ua5NE/pyW7Fko6ybX"},"_trs":{"__type__":"TypedArray","ctor":"Float64Array","array":[-480,-320,0,0,0,0,1,1,1,1]}},{"__type__":"cc.Node","_name":"fk1","_parent":{"__id__":1},"_components":[{"__type__":"e97baXNkTtEN5txJxjMsMQL","node":{"__id__":2},"_materials":[{"__uuid__":"ecpdLyjvZBwrvm+cedCcQy"}],"_spriteFrame":{"__uuid__":"b6kF15+HtOrobF4iWAeuhF"}}],"_prefab":{"__type__":"cc.PrefabInfo","root":{"__id__":1},"fileId":"a4v4w+yHpAlaS19PDUa375"},"_contentSize":{"__type__":"cc.Size","width":50,"height":50},"_trs":{"__type__":"TypedArray","ctor":"Float64Array","array":[0,0,0,0,0,0,1,1,1,1]}}]