[1,["ecpdLyjvZBwrvm+cedCcQy","3bhmEBTIBIO7sFSv9am1Qy","63bkNZWC9EDK9OzHIeTf0C","d6VroUxnVBE7yrYFGGVDQU","1a6ce1326","91gxtI7xpBLJnKae0MXqJN","9dcPVSpTtH3pUDXEKGfrzZ","b0LSpyBn9P3aBMpUSssiS4","f21SUmfalNDrPxx+oW2/++","ceyZZZ4rpCDY1EzYwQSgjO","a2MjXRFdtLlYQ5ouAFv/+R","57W6bi7FtP8KAYdMgCsmCK","ad6xNGn6xE3rOzz/g+BuMM","8479HwhhRAdIK5UJQkHIvB","b21eYgTiFG/7t0wzvPDm5J","b3gmvsvphHVYrkx7E5mSji"],["node","_spriteFrame","root","_file","_textureSetter","connectedBody","data","_N$dragonAsset","_N$dragonAtlasAsset"],[["cc.Node",["_name","_groupIndex","_active","_prefab","_parent","_components","_contentSize","_children","_trs","_color"],0,4,1,9,5,2,7,5],["cc.PhysicsBoxCollider",["_friction","_density","tag","_sensor","node","_size","_offset"],-1,1,5,5],"cc.SpriteFrame",["cc.PrefabInfo",["fileId","root"],2,1],["cc.RigidBody",["_gravityScale","enabledContactListener","_allowSleep","_fixedRotation","node"],-1,1],["cc.Sprite",["_sizeMode","node","_materials","_spriteFrame"],2,1,3,6],["cc.ParticleSystem",["_custom","_stopped","totalParticles","emissionRate","life","angleVar","startSize","speed","speedVar","tangentialAccel","_dstBlendFactor","angle","startSizeVar","endSizeVar","radialAccel","radialAccelVar","endSize","node","_materials","_startColor","_startColorVar","_endColor","_endColorVar","gravity","_file","_spriteFrame","posVar"],-14,1,3,8,8,8,8,5,6,6,5],["cc.Prefab",["_name"],2],["cc.Node",["_name","_parent","_components","_prefab","_contentSize","_trs"],2,1,12,4,5,7],["cc.WheelJoint",["_frequency","_dampingRatio","node","anchor","connectedBody","localAxisA"],1,1,5,1,5],["cc.PhysicsCircleCollider",["_density","_friction","_radius","node"],0,1],["62d03jEWnFPv5s2B1sy9h9d",["node"],3,1],["f84d2ibpapGiIHrqpc2XdlQ",["node"],3,1],["cc.Mask",["_type","_N$alphaThreshold","node","_materials"],1,1,3],["dragonBones.ArmatureDisplay",["_armatureName","_preCacheMode","_armatureKey","node","_materials","_N$dragonAsset","_N$dragonAtlasAsset"],0,1,3,6,6],["cc.Label",["_string","_fontSize","_lineHeight","_styleFlags","_N$horizontalAlign","_N$verticalAlign","node","_materials"],-3,1,3]],[[3,0,1,2],[5,1,2,3,1],[0,0,2,1,4,5,3,6,8,4],[0,0,4,5,3,6,8,2],[0,0,4,5,3,8,2],[4,0,1,4,3],[11,0,1],[5,0,1,2,3,2],[12,0,1],[0,0,4,5,3,6,2],[8,0,1,2,3,4,5,2],[9,0,1,2,3,4,5,3],[10,0,1,2,3,4],[6,10,0,1,2,3,4,11,5,6,12,13,7,8,9,14,15,17,18,19,20,21,22,26,23,24,25,17],[7,0,2],[0,0,7,3,2],[0,0,1,4,7,5,3,6,3],[0,0,4,7,3,2],[0,0,4,7,5,3,2],[0,0,2,4,7,5,3,6,8,3],[0,0,4,5,3,9,6,8,2],[3,1,1],[4,2,0,3,1,4,5],[1,1,0,4,5,3],[1,2,1,0,4,6,5,4],[1,3,0,4,5,3],[13,0,1,2,3,3],[6,0,1,2,3,4,5,6,16,7,8,9,17,18,19,20,21,22,23,24,25,12],[14,0,1,2,3,4,5,6,4],[15,0,1,2,3,4,5,6,7,7]],[[[{"name":"hero2","rect":[1450,2,300,230],"offset":[0,0],"originalSize":[300,230],"capInsets":[0,0,0,0]}],[2],0,[0],[4],[4]],[[{"name":"rolewheel2","rect":[1764,1336,84,84],"offset":[0,0],"originalSize":[100,100],"capInsets":[0,0,0,0]}],[2],0,[0],[4],[4]],[[[14,"role2"],[15,"role2",[-2,-3,-4,-5,-6],[21,-1]],[16,"node_body",11,1,[-14,-15,-16,-17,-18,-19,-20,-21,-22,-23],[[5,2,true,-7],[23,1.75,1,-8,[5,40,40]],[24,1,1.75,1,-9,[0,0,50],[5,40,40]],[11,12,0.5,-11,[0,-45,-26],-10,[0,0,1]],[11,12,0.5,-13,[0,45,-26],-12,[0,0,1]]],[0,"116Q58lzlBO5su1W3M/Mec",1],[5,131,128]],[17,"node_particle",1,[-24,-25,-26,-27,-28],[0,"6eOq1lzV1FhYDjJi+YVkph",1]],[10,"node_after",1,[[-29,[12,4,1,42,-30],[6,-31],[1,-32,[23],24],[8,-33]],1,4,4,4,4],[0,"9cApvVv1ZCsJYAHhmQizMB",1],[5,84,84],[-45,-26,0,0,0,0,1,0.5,0.5,1]],[10,"node_front",1,[[-34,[12,4,1,42,-35],[6,-36],[1,-37,[25],26],[8,-38]],1,4,4,4,4],[0,"1aUzqjx0tDj6AbVSCMS402",1],[5,84,84],[45,-26,0,0,0,0,1,0.5,0.5,1]],[18,"node_box",1,[-40,-41,-42],[[7,0,-39,[8],9]],[0,"7adKMQLghJXYzXvqqxvQv+",1]],[19,"flag",false,6,[-44,-45],[[26,1,0,-43,[7]]],[0,"0fZzjL9dRJ577UPAz5ng5o",1],[5,40,40],[10,135,0,0,0,0,1,1,1,1]],[20,"test",2,[[22,false,0,true,true,-46],[25,true,1,-47,[5,50,50]],[6,-48]],[0,"5djuaBK+BEdKWcKIcu0guY",1],[4,4278190335],[5,40,40],[10,60,0,0,0,0,1,1,1,1]],[4,"Ffloor",3,[[13,1,true,false,20,100,0.2,180,0,8,2,6,10,0,-171.0500030517578,200,-660.3953857421875,-50,[15],[4,3857118463],[4,2483027968],[4,2147477174],[4,2952790016],[0,20,0],[0,0,400],16,17]],[0,"32uR2p1T9CqYgW1pQtiCoY",-49],[44.965,-44,0,0,0,0,1,1,1,1]],[4,"Afloor",3,[[13,1,true,false,20,100,0.2,180,0,8,2,6,10,0,-171.0500030517578,200,-660.3953857421875,-52,[18],[4,3857118463],[4,2483027968],[4,2147477174],[4,2952790016],[0,20,0],[0,0,400],19,20]],[0,"c8VQFwBmdEq4oe29ASr4sD",-51],[-48.651,-44,0,0,0,0,1,1,1,1]],[3,"hero",2,[[28,"Armature",0,"b2d5e620-4e21-46ff-bb74-c33bcf0e6e49#b3826bec-be98-4755-8ae4-c7b1399928e2",-53,[43],44,45],[8,-54]],[0,"53MfIF6bdCG7W2tMF5L1qJ",1],[5,228,235.48],[0,-46,0,0,0,0,1,0.5,0.5,1]],[3,"icon",6,[[1,-55,[0],1]],[0,"949m9MshZI6IBKoWTkMRHk",1],[5,20,19],[10,125,0,0,0,0,1,1,1,1]],[3,"name",6,[[29,"Player",52,52,1,1,1,-56,[2]]],[0,"ab0yhwkCFK+oCFnRDJegMS",1],[5,156.13,65.52],[10,100,0,0,0,0,1,0.5,0.5,1]],[9,"circle",7,[[7,0,-57,[3],4]],[0,"ffK6GtHJ5Fipcxtx3NWXoW",1],[5,40,40]],[9,"ring",7,[[7,0,-58,[5],6]],[0,"d2AiGJ+GxCQb3024kFmJuU",1],[5,40,40]],[3,"shadow",3,[[1,-59,[10],11]],[0,"ccRMoOL2hN/6B6acW3SjEm",1],[5,166,42],[0,-44.925,0,0,0,0,1,1,1,1]],[4,"tailgas",3,[[27,true,false,100,100,0.15,10,6,32,0,10,0,-60,[12],[4,2099125276],[4,0],[4,7039851],[4,0],[0,-200,0],13,14]],[0,"7cJ9g7zNxMELBTx5eWhl2T",1],[-51.968,-0.154,0,0,0,0,1,1,1,1]],[3,"shimmer",3,[[1,-61,[21],22]],[0,"424Fn0gKtKOZGF1eYZdmKU",1],[5,600,460],[5,15,0,0,0,0,1,0.5,0.5,0.5]],[5,1.8,true,4],[5,1.8,true,5],[2,"shadow1",false,11,2,[[1,-62,[27],28]],[0,"94/mtN76BPd4LgGic7UBpC",1],[5,300,230],[-400,16.872,0,0,0,0,1,0.68,0.68,1]],[2,"shadow2",false,11,2,[[1,-63,[29],30]],[0,"61MNaPARZMAaKYiT6tFLfJ",1],[5,300,230],[-350,16.872,0,0,0,0,1,0.68,0.68,1]],[2,"shadow3",false,11,2,[[1,-64,[31],32]],[0,"d3ryqkBWlDfpF5e/CRf1oe",1],[5,300,230],[-300,16.872,0,0,0,0,1,0.68,0.68,1]],[2,"shadow4",false,11,2,[[1,-65,[33],34]],[0,"62RH8bQqhMWpovyD/mmRWp",1],[5,300,230],[-250,16.872,0,0,0,0,1,0.68,0.68,1]],[2,"shadow5",false,11,2,[[1,-66,[35],36]],[0,"6f17gGjYtBRLlxVfZlzjfU",1],[5,300,230],[-200,16.872,0,0,0,0,1,0.68,0.68,1]],[2,"shadow6",false,11,2,[[1,-67,[37],38]],[0,"dc6QcDRN5GdZFiLzIaYI0O",1],[5,300,230],[-150,16.872,0,0,0,0,1,0.68,0.68,1]],[2,"shadow7",false,11,2,[[1,-68,[39],40]],[0,"8dafI0BeRKOJtpfnrkxkKy",1],[5,300,230],[-100,16.872,0,0,0,0,1,0.68,0.68,1]],[2,"shadow8",false,11,2,[[1,-69,[41],42]],[0,"4cRwYX7w9Itq0JPPEX1stp",1],[5,300,230],[-50,16.872,0,0,0,0,1,0.68,0.68,1]]],0,[0,2,1,0,-1,6,0,-2,3,0,-3,4,0,-4,5,0,-5,2,0,0,2,0,0,2,0,0,2,0,5,19,0,0,2,0,5,20,0,0,2,0,-1,21,0,-2,22,0,-3,23,0,-4,24,0,-5,25,0,-6,26,0,-7,27,0,-8,28,0,-9,11,0,-10,8,0,-1,16,0,-2,17,0,-3,9,0,-4,10,0,-5,18,0,-1,19,0,0,4,0,0,4,0,0,4,0,0,4,0,-1,20,0,0,5,0,0,5,0,0,5,0,0,5,0,0,6,0,-1,12,0,-2,13,0,-3,7,0,0,7,0,-1,14,0,-2,15,0,0,8,0,0,8,0,0,8,0,2,9,0,0,9,0,2,10,0,0,10,0,0,11,0,0,11,0,0,12,0,0,13,0,0,14,0,0,15,0,0,16,0,0,17,0,0,18,0,0,21,0,0,22,0,0,23,0,0,24,0,0,25,0,0,26,0,0,27,0,0,28,0,6,1,69],[0,0,0,0,0,0,0,0,0,0,0,0,0,0,0,0,0,0,0,0,0,0,0,0,0,0,0,0,0,0,0,0,0,0,0,0,0,0,0,0,0,0,0,0,0,0],[-1,1,-1,-1,1,-1,1,-1,-1,1,-1,1,-1,3,1,-1,3,1,-1,3,1,-1,1,-1,1,-1,1,-1,1,-1,1,-1,1,-1,1,-1,1,-1,1,-1,1,-1,1,-1,7,8],[0,7,0,0,8,0,9,0,0,10,0,11,0,12,2,0,5,2,0,5,2,0,13,3,6,3,6,0,1,0,1,0,1,0,1,0,1,0,1,0,1,0,1,3,14,15]]]]