[1,["ecpdLyjvZBwrvm+cedCcQy","165c85a4a","1a6ce1326","694/h8YDJO1JWEcy/SutzY","19zJBhwxJFspNfztFab8tf","6emQ+i5HBCLZQ1wUZUYvRN","f21SUmfalNDrPxx+oW2/++","ceyZZZ4rpCDY1EzYwQSgjO"],["node","_spriteFrame","_textureSetter","root","data"],[["cc.Node",["_name","_active","_prefab","_contentSize","_parent","_components","_children","_trs","_color"],1,4,5,1,9,2,7,5],"cc.SpriteFrame",["cc.PrefabInfo",["fileId","root"],2,1],["cc.Sprite",["_sizeMode","node","_materials","_spriteFrame"],2,1,3,6],["cc.Prefab",["_name"],2],["cc.Mask",["_type","_N$alphaThreshold","node","_materials"],1,1,3]],[[2,0,1,2],[3,1,2,3,1],[0,0,4,5,2,3,2],[0,0,1,4,5,2,3,3],[3,0,1,2,3,2],[4,0,2],[0,0,6,2,3,2],[0,0,4,6,5,2,3,7,2],[0,0,4,5,2,8,3,2],[2,1,1],[5,0,1,2,3,3]],[[[{"name":"gamebg9","rect":[1450,1424,176,56],"offset":[0,0],"originalSize":[176,56],"capInsets":[0,0,0,0]}],[1],0,[0],[2],[2]],[[{"name":"gamebg1","rect":[1570,1990,257,56],"offset":[0,0],"originalSize":[257,56],"capInsets":[0,0,0,0]}],[1],0,[0],[2],[1]],[[{"name":"gamebg10","rect":[1831,1990,193,56],"offset":[0,0],"originalSize":[193,56],"capInsets":[0,0,0,0]}],[1],0,[0],[2],[1]],[[[5,"perfect"],[6,"perfect",[-2,-3,-4,-5],[9,-1],[5,257,56]],[7,"head",1,[-7,-8],[[10,1,0,-6,[10]]],[0,"d2kyzLfKNHxZj05qKP8emc",1],[5,80,80],[-164.387,2,0,0,0,0,1,1,1,1]],[2,"p1",1,[[1,-9,[0],1]],[0,"82A8YDLWVBroeOCwHZ5o00",1],[5,257,56]],[3,"p2",false,1,[[1,-10,[2],3]],[0,"f0teKyK6RNCImtCwXO8YPx",1],[5,176,56]],[3,"p3",false,1,[[1,-11,[4],5]],[0,"26J078nxhDHqKNF/4ZORLt",1],[5,193,56]],[2,"img",2,[[4,0,-12,[6],7]],[0,"40479RdbJDtb0mEJ4MMNK+",1],[5,78,78]],[8,"mask",2,[[4,0,-13,[8],9]],[0,"78UtU+u9xDWJ4uHtjQn9s8",1],[4,4278190080],[5,80,80]]],0,[0,3,1,0,-1,3,0,-2,4,0,-3,5,0,-4,2,0,0,2,0,-1,6,0,-2,7,0,0,3,0,0,4,0,0,5,0,0,6,0,0,7,0,4,1,13],[0,0,0,0,0,0,0,0,0,0,0],[-1,1,-1,1,-1,1,-1,1,-1,1,-1],[0,3,0,4,0,5,0,6,0,7,0]]]]