{
  "__type__": "cc.JsonAsset",
  "_name": "tileConfig",
  "json": {
    "1": {
      "id": "1",
      "state": 2,
      "source": "box1",
      "color": "#603504"
    },
    "2": {
      "id": "2",
      "state": 2,
      "source": "box2",
      "color": "#643e03"
    },
    "3": {
      "id": "3",
      "state": 2,
      "source": "box3",
      "color": "#643e03"
    },
    "4": {
      "id": "4",
      "state": 2,
      "source": "box4",
      "color": "#603504"
    },
    "5": {
      "id": "5",
      "state": 2,
      "source": "box5",
      "color": "#643e03"
    },
    "6": {
      "id": "6",
      "state": 2,
      "source": "box6",
      "color": "#643e03"
    },
    "7": {
      "id": "7",
      "state": 2,
      "source": "boxLong1",
      "color": "#603504"
    },
    "8": {
      "id": "8",
      "state": 2,
      "source": "boxLong2",
      "color": "#643e03"
    },
    "9": {
      "id": "9",
      "state": 2,
      "source": "boxLong3",
      "color": "#643e03"
    },
    "10": {
      "id": "10",
      "state": 0,
      "source": "floor2"
    },
    "11": {
      "id": "11",
      "state": 0,
      "source": "floor3"
    },
    "12": {
      "id": "12",
      "state": 0,
      "source": "floor4"
    },
    "13": {
      "id": "13",
      "state": 0,
      "source": "floor5"
    },
    "14": {
      "id": "14",
      "state": 0,
      "source": "floor11"
    },
    "15": {
      "id": "15",
      "state": 0,
      "source": "floor12"
    },
    "16": {
      "id": "16",
      "state": 1,
      "source": "wall1",
      "color": "#643e03"
    },
    "17": {
      "id": "17",
      "state": 1,
      "source": "wall11"
    },
    "18": {
      "id": "18",
      "state": 1,
      "source": "wall2"
    },
    "19": {
      "id": "19",
      "state": 1,
      "source": "wall3"
    },
    "20": {
      "id": "20",
      "state": 1,
      "source": "wall4"
    },
    "21": {
      "id": "21",
      "state": 1,
      "source": "wall5"
    },
    "22": {
      "id": "22",
      "state": 1,
      "source": "wall6",
      "color": "#291612"
    },
    "23": {
      "id": "23",
      "state": 1,
      "source": "wall9"
    },
    "24": {
      "id": "24",
      "state": 1,
      "source": "wall12"
    },
    "25": {
      "id": "25",
      "state": 0,
      "source": "floor13"
    },
    "26": {
      "id": "26",
      "state": 1,
      "source": "wall14"
    }
  }
}