[{"__type__":"cc.Prefab","_name":"fk7","data":{"__id__":1}},{"__type__":"cc.Node","_name":"fk7","_children":[{"__id__":2}],"_prefab":{"__type__":"cc.PrefabInfo","root":{"__id__":1}},"_trs":{"__type__":"TypedArray","ctor":"Float64Array","array":[0,0,0,0,0,0,1,1,1,1]}},{"__type__":"cc.Node","_name":"cao3","_parent":{"__id__":1},"_components":[{"__type__":"e97baXNkTtEN5txJxjMsMQL","node":{"__id__":2},"_materials":[{"__uuid__":"ecpdLyjvZBwrvm+cedCcQy"}],"_spriteFrame":{"__uuid__":"f47pW2+LdNapy/rEPQGlHa"}}],"_prefab":{"__type__":"cc.PrefabInfo","root":{"__id__":1},"fileId":"d4HRinBPRHKbIkpiI+yY0D"},"_contentSize":{"__type__":"cc.Size","width":30,"height":92},"_trs":{"__type__":"TypedArray","ctor":"Float64Array","array":[4,16,0,0,0,0,1,1,1,1]}}]