{"__type__":"cc.BitmapFont","_name":"font","spriteFrame":{"__uuid__":"53pa+C9EhMAqAZowCuToCf"},"fontSize":30,"_fntConfig":{"commonHeight":30,"fontSize":30,"atlasName":"font.png","fontDefDictionary":{"32":{"rect":{"x":0,"y":0,"width":0,"height":0},"xOffset":1,"yOffset":1,"xAdvance":7},"37":{"rect":{"x":30,"y":146,"width":32,"height":28},"xOffset":1,"yOffset":3,"xAdvance":30},"45":{"rect":{"x":5,"y":5,"width":13,"height":8},"xOffset":2,"yOffset":16,"xAdvance":11},"46":{"rect":{"x":95,"y":114,"width":11,"height":11},"xOffset":2,"yOffset":20,"xAdvance":11},"47":{"rect":{"x":5,"y":309,"width":15,"height":34},"xOffset":0,"yOffset":2,"xAdvance":12},"48":{"rect":{"x":5,"y":212,"width":20,"height":28},"xOffset":1,"yOffset":3,"xAdvance":18},"49":{"rect":{"x":5,"y":18,"width":18,"height":27},"xOffset":2,"yOffset":4,"xAdvance":18},"50":{"rect":{"x":5,"y":50,"width":20,"height":27},"xOffset":1,"yOffset":3,"xAdvance":18},"51":{"rect":{"x":28,"y":5,"width":20,"height":28},"xOffset":1,"yOffset":3,"xAdvance":18},"52":{"rect":{"x":5,"y":82,"width":21,"height":27},"xOffset":1,"yOffset":4,"xAdvance":18},"53":{"rect":{"x":30,"y":38,"width":20,"height":27},"xOffset":1,"yOffset":4,"xAdvance":18},"54":{"rect":{"x":53,"y":5,"width":20,"height":28},"xOffset":1,"yOffset":3,"xAdvance":18},"55":{"rect":{"x":5,"y":114,"width":20,"height":27},"xOffset":2,"yOffset":4,"xAdvance":18},"56":{"rect":{"x":5,"y":146,"width":20,"height":28},"xOffset":1,"yOffset":3,"xAdvance":18},"57":{"rect":{"x":5,"y":179,"width":20,"height":28},"xOffset":1,"yOffset":3,"xAdvance":18},"58":{"rect":{"x":28,"y":245,"width":11,"height":22},"xOffset":2,"yOffset":9,"xAdvance":11},"72":{"rect":{"x":30,"y":114,"width":22,"height":27},"xOffset":3,"yOffset":4,"xAdvance":23},"73":{"rect":{"x":120,"y":38,"width":10,"height":27},"xOffset":3,"yOffset":4,"xAdvance":11},"75":{"rect":{"x":30,"y":213,"width":24,"height":27},"xOffset":3,"yOffset":4,"xAdvance":21},"76":{"rect":{"x":5,"y":245,"width":18,"height":27},"xOffset":3,"yOffset":4,"xAdvance":18},"80":{"rect":{"x":31,"y":70,"width":21,"height":27},"xOffset":3,"yOffset":4,"xAdvance":21},"83":{"rect":{"x":5,"y":386,"width":21,"height":28},"xOffset":1,"yOffset":3,"xAdvance":19},"84":{"rect":{"x":129,"y":5,"width":22,"height":27},"xOffset":1,"yOffset":4,"xAdvance":19},"86":{"rect":{"x":5,"y":277,"width":25,"height":27},"xOffset":0,"yOffset":4,"xAdvance":19},"104":{"rect":{"x":78,"y":5,"width":20,"height":28},"xOffset":2,"yOffset":2,"xAdvance":20},"105":{"rect":{"x":5,"y":419,"width":10,"height":29},"xOffset":2,"yOffset":1,"xAdvance":10},"106":{"rect":{"x":31,"y":423,"width":14,"height":36},"xOffset":-2,"yOffset":1,"xAdvance":10},"107":{"rect":{"x":103,"y":5,"width":21,"height":28},"xOffset":2,"yOffset":2,"xAdvance":19},"108":{"rect":{"x":30,"y":179,"width":12,"height":29},"xOffset":2,"yOffset":2,"xAdvance":10},"111":{"rect":{"x":5,"y":453,"width":21,"height":22},"xOffset":1,"yOffset":9,"xAdvance":19},"112":{"rect":{"x":57,"y":64,"width":21,"height":28},"xOffset":2,"yOffset":9,"xAdvance":20},"117":{"rect":{"x":59,"y":217,"width":20,"height":22},"xOffset":2,"yOffset":9,"xAdvance":20},"118":{"rect":{"x":55,"y":38,"width":22,"height":21},"xOffset":0,"yOffset":9,"xAdvance":18},"8593":{"rect":{"x":31,"y":386,"width":19,"height":32},"xOffset":8,"yOffset":1,"xAdvance":30},"9733":{"rect":{"x":40,"y":347,"width":32,"height":31},"xOffset":1,"yOffset":1,"xAdvance":30},"9734":{"rect":{"x":31,"y":464,"width":32,"height":31},"xOffset":1,"yOffset":1,"xAdvance":30},"20987":{"rect":{"x":83,"y":38,"width":32,"height":33},"xOffset":1,"yOffset":0,"xAdvance":30},"21147":{"rect":{"x":5,"y":348,"width":30,"height":33},"xOffset":2,"yOffset":0,"xAdvance":30},"24481":{"rect":{"x":59,"y":179,"width":33,"height":33},"xOffset":0,"yOffset":0,"xAdvance":30},"25112":{"rect":{"x":25,"y":309,"width":32,"height":33},"xOffset":2,"yOffset":1,"xAdvance":30},"25915":{"rect":{"x":57,"y":97,"width":33,"height":33},"xOffset":1,"yOffset":0,"xAdvance":30},"32463":{"rect":{"x":67,"y":135,"width":34,"height":33},"xOffset":0,"yOffset":0,"xAdvance":30},"38450":{"rect":{"x":44,"y":245,"width":31,"height":33},"xOffset":2,"yOffset":0,"xAdvance":30},"39564":{"rect":{"x":95,"y":76,"width":34,"height":33},"xOffset":0,"yOffset":0,"xAdvance":30}},"kerningDict":{}}}