[{"__type__":"cc.Prefab","_name":"beibao_mc","data":{"__id__":1}},{"__type__":"cc.Node","_name":"beibao_mc","_children":[{"__id__":2},{"__id__":3},{"__id__":4},{"__id__":5},{"__id__":6},{"__id__":7},{"__id__":8},{"__id__":9},{"__id__":10},{"__id__":11},{"__id__":12},{"__id__":13},{"__id__":14},{"__id__":15},{"__id__":16},{"__id__":18}],"_components":[{"__type__":"2fb85mdhWdNEqRvbQ/SrJqN","node":{"__id__":1}}],"_prefab":{"__type__":"cc.PrefabInfo","root":{"__id__":1},"asset":{"__uuid__":"61WC1L+qZDu6iUWeaSqorh"}},"_trs":{"__type__":"TypedArray","ctor":"Float64Array","array":[0,0,0,0,0,0,1,1,1,1]}},{"__type__":"cc.Node","_name":"bj","_parent":{"__id__":1},"_components":[{"__type__":"e97baXNkTtEN5txJxjMsMQL","node":{"__id__":2},"_materials":[{"__uuid__":"ecpdLyjvZBwrvm+cedCcQy"}],"_spriteFrame":{"__uuid__":"f7y79NZn9Ny5V9r6BD3zm1"},"_sizeMode":0}],"_prefab":{"__type__":"cc.PrefabInfo","root":{"__id__":1},"asset":{"__uuid__":"61WC1L+qZDu6iUWeaSqorh"},"fileId":"b4n5hexehLPoWJbtkBsf42"},"_opacity":50,"_contentSize":{"__type__":"cc.Size","width":779,"height":405},"_trs":{"__type__":"TypedArray","ctor":"Float64Array","array":[210.765,-23.857,0,0,0,0,1,1,1,1]}},{"__type__":"cc.Node","_name":"chushou_btn","_parent":{"__id__":1},"_components":[{"__type__":"e97baXNkTtEN5txJxjMsMQL","node":{"__id__":3},"_materials":[{"__uuid__":"ecpdLyjvZBwrvm+cedCcQy"}],"_spriteFrame":{"__uuid__":"f7y79NZn9Ny5V9r6BD3zm1"},"_sizeMode":0}],"_prefab":{"__type__":"cc.PrefabInfo","root":{"__id__":1},"asset":{"__uuid__":"61WC1L+qZDu6iUWeaSqorh"},"fileId":"3fJJbbB15HuIk9wUqYUu3d"},"_opacity":50,"_contentSize":{"__type__":"cc.Size","width":257,"height":57},"_trs":{"__type__":"TypedArray","ctor":"Float64Array","array":[469.473,217.241,0,0,0,0,1,1,1,1]}},{"__type__":"cc.Node","_name":"kuang1","_parent":{"__id__":1},"_components":[{"__type__":"e97baXNkTtEN5txJxjMsMQL","node":{"__id__":4},"_materials":[{"__uuid__":"ecpdLyjvZBwrvm+cedCcQy"}],"_spriteFrame":{"__uuid__":"cegAVez+NKoq/ZqjM9qRtZ"}}],"_prefab":{"__type__":"cc.PrefabInfo","root":{"__id__":1},"asset":{"__uuid__":"61WC1L+qZDu6iUWeaSqorh"},"fileId":"2cL4V8VfBKAqmTywqYGZcK"},"_contentSize":{"__type__":"cc.Size","width":82,"height":82},"_trs":{"__type__":"TypedArray","ctor":"Float64Array","array":[519.937,586.905,0,0,0,0,1,1,1,1]}},{"__type__":"cc.Node","_name":"kuang2","_parent":{"__id__":1},"_components":[{"__type__":"e97baXNkTtEN5txJxjMsMQL","node":{"__id__":5},"_materials":[{"__uuid__":"ecpdLyjvZBwrvm+cedCcQy"}],"_spriteFrame":{"__uuid__":"15iALMYhdHW7Sx+Tbn9BRZ"}}],"_prefab":{"__type__":"cc.PrefabInfo","root":{"__id__":1},"asset":{"__uuid__":"61WC1L+qZDu6iUWeaSqorh"},"fileId":"18bOeUCPdJiZJsUpfubtrF"},"_contentSize":{"__type__":"cc.Size","width":82,"height":179},"_anchorPoint":{"__type__":"cc.Vec2","x":0.49986585365853653,"y":0.7715251396648045},"_trs":{"__type__":"TypedArray","ctor":"Float64Array","array":[421.774,588.477,0,0,0,0,1,1,1,1]}},{"__type__":"cc.Node","_name":"kuang1x","_parent":{"__id__":1},"_components":[{"__type__":"e97baXNkTtEN5txJxjMsMQL","node":{"__id__":6},"_materials":[{"__uuid__":"ecpdLyjvZBwrvm+cedCcQy"}],"_spriteFrame":{"__uuid__":"cegAVez+NKoq/ZqjM9qRtZ"}}],"_prefab":{"__type__":"cc.PrefabInfo","root":{"__id__":1},"asset":{"__uuid__":"61WC1L+qZDu6iUWeaSqorh"},"fileId":"8acs3/y8NJNYuaXtJ5JnnE"},"_color":{"__type__":"cc.Color","r":255},"_contentSize":{"__type__":"cc.Size","width":82,"height":82},"_trs":{"__type__":"TypedArray","ctor":"Float64Array","array":[519.937,706.905,0,0,0,0,1,1,1,1]}},{"__type__":"cc.Node","_name":"kuang2x","_parent":{"__id__":1},"_components":[{"__type__":"e97baXNkTtEN5txJxjMsMQL","node":{"__id__":7},"_materials":[{"__uuid__":"ecpdLyjvZBwrvm+cedCcQy"}],"_spriteFrame":{"__uuid__":"15iALMYhdHW7Sx+Tbn9BRZ"}}],"_prefab":{"__type__":"cc.PrefabInfo","root":{"__id__":1},"asset":{"__uuid__":"61WC1L+qZDu6iUWeaSqorh"},"fileId":"739jHgYllDMLOiTIqk3FHC"},"_color":{"__type__":"cc.Color","r":255},"_contentSize":{"__type__":"cc.Size","width":82,"height":179},"_anchorPoint":{"__type__":"cc.Vec2","x":0.49986585365853653,"y":0.7715251396648045},"_trs":{"__type__":"TypedArray","ctor":"Float64Array","array":[421.774,792.477,0,0,0,0,1,1,1,1]}},{"__type__":"cc.Node","_name":"bj","_parent":{"__id__":1},"_components":[{"__type__":"e97baXNkTtEN5txJxjMsMQL","node":{"__id__":8},"_materials":[{"__uuid__":"ecpdLyjvZBwrvm+cedCcQy"}],"_spriteFrame":{"__uuid__":"f7y79NZn9Ny5V9r6BD3zm1"},"_sizeMode":0}],"_prefab":{"__type__":"cc.PrefabInfo","root":{"__id__":1},"asset":{"__uuid__":"61WC1L+qZDu6iUWeaSqorh"},"fileId":"b74t5LdWZOm6TI/hDZZ1hw"},"_opacity":50,"_contentSize":{"__type__":"cc.Size","width":779,"height":57},"_trs":{"__type__":"TypedArray","ctor":"Float64Array","array":[210.765,217.241,0,0,0,0,1,1,1,1]}},{"__type__":"cc.Node","_name":"renk","_parent":{"__id__":1},"_components":[{"__type__":"e97baXNkTtEN5txJxjMsMQL","node":{"__id__":9},"_materials":[{"__uuid__":"ecpdLyjvZBwrvm+cedCcQy"}],"_spriteFrame":{"__uuid__":"15iALMYhdHW7Sx+Tbn9BRZ"}}],"_prefab":{"__type__":"cc.PrefabInfo","root":{"__id__":1},"asset":{"__uuid__":"61WC1L+qZDu6iUWeaSqorh"},"fileId":"c0a/oBHC5JxqThuR+Pi5LU"},"_opacity":0,"_contentSize":{"__type__":"cc.Size","width":82,"height":179},"_anchorPoint":{"__type__":"cc.Vec2","x":0.49986585365853653,"y":0.7715251396648045},"_trs":{"__type__":"TypedArray","ctor":"Float64Array","array":[-330.551,20.87,0,0,0,0,1,1,1,1]}},{"__type__":"cc.Node","_name":"txt2","_parent":{"__id__":1},"_components":[{"__type__":"169900iLpFDSrelEizBDC4Z","node":{"__id__":10},"_materials":[{"__uuid__":"ecpdLyjvZBwrvm+cedCcQy"}],"_fontSize":28,"_N$horizontalAlign":1,"_N$verticalAlign":1}],"_prefab":{"__type__":"cc.PrefabInfo","root":{"__id__":1},"asset":{"__uuid__":"61WC1L+qZDu6iUWeaSqorh"},"fileId":"cbjuHHuFNIBIgZoesqRn2s"},"_contentSize":{"__type__":"cc.Size","height":50.4},"_anchorPoint":{"__type__":"cc.Vec2","y":0.5},"_trs":{"__type__":"TypedArray","ctor":"Float64Array","array":[-167.348,218.473,0,0,0,0,1,1,1,1]}},{"__type__":"cc.Node","_name":"txt3","_parent":{"__id__":1},"_components":[{"__type__":"169900iLpFDSrelEizBDC4Z","node":{"__id__":11},"_materials":[{"__uuid__":"ecpdLyjvZBwrvm+cedCcQy"}],"_fontSize":28,"_N$horizontalAlign":1,"_N$verticalAlign":1}],"_prefab":{"__type__":"cc.PrefabInfo","root":{"__id__":1},"asset":{"__uuid__":"61WC1L+qZDu6iUWeaSqorh"},"fileId":"d4sTXqryRN1Khf6yUJ7LUh"},"_contentSize":{"__type__":"cc.Size","height":50.4},"_anchorPoint":{"__type__":"cc.Vec2","x":1,"y":0.5},"_trs":{"__type__":"TypedArray","ctor":"Float64Array","array":[539.657,218.473,0,0,0,0,1,1,1,1]}},{"__type__":"cc.Node","_name":"shouzhi","_parent":{"__id__":1},"_components":[{"__type__":"e97baXNkTtEN5txJxjMsMQL","node":{"__id__":12},"_materials":[{"__uuid__":"ecpdLyjvZBwrvm+cedCcQy"}],"_spriteFrame":{"__uuid__":"f9+lgUq3NAA4bIIhCPXVaB"}}],"_prefab":{"__type__":"cc.PrefabInfo","root":{"__id__":1},"asset":{"__uuid__":"61WC1L+qZDu6iUWeaSqorh"},"fileId":"1cRVBgHCZHV7yP7IEOD1Qc"},"_contentSize":{"__type__":"cc.Size","width":59,"height":59},"_trs":{"__type__":"TypedArray","ctor":"Float64Array","array":[570.537,218.036,0,0,0,0,1,0.526,0.526,0.526]}},{"__type__":"cc.Node","_name":"txt1","_parent":{"__id__":1},"_components":[{"__type__":"169900iLpFDSrelEizBDC4Z","node":{"__id__":13},"_materials":[{"__uuid__":"ecpdLyjvZBwrvm+cedCcQy"}],"_fontSize":28,"_N$horizontalAlign":1,"_N$verticalAlign":1}],"_prefab":{"__type__":"cc.PrefabInfo","root":{"__id__":1},"asset":{"__uuid__":"61WC1L+qZDu6iUWeaSqorh"},"fileId":"731u5wcVtHkrIJSPqIOg0a"},"_contentSize":{"__type__":"cc.Size","height":50.4},"_trs":{"__type__":"TypedArray","ctor":"Float64Array","array":[209.96,275.681,0,0,0,0,1,1,1,1]}},{"__type__":"cc.Node","_name":"kuang1ok","_parent":{"__id__":1},"_components":[{"__type__":"e97baXNkTtEN5txJxjMsMQL","node":{"__id__":14},"_materials":[{"__uuid__":"ecpdLyjvZBwrvm+cedCcQy"}],"_spriteFrame":{"__uuid__":"cegAVez+NKoq/ZqjM9qRtZ"}}],"_prefab":{"__type__":"cc.PrefabInfo","root":{"__id__":1},"asset":{"__uuid__":"61WC1L+qZDu6iUWeaSqorh"},"fileId":"14kXRd2RFKpbQe4X4fLKHX"},"_color":{"__type__":"cc.Color","r":31,"g":255},"_contentSize":{"__type__":"cc.Size","width":82,"height":82},"_trs":{"__type__":"TypedArray","ctor":"Float64Array","array":[773.937,706.905,0,0,0,0,1,1,1,1]}},{"__type__":"cc.Node","_name":"kuang2ok","_parent":{"__id__":1},"_components":[{"__type__":"e97baXNkTtEN5txJxjMsMQL","node":{"__id__":15},"_materials":[{"__uuid__":"ecpdLyjvZBwrvm+cedCcQy"}],"_spriteFrame":{"__uuid__":"15iALMYhdHW7Sx+Tbn9BRZ"}}],"_prefab":{"__type__":"cc.PrefabInfo","root":{"__id__":1},"asset":{"__uuid__":"61WC1L+qZDu6iUWeaSqorh"},"fileId":"74BnnjNPJBZYGSCv4Yn5uM"},"_color":{"__type__":"cc.Color","r":31,"g":255},"_contentSize":{"__type__":"cc.Size","width":82,"height":179},"_anchorPoint":{"__type__":"cc.Vec2","x":0.49986585365853653,"y":0.7715251396648045},"_trs":{"__type__":"TypedArray","ctor":"Float64Array","array":[675.774,667.266,0,0,0,0,1,1,1,1]}},{"__type__":"cc.Node","_name":"e_mc","_parent":{"__id__":1},"_children":[{"__id__":17}],"_prefab":{"__type__":"cc.PrefabInfo","root":{"__id__":1},"asset":{"__uuid__":"61WC1L+qZDu6iUWeaSqorh"},"fileId":"55b+jVP3VAEJlzFrFu6Zlq"},"_trs":{"__type__":"TypedArray","ctor":"Float64Array","array":[421.774,588.477,0,0,0,0,1,1,1,1]}},{"__type__":"cc.Node","_name":"e","_parent":{"__id__":16},"_components":[{"__type__":"e97baXNkTtEN5txJxjMsMQL","node":{"__id__":17},"_materials":[{"__uuid__":"ecpdLyjvZBwrvm+cedCcQy"}],"_spriteFrame":{"__uuid__":"7dHelaT/hL/5KjKHxZBGLV"}}],"_prefab":{"__type__":"cc.PrefabInfo","root":{"__id__":1},"asset":{"__uuid__":"61WC1L+qZDu6iUWeaSqorh"},"fileId":"a3iSGKEuJOmbsc99tN9yvG"},"_contentSize":{"__type__":"cc.Size","width":24,"height":32},"_trs":{"__type__":"TypedArray","ctor":"Float64Array","array":[-26.232,22.617,0,0,0,0,1,1,1,1]}},{"__type__":"cc.Node","_name":"shuoming","_parent":{"__id__":1},"_children":[{"__id__":19},{"__id__":20},{"__id__":21},{"__id__":22}],"_prefab":{"__type__":"cc.PrefabInfo","root":{"__id__":1},"asset":{"__uuid__":"61WC1L+qZDu6iUWeaSqorh"},"fileId":"7dlZ3FZyNODa7UXwfSxRJu"},"_trs":{"__type__":"TypedArray","ctor":"Float64Array","array":[31.146,-46.531,0,0,0,0,1,1,1,1]}},{"__type__":"cc.Node","_name":"bj","_parent":{"__id__":18},"_components":[{"__type__":"e97baXNkTtEN5txJxjMsMQL","node":{"__id__":19},"_materials":[{"__uuid__":"ecpdLyjvZBwrvm+cedCcQy"}],"_spriteFrame":{"__uuid__":"f7y79NZn9Ny5V9r6BD3zm1"},"_sizeMode":0}],"_prefab":{"__type__":"cc.PrefabInfo","root":{"__id__":1},"asset":{"__uuid__":"61WC1L+qZDu6iUWeaSqorh"},"fileId":"88eRcxF85CToJV02Hih0xZ"},"_contentSize":{"__type__":"cc.Size","width":454,"height":192},"_trs":{"__type__":"TypedArray","ctor":"Float64Array","array":[194.047,54.661,0,0,0,0,1,1,1,1]}},{"__type__":"cc.Node","_name":"txt","_parent":{"__id__":18},"_components":[{"__type__":"169900iLpFDSrelEizBDC4Z","node":{"__id__":20},"_materials":[{"__uuid__":"ecpdLyjvZBwrvm+cedCcQy"}],"_string":"将道具拖到人物身上","_N$string":"将道具拖到人物身上","_fontSize":25,"_N$horizontalAlign":1,"_N$verticalAlign":1,"_N$overflow":2}],"_prefab":{"__type__":"cc.PrefabInfo","root":{"__id__":1},"asset":{"__uuid__":"61WC1L+qZDu6iUWeaSqorh"},"fileId":"fbv3NtaIxFj4zgBHCCPltU"},"_contentSize":{"__type__":"cc.Size","width":350,"height":120},"_trs":{"__type__":"TypedArray","ctor":"Float64Array","array":[199.338,64.117,0,0,0,0,1,1,1,1]}},{"__type__":"cc.Node","_name":"gb_btn","_parent":{"__id__":18},"_components":[{"__type__":"169900iLpFDSrelEizBDC4Z","node":{"__id__":21},"_materials":[{"__uuid__":"ecpdLyjvZBwrvm+cedCcQy"}],"_string":"x","_N$string":"x","_N$horizontalAlign":1,"_N$verticalAlign":1}],"_prefab":{"__type__":"cc.PrefabInfo","root":{"__id__":1},"asset":{"__uuid__":"61WC1L+qZDu6iUWeaSqorh"},"fileId":"b0xPDZHrBMVJWJGZ34ObgA"},"_contentSize":{"__type__":"cc.Size","width":20,"height":50.4},"_trs":{"__type__":"TypedArray","ctor":"Float64Array","array":[399.73,133.536,0,0,0,0,1,1,1,1]}},{"__type__":"cc.Node","_name":"jx_btn","_parent":{"__id__":18},"_components":[{"__type__":"169900iLpFDSrelEizBDC4Z","node":{"__id__":22},"_materials":[{"__uuid__":"ecpdLyjvZBwrvm+cedCcQy"}],"_string":"继续","_N$string":"继续","_fontSize":25,"_N$horizontalAlign":1,"_N$verticalAlign":1}],"_prefab":{"__type__":"cc.PrefabInfo","root":{"__id__":1},"asset":{"__uuid__":"61WC1L+qZDu6iUWeaSqorh"},"fileId":"b7BqYtLyJDeLZz694a7gY3"},"_contentSize":{"__type__":"cc.Size","width":50,"height":50.4},"_trs":{"__type__":"TypedArray","ctor":"Float64Array","array":[199,-16.123,0,0,0,0,1,1,1,1]}}]