[{"__type__":"cc.Prefab","_name":"lingqu_mc","data":{"__id__":1}},{"__type__":"cc.Node","_name":"lingqu_mc","_children":[{"__id__":2},{"__id__":3},{"__id__":4},{"__id__":5},{"__id__":6},{"__id__":7},{"__id__":8},{"__id__":9},{"__id__":10}],"_components":[{"__type__":"06170mZzmFKWqZz/Aw4QsOu","node":{"__id__":1}}],"_prefab":{"__type__":"cc.PrefabInfo","root":{"__id__":1},"asset":{"__uuid__":"61tKi0071IZb3QmnpIdqVy"}},"_trs":{"__type__":"TypedArray","ctor":"Float64Array","array":[0,0,0,0,0,0,1,1,1,1]}},{"__type__":"cc.Node","_name":"bj","_parent":{"__id__":1},"_components":[{"__type__":"e97baXNkTtEN5txJxjMsMQL","node":{"__id__":2},"_materials":[{"__uuid__":"ecpdLyjvZBwrvm+cedCcQy"}],"_spriteFrame":{"__uuid__":"f7y79NZn9Ny5V9r6BD3zm1"},"_sizeMode":0}],"_prefab":{"__type__":"cc.PrefabInfo","root":{"__id__":1},"asset":{"__uuid__":"61tKi0071IZb3QmnpIdqVy"},"fileId":"b4n5hexehLPoWJbtkBsf42"},"_opacity":50,"_contentSize":{"__type__":"cc.Size","width":779,"height":405},"_trs":{"__type__":"TypedArray","ctor":"Float64Array","array":[210.765,13.71,0,0,0,0,1,1,1,1]}},{"__type__":"cc.Node","_name":"btn1","_parent":{"__id__":1},"_components":[{"__type__":"e97baXNkTtEN5txJxjMsMQL","node":{"__id__":3},"_materials":[{"__uuid__":"ecpdLyjvZBwrvm+cedCcQy"}],"_spriteFrame":{"__uuid__":"f7y79NZn9Ny5V9r6BD3zm1"},"_sizeMode":0}],"_prefab":{"__type__":"cc.PrefabInfo","root":{"__id__":1},"asset":{"__uuid__":"61tKi0071IZb3QmnpIdqVy"},"fileId":"478GvnAGFEBJHEWC6FX9YO"},"_opacity":150,"_contentSize":{"__type__":"cc.Size","width":200,"height":150},"_trs":{"__type__":"TypedArray","ctor":"Float64Array","array":[-43.909,110.555,0,0,0,0,1,1,1,1]}},{"__type__":"cc.Node","_name":"btn2","_parent":{"__id__":1},"_components":[{"__type__":"e97baXNkTtEN5txJxjMsMQL","node":{"__id__":4},"_materials":[{"__uuid__":"ecpdLyjvZBwrvm+cedCcQy"}],"_spriteFrame":{"__uuid__":"f7y79NZn9Ny5V9r6BD3zm1"},"_sizeMode":0}],"_prefab":{"__type__":"cc.PrefabInfo","root":{"__id__":1},"asset":{"__uuid__":"61tKi0071IZb3QmnpIdqVy"},"fileId":"4eEjAINrZI9I022sGqgXm2"},"_opacity":150,"_contentSize":{"__type__":"cc.Size","width":200,"height":150},"_trs":{"__type__":"TypedArray","ctor":"Float64Array","array":[209.396,108.545,0,0,0,0,1,1,1,1]}},{"__type__":"cc.Node","_name":"btn3","_parent":{"__id__":1},"_components":[{"__type__":"e97baXNkTtEN5txJxjMsMQL","node":{"__id__":5},"_materials":[{"__uuid__":"ecpdLyjvZBwrvm+cedCcQy"}],"_spriteFrame":{"__uuid__":"f7y79NZn9Ny5V9r6BD3zm1"},"_sizeMode":0}],"_prefab":{"__type__":"cc.PrefabInfo","root":{"__id__":1},"asset":{"__uuid__":"61tKi0071IZb3QmnpIdqVy"},"fileId":"453coPseBAE6gyyeBp7M8X"},"_opacity":150,"_contentSize":{"__type__":"cc.Size","width":200,"height":150},"_trs":{"__type__":"TypedArray","ctor":"Float64Array","array":[457.545,106.534,0,0,0,0,1,1,1,1]}},{"__type__":"cc.Node","_name":"btn6","_parent":{"__id__":1},"_components":[{"__type__":"e97baXNkTtEN5txJxjMsMQL","node":{"__id__":6},"_materials":[{"__uuid__":"ecpdLyjvZBwrvm+cedCcQy"}],"_spriteFrame":{"__uuid__":"f7y79NZn9Ny5V9r6BD3zm1"},"_sizeMode":0}],"_prefab":{"__type__":"cc.PrefabInfo","root":{"__id__":1},"asset":{"__uuid__":"61tKi0071IZb3QmnpIdqVy"},"fileId":"ffLBJA8xxIjobjoAr0KaZy"},"_opacity":150,"_contentSize":{"__type__":"cc.Size","width":150,"height":150},"_trs":{"__type__":"TypedArray","ctor":"Float64Array","array":[333.496,-83.635,0,0,0,0,1,1,1,1]}},{"__type__":"cc.Node","_name":"btn5","_parent":{"__id__":1},"_components":[{"__type__":"e97baXNkTtEN5txJxjMsMQL","node":{"__id__":7},"_materials":[{"__uuid__":"ecpdLyjvZBwrvm+cedCcQy"}],"_spriteFrame":{"__uuid__":"f7y79NZn9Ny5V9r6BD3zm1"},"_sizeMode":0}],"_prefab":{"__type__":"cc.PrefabInfo","root":{"__id__":1},"asset":{"__uuid__":"61tKi0071IZb3QmnpIdqVy"},"fileId":"9eIgO1VHlOxIlzphEv4QMp"},"_opacity":150,"_contentSize":{"__type__":"cc.Size","width":150,"height":150},"_trs":{"__type__":"TypedArray","ctor":"Float64Array","array":[159.294,-84.641,0,0,0,0,1,1,1,1]}},{"__type__":"cc.Node","_name":"btn4","_parent":{"__id__":1},"_components":[{"__type__":"e97baXNkTtEN5txJxjMsMQL","node":{"__id__":8},"_materials":[{"__uuid__":"ecpdLyjvZBwrvm+cedCcQy"}],"_spriteFrame":{"__uuid__":"f7y79NZn9Ny5V9r6BD3zm1"},"_sizeMode":0}],"_prefab":{"__type__":"cc.PrefabInfo","root":{"__id__":1},"asset":{"__uuid__":"61tKi0071IZb3QmnpIdqVy"},"fileId":"73BPk6MSxEDJ4kVD4x2qvz"},"_opacity":150,"_contentSize":{"__type__":"cc.Size","width":200,"height":150},"_trs":{"__type__":"TypedArray","ctor":"Float64Array","array":[-43.909,-85.646,0,0,0,0,1,1,1,1]}},{"__type__":"cc.Node","_name":"btn7","_parent":{"__id__":1},"_components":[{"__type__":"e97baXNkTtEN5txJxjMsMQL","node":{"__id__":9},"_materials":[{"__uuid__":"ecpdLyjvZBwrvm+cedCcQy"}],"_spriteFrame":{"__uuid__":"f7y79NZn9Ny5V9r6BD3zm1"},"_sizeMode":0}],"_prefab":{"__type__":"cc.PrefabInfo","root":{"__id__":1},"asset":{"__uuid__":"61tKi0071IZb3QmnpIdqVy"},"fileId":"46IZsTEiRCNLRFn/msqkz2"},"_opacity":150,"_contentSize":{"__type__":"cc.Size","width":150,"height":150},"_trs":{"__type__":"TypedArray","ctor":"Float64Array","array":[510.921,-83.635,0,0,0,0,1,1,1,1]}},{"__type__":"cc.Node","_name":"New Node","_parent":{"__id__":1},"_children":[{"__id__":11},{"__id__":12},{"__id__":13},{"__id__":14},{"__id__":15},{"__id__":16},{"__id__":17},{"__id__":18},{"__id__":19},{"__id__":20},{"__id__":21},{"__id__":22},{"__id__":23},{"__id__":24},{"__id__":25},{"__id__":26},{"__id__":27},{"__id__":28},{"__id__":29},{"__id__":30},{"__id__":31},{"__id__":32}],"_prefab":{"__type__":"cc.PrefabInfo","root":{"__id__":1},"asset":{"__uuid__":"61tKi0071IZb3QmnpIdqVy"},"fileId":"87tY1svHNAsZ14DVtxi5Cj"},"_trs":{"__type__":"TypedArray","ctor":"Float64Array","array":[0,0,0,0,0,0,1,1,1,1]}},{"__type__":"cc.Node","_name":"pf1","_parent":{"__id__":10},"_components":[{"__type__":"e97baXNkTtEN5txJxjMsMQL","node":{"__id__":11},"_materials":[{"__uuid__":"ecpdLyjvZBwrvm+cedCcQy"}],"_spriteFrame":{"__uuid__":"a1+kdGq/VF/Lwct1gWUWLP"}}],"_prefab":{"__type__":"cc.PrefabInfo","root":{"__id__":1},"asset":{"__uuid__":"61tKi0071IZb3QmnpIdqVy"},"fileId":"a3x1McK2tIg4ivPM4zfhpQ"},"_contentSize":{"__type__":"cc.Size","width":70,"height":130},"_trs":{"__type__":"TypedArray","ctor":"Float64Array","array":[-43.485,115.597,0,0,0,0,1,1,1,0.606]}},{"__type__":"cc.Node","_name":"pf2","_parent":{"__id__":10},"_components":[{"__type__":"e97baXNkTtEN5txJxjMsMQL","node":{"__id__":12},"_materials":[{"__uuid__":"ecpdLyjvZBwrvm+cedCcQy"}],"_spriteFrame":{"__uuid__":"8czUphpBZAg4zRA6P2HQVv"}}],"_prefab":{"__type__":"cc.PrefabInfo","root":{"__id__":1},"asset":{"__uuid__":"61tKi0071IZb3QmnpIdqVy"},"fileId":"6f7ppG1+pEzInA9k1isBZ5"},"_contentSize":{"__type__":"cc.Size","width":70,"height":135},"_trs":{"__type__":"TypedArray","ctor":"Float64Array","array":[208.825,112.484,0,0,0,0,1,1,1,0.606]}},{"__type__":"cc.Node","_name":"bj","_parent":{"__id__":10},"_components":[{"__type__":"e97baXNkTtEN5txJxjMsMQL","node":{"__id__":13},"_materials":[{"__uuid__":"ecpdLyjvZBwrvm+cedCcQy"}],"_spriteFrame":{"__uuid__":"f7y79NZn9Ny5V9r6BD3zm1"},"_sizeMode":0}],"_prefab":{"__type__":"cc.PrefabInfo","root":{"__id__":1},"asset":{"__uuid__":"61tKi0071IZb3QmnpIdqVy"},"fileId":"50TWeGe9lCOoqeSZv2NXUk"},"_contentSize":{"__type__":"cc.Size","width":269,"height":70},"_trs":{"__type__":"TypedArray","ctor":"Float64Array","array":[203.791,258.178,0,0,0,0,1,1,1,1]}},{"__type__":"cc.Node","_name":"label","_parent":{"__id__":10},"_components":[{"__type__":"169900iLpFDSrelEizBDC4Z","node":{"__id__":14},"_materials":[{"__uuid__":"ecpdLyjvZBwrvm+cedCcQy"}],"_string":"奖励","_N$string":"奖励","_fontSize":38,"_N$horizontalAlign":1,"_N$verticalAlign":1}],"_prefab":{"__type__":"cc.PrefabInfo","root":{"__id__":1},"asset":{"__uuid__":"61tKi0071IZb3QmnpIdqVy"},"fileId":"d3nacmS3tBvZBkKtsrpn32"},"_contentSize":{"__type__":"cc.Size","width":76,"height":50.4},"_trs":{"__type__":"TypedArray","ctor":"Float64Array","array":[202.651,260.847,0,0,0,0,1,1,1,1]}},{"__type__":"cc.Node","_name":"shipinglogo","_parent":{"__id__":10},"_components":[{"__type__":"e97baXNkTtEN5txJxjMsMQL","node":{"__id__":15},"_materials":[{"__uuid__":"ecpdLyjvZBwrvm+cedCcQy"}],"_spriteFrame":{"__uuid__":"c2SNIUPZRFvIrG1JW/Qe7Z"}}],"_prefab":{"__type__":"cc.PrefabInfo","root":{"__id__":1},"asset":{"__uuid__":"61tKi0071IZb3QmnpIdqVy"},"fileId":"19zbOUDaJJyIAAqDHbf+69"},"_contentSize":{"__type__":"cc.Size","width":66,"height":50},"_trs":{"__type__":"TypedArray","ctor":"Float64Array","array":[-44.995,71.021,0,0,0,0,1,1,1,1]}},{"__type__":"cc.Node","_name":"shipinglogo","_parent":{"__id__":10},"_components":[{"__type__":"e97baXNkTtEN5txJxjMsMQL","node":{"__id__":16},"_materials":[{"__uuid__":"ecpdLyjvZBwrvm+cedCcQy"}],"_spriteFrame":{"__uuid__":"c2SNIUPZRFvIrG1JW/Qe7Z"}}],"_prefab":{"__type__":"cc.PrefabInfo","root":{"__id__":1},"asset":{"__uuid__":"61tKi0071IZb3QmnpIdqVy"},"fileId":"c3ESLAwhFOArKj8wLsOcog"},"_contentSize":{"__type__":"cc.Size","width":66,"height":50},"_trs":{"__type__":"TypedArray","ctor":"Float64Array","array":[208.306,71.021,0,0,0,0,1,1,1,1]}},{"__type__":"cc.Node","_name":"shipinglogo","_parent":{"__id__":10},"_components":[{"__type__":"e97baXNkTtEN5txJxjMsMQL","node":{"__id__":17},"_materials":[{"__uuid__":"ecpdLyjvZBwrvm+cedCcQy"}],"_spriteFrame":{"__uuid__":"c2SNIUPZRFvIrG1JW/Qe7Z"}}],"_prefab":{"__type__":"cc.PrefabInfo","root":{"__id__":1},"asset":{"__uuid__":"61tKi0071IZb3QmnpIdqVy"},"fileId":"fcDhDY18FG4rgM0SM1Fktb"},"_contentSize":{"__type__":"cc.Size","width":66,"height":50},"_trs":{"__type__":"TypedArray","ctor":"Float64Array","array":[462.611,71.021,0,0,0,0,1,1,1,1]}},{"__type__":"cc.Node","_name":"shipinglogo","_parent":{"__id__":10},"_components":[{"__type__":"e97baXNkTtEN5txJxjMsMQL","node":{"__id__":18},"_materials":[{"__uuid__":"ecpdLyjvZBwrvm+cedCcQy"}],"_spriteFrame":{"__uuid__":"c2SNIUPZRFvIrG1JW/Qe7Z"}}],"_prefab":{"__type__":"cc.PrefabInfo","root":{"__id__":1},"asset":{"__uuid__":"61tKi0071IZb3QmnpIdqVy"},"fileId":"38E9lFAb9F75vnaZCujuwj"},"_contentSize":{"__type__":"cc.Size","width":66,"height":50},"_trs":{"__type__":"TypedArray","ctor":"Float64Array","array":[-44.995,-120.965,0,0,0,0,1,1,1,1]}},{"__type__":"cc.Node","_name":"shipinglogo","_parent":{"__id__":10},"_components":[{"__type__":"e97baXNkTtEN5txJxjMsMQL","node":{"__id__":19},"_materials":[{"__uuid__":"ecpdLyjvZBwrvm+cedCcQy"}],"_spriteFrame":{"__uuid__":"c2SNIUPZRFvIrG1JW/Qe7Z"}}],"_prefab":{"__type__":"cc.PrefabInfo","root":{"__id__":1},"asset":{"__uuid__":"61tKi0071IZb3QmnpIdqVy"},"fileId":"6dS39pmPhI7r7G0/PuLw1j"},"_contentSize":{"__type__":"cc.Size","width":66,"height":50},"_trs":{"__type__":"TypedArray","ctor":"Float64Array","array":[159.209,-123.98,0,0,0,0,1,1,1,1]}},{"__type__":"cc.Node","_name":"shipinglogo","_parent":{"__id__":10},"_components":[{"__type__":"e97baXNkTtEN5txJxjMsMQL","node":{"__id__":20},"_materials":[{"__uuid__":"ecpdLyjvZBwrvm+cedCcQy"}],"_spriteFrame":{"__uuid__":"c2SNIUPZRFvIrG1JW/Qe7Z"}}],"_prefab":{"__type__":"cc.PrefabInfo","root":{"__id__":1},"asset":{"__uuid__":"61tKi0071IZb3QmnpIdqVy"},"fileId":"c6pTebd09CUbDcvkfOvpz4"},"_contentSize":{"__type__":"cc.Size","width":66,"height":50},"_trs":{"__type__":"TypedArray","ctor":"Float64Array","array":[337.557,-124.985,0,0,0,0,1,1,1,1]}},{"__type__":"cc.Node","_name":"jinbi","_parent":{"__id__":10},"_components":[{"__type__":"e97baXNkTtEN5txJxjMsMQL","node":{"__id__":21},"_materials":[{"__uuid__":"ecpdLyjvZBwrvm+cedCcQy"}],"_spriteFrame":{"__uuid__":"danixwiSNFLL2Nb2stdFF9"},"_sizeMode":0}],"_prefab":{"__type__":"cc.PrefabInfo","root":{"__id__":1},"asset":{"__uuid__":"61tKi0071IZb3QmnpIdqVy"},"fileId":"ceXcwVBdtIeafXBAw2heRy"},"_contentSize":{"__type__":"cc.Size","width":20,"height":20},"_trs":{"__type__":"TypedArray","ctor":"Float64Array","array":[118.809,-58.173,0,0,0,0,1,1,1,1]}},{"__type__":"cc.Node","_name":"label","_parent":{"__id__":10},"_components":[{"__type__":"169900iLpFDSrelEizBDC4Z","node":{"__id__":22},"_materials":[{"__uuid__":"ecpdLyjvZBwrvm+cedCcQy"}],"_string":"1000","_N$string":"1000","_fontSize":22,"_N$horizontalAlign":1,"_N$verticalAlign":1,"_N$cacheMode":2}],"_prefab":{"__type__":"cc.PrefabInfo","root":{"__id__":1},"asset":{"__uuid__":"61tKi0071IZb3QmnpIdqVy"},"fileId":"97JPh+qsFFWJaIobpjWwJx"},"_contentSize":{"__type__":"cc.Size","width":48.96,"height":40},"_trs":{"__type__":"TypedArray","ctor":"Float64Array","array":[354.683,-59.919,0,0,0,0,1,1,1,1]}},{"__type__":"cc.Node","_name":"zs","_parent":{"__id__":10},"_components":[{"__type__":"e97baXNkTtEN5txJxjMsMQL","node":{"__id__":23},"_materials":[{"__uuid__":"ecpdLyjvZBwrvm+cedCcQy"}],"_spriteFrame":{"__uuid__":"b7e46YmdRJybSWqAwrdfOB"},"_sizeMode":0}],"_prefab":{"__type__":"cc.PrefabInfo","root":{"__id__":1},"asset":{"__uuid__":"61tKi0071IZb3QmnpIdqVy"},"fileId":"074bbMuj9Li6qXDKQh7zWU"},"_contentSize":{"__type__":"cc.Size","width":29,"height":38},"_trs":{"__type__":"TypedArray","ctor":"Float64Array","array":[308.678,-58.938,0,0,0,0,1,1,1,1]}},{"__type__":"cc.Node","_name":"wuqi_ske","_parent":{"__id__":10},"_components":[{"__type__":"e5296PHi0NFCIo2EFCDm+CX","node":{"__id__":24},"_materials":[{"__uuid__":"ecpdLyjvZBwrvm+cedCcQy"}],"_armatureName":"暴鲨","_animationName":"newAnimation","_preCacheMode":0,"_armatureKey":"20670c2c-732d-4907-8720-db9b8e881a11#45c00015-13d2-4839-8759-88050e1a46f2","_N$dragonAsset":{"__uuid__":"20Zwwscy1JB4cg25uOiBoR"},"_N$dragonAtlasAsset":{"__uuid__":"45wAAVE9JIOYdZiAUOGkby"}}],"_prefab":{"__type__":"cc.PrefabInfo","root":{"__id__":1},"asset":{"__uuid__":"61tKi0071IZb3QmnpIdqVy"},"fileId":"c0T/hrqGpCtp7ibzQd64bU"},"_contentSize":{"__type__":"cc.Size","width":43,"height":169},"_trs":{"__type__":"TypedArray","ctor":"Float64Array","array":[-83.403,-32.291,0,0,0,0.45374166608116234,0.8911332675093502,1,1,1]},"_eulerAngles":{"__type__":"cc.Vec3","z":53.968}},{"__type__":"cc.Node","_name":"wuqi_ske","_parent":{"__id__":10},"_components":[{"__type__":"e5296PHi0NFCIo2EFCDm+CX","node":{"__id__":25},"_materials":[{"__uuid__":"ecpdLyjvZBwrvm+cedCcQy"}],"_armatureName":"金属狼牙棒","_animationName":"newAnimation","_preCacheMode":0,"_armatureKey":"20670c2c-732d-4907-8720-db9b8e881a11#45c00015-13d2-4839-8759-88050e1a46f2","_N$dragonAsset":{"__uuid__":"20Zwwscy1JB4cg25uOiBoR"},"_N$dragonAtlasAsset":{"__uuid__":"45wAAVE9JIOYdZiAUOGkby"}}],"_prefab":{"__type__":"cc.PrefabInfo","root":{"__id__":1},"asset":{"__uuid__":"61tKi0071IZb3QmnpIdqVy"},"fileId":"780QDeeXxFkZUucFZM6tUB"},"_contentSize":{"__type__":"cc.Size","width":46,"height":146},"_trs":{"__type__":"TypedArray","ctor":"Float64Array","array":[417.408,167.372,0,0,0,0.45374166608116234,0.8911332675093502,1,1,1]},"_eulerAngles":{"__type__":"cc.Vec3","z":53.968}},{"__type__":"cc.Node","_name":"label","_parent":{"__id__":10},"_components":[{"__type__":"169900iLpFDSrelEizBDC4Z","node":{"__id__":26},"_materials":[{"__uuid__":"ecpdLyjvZBwrvm+cedCcQy"}],"_string":"20000","_N$string":"20000","_fontSize":22,"_N$horizontalAlign":1,"_N$verticalAlign":1,"_N$cacheMode":2}],"_prefab":{"__type__":"cc.PrefabInfo","root":{"__id__":1},"asset":{"__uuid__":"61tKi0071IZb3QmnpIdqVy"},"fileId":"edlczlNOxD9L7OcQuz72eB"},"_contentSize":{"__type__":"cc.Size","width":61.2,"height":40},"_trs":{"__type__":"TypedArray","ctor":"Float64Array","array":[173.745,-59.578,0,0,0,0,1,1,1,1]}},{"__type__":"cc.Node","_name":"label","_parent":{"__id__":10},"_components":[{"__type__":"169900iLpFDSrelEizBDC4Z","node":{"__id__":27},"_materials":[{"__uuid__":"ecpdLyjvZBwrvm+cedCcQy"}],"_string":"Atk:50","_N$string":"Atk:50","_fontSize":20,"_N$horizontalAlign":1,"_N$verticalAlign":1}],"_prefab":{"__type__":"cc.PrefabInfo","root":{"__id__":1},"asset":{"__uuid__":"61tKi0071IZb3QmnpIdqVy"},"fileId":"55hZT/SSRAdpnukbOT4fGJ"},"_contentSize":{"__type__":"cc.Size","width":56.7,"height":50.4},"_trs":{"__type__":"TypedArray","ctor":"Float64Array","array":[19.087,-34.299,0,0,0,0,1,1,1,1]}},{"__type__":"cc.Node","_name":"label","_parent":{"__id__":10},"_components":[{"__type__":"169900iLpFDSrelEizBDC4Z","node":{"__id__":28},"_materials":[{"__uuid__":"ecpdLyjvZBwrvm+cedCcQy"}],"_string":"lv:30","_N$string":"lv:30","_fontSize":20,"_N$horizontalAlign":1,"_N$verticalAlign":1}],"_prefab":{"__type__":"cc.PrefabInfo","root":{"__id__":1},"asset":{"__uuid__":"61tKi0071IZb3QmnpIdqVy"},"fileId":"f4RS3XxWlG+6qYy8rHnglF"},"_contentSize":{"__type__":"cc.Size","width":42.25,"height":50.4},"_trs":{"__type__":"TypedArray","ctor":"Float64Array","array":[-114.463,-95.814,0,0,0,0,1,1,1,1]}},{"__type__":"cc.Node","_name":"label","_parent":{"__id__":10},"_components":[{"__type__":"169900iLpFDSrelEizBDC4Z","node":{"__id__":29},"_materials":[{"__uuid__":"ecpdLyjvZBwrvm+cedCcQy"}],"_string":"lv:30","_N$string":"lv:30","_fontSize":20,"_N$horizontalAlign":1,"_N$verticalAlign":1}],"_prefab":{"__type__":"cc.PrefabInfo","root":{"__id__":1},"asset":{"__uuid__":"61tKi0071IZb3QmnpIdqVy"},"fileId":"61T1cUfLlBjZb9r+9KHAaw"},"_contentSize":{"__type__":"cc.Size","width":42.25,"height":50.4},"_trs":{"__type__":"TypedArray","ctor":"Float64Array","array":[383.747,97.57,0,0,0,0,1,1,1,1]}},{"__type__":"cc.Node","_name":"label","_parent":{"__id__":10},"_components":[{"__type__":"169900iLpFDSrelEizBDC4Z","node":{"__id__":30},"_materials":[{"__uuid__":"ecpdLyjvZBwrvm+cedCcQy"}],"_string":"Atk:50","_N$string":"Atk:50","_fontSize":20,"_N$horizontalAlign":1,"_N$verticalAlign":1}],"_prefab":{"__type__":"cc.PrefabInfo","root":{"__id__":1},"asset":{"__uuid__":"61tKi0071IZb3QmnpIdqVy"},"fileId":"e98pwGGNpAtJ5+XCawPIIo"},"_contentSize":{"__type__":"cc.Size","width":56.7,"height":50.4},"_trs":{"__type__":"TypedArray","ctor":"Float64Array","array":[526.038,162.363,0,0,0,0,1,1,1,1]}},{"__type__":"cc.Node","_name":"shipinglogo","_parent":{"__id__":10},"_components":[{"__type__":"e97baXNkTtEN5txJxjMsMQL","node":{"__id__":31},"_materials":[{"__uuid__":"ecpdLyjvZBwrvm+cedCcQy"}],"_spriteFrame":{"__uuid__":"c2SNIUPZRFvIrG1JW/Qe7Z"}}],"_prefab":{"__type__":"cc.PrefabInfo","root":{"__id__":1},"asset":{"__uuid__":"61tKi0071IZb3QmnpIdqVy"},"fileId":"caW9shb+tNdKMgOf5eZnJr"},"_contentSize":{"__type__":"cc.Size","width":66,"height":50},"_trs":{"__type__":"TypedArray","ctor":"Float64Array","array":[514.982,-124.985,0,0,0,0,1,1,1,1]}},{"__type__":"cc.Node","_name":"shengji","_parent":{"__id__":10},"_components":[{"__type__":"e97baXNkTtEN5txJxjMsMQL","node":{"__id__":32},"_materials":[{"__uuid__":"ecpdLyjvZBwrvm+cedCcQy"}],"_spriteFrame":{"__uuid__":"9fvBfM75ZDKK0nF0F3k32D"}}],"_prefab":{"__type__":"cc.PrefabInfo","root":{"__id__":1},"asset":{"__uuid__":"61tKi0071IZb3QmnpIdqVy"},"fileId":"a97UVjrHZAKJwolecVUfxf"},"_contentSize":{"__type__":"cc.Size","width":180,"height":41},"_trs":{"__type__":"TypedArray","ctor":"Float64Array","array":[511,-57.256,0,0,0,0,1,0.7,0.7,1]}}]