[{"__type__":"cc.Prefab","_name":"jianqi","data":{"__id__":1}},{"__type__":"cc.Node","_name":"jianqi","_components":[{"__type__":"e97baXNkTtEN5txJxjMsMQL","node":{"__id__":1},"_materials":[{"__uuid__":"ecpdLyjvZBwrvm+cedCcQy"}],"_srcBlendFactor":1,"_spriteFrame":{"__uuid__":"024rQU/ipF4qscITCJYegt"}},{"__type__":"cc.BoxCollider","node":{"__id__":1},"tag":1,"_offset":{"__type__":"cc.Vec2","x":61},"_size":{"__type__":"cc.Size","width":150,"height":242}}],"_prefab":{"__type__":"cc.PrefabInfo","root":{"__id__":1}},"_contentSize":{"__type__":"cc.Size","width":272,"height":242},"_trs":{"__type__":"TypedArray","ctor":"Float64Array","array":[510.277,358.547,0,0,0,0,1,1,1,1]},"_groupIndex":6,"groupIndex":6}]