{"__type__":"dragonBones.DragonBonesAtlasAsset","_name":"wuqi_tex","_atlasJson":"{\"SubTexture\":[{\"width\":27,\"y\":1,\"height\":159,\"name\":\"wuqi1\",\"x\":308},{\"width\":46,\"y\":1,\"height\":146,\"name\":\"wuqi5\",\"x\":96},{\"width\":21,\"y\":1,\"height\":141,\"name\":\"wuqi3\",\"x\":392},{\"width\":26,\"y\":1,\"height\":161,\"name\":\"wuqi0\",\"x\":337},{\"y\":149,\"frameX\":-1,\"frameHeight\":53,\"frameY\":0,\"width\":42,\"frameWidth\":43,\"height\":52,\"name\":\"yaoshui1\",\"x\":96},{\"width\":43,\"y\":162,\"height\":56,\"name\":\"lvyaoshui\",\"x\":273},{\"y\":162,\"frameX\":-2,\"frameHeight\":64,\"frameY\":-1,\"width\":41,\"frameWidth\":43,\"height\":63,\"name\":\"ziyaoshui\",\"x\":1},{\"width\":25,\"y\":1,\"height\":159,\"name\":\"wuqi4\",\"x\":365},{\"width\":46,\"y\":1,\"height\":146,\"name\":\"wuqi2\",\"x\":144},{\"width\":40,\"y\":1,\"height\":161,\"name\":\"wuqi6\",\"x\":192},{\"width\":37,\"y\":1,\"height\":160,\"name\":\"wuqi7\",\"x\":234},{\"width\":33,\"y\":1,\"height\":155,\"name\":\"wuqi8\",\"x\":273},{\"width\":43,\"y\":1,\"height\":169,\"name\":\"wuqi9\",\"x\":51},{\"width\":48,\"y\":1,\"height\":159,\"name\":\"wuqi10\",\"x\":1}],\"width\":512,\"imagePath\":\"wuqi_tex.png\",\"height\":256,\"name\":\"wuqi\"}","_texture":{"__uuid__":"309aetwRBM7o2rHjW2hbtU"},"texture":{"__uuid__":"309aetwRBM7o2rHjW2hbtU"}}