{"__type__":"dragonBones.DragonBonesAtlasAsset","_name":"hero_pifu_tex","_atlasJson":"{\"SubTexture\":[{\"width\":129,\"y\":1,\"height\":132,\"name\":\"yingzi\",\"x\":219},{\"width\":15,\"y\":336,\"height\":45,\"name\":\"右手\",\"x\":57},{\"width\":15,\"y\":258,\"height\":50,\"name\":\"右肩 皮肤1\",\"x\":199},{\"width\":17,\"y\":186,\"height\":70,\"name\":\"身体皮肤1\",\"x\":199},{\"width\":15,\"y\":300,\"height\":60,\"name\":\"右大腿\",\"x\":470},{\"width\":16,\"y\":320,\"height\":60,\"name\":\"右脚皮肤1\",\"x\":452},{\"width\":15,\"y\":444,\"height\":60,\"name\":\"左大腿\",\"x\":452},{\"width\":16,\"y\":238,\"height\":60,\"name\":\"左脚 皮肤1\",\"x\":434},{\"width\":16,\"y\":310,\"height\":45,\"name\":\"左手皮肤1\",\"x\":216},{\"width\":28,\"y\":63,\"height\":50,\"name\":\"左肩皮肤1\",\"x\":479},{\"width\":40,\"y\":294,\"height\":40,\"name\":\"头2\",\"x\":122},{\"y\":135,\"frameX\":-18,\"frameHeight\":82,\"frameY\":0,\"width\":123,\"frameWidth\":141,\"height\":82,\"name\":\"da1xin\",\"x\":219},{\"width\":127,\"y\":1,\"height\":124,\"name\":\"da2xin\",\"x\":350},{\"width\":216,\"y\":1,\"height\":183,\"name\":\"da3xin\",\"x\":1},{\"y\":127,\"frameX\":0,\"frameHeight\":169,\"frameY\":-3,\"width\":82,\"frameWidth\":82,\"height\":166,\"name\":\"da4xin\",\"x\":350},{\"width\":62,\"y\":275,\"height\":36,\"name\":\"pz\",\"x\":1},{\"width\":24,\"y\":486,\"height\":24,\"name\":\"透明\",\"x\":486},{\"width\":21,\"y\":186,\"height\":141,\"name\":\"wuqi3\",\"x\":176},{\"y\":383,\"frameX\":0,\"frameHeight\":23,\"frameY\":-1,\"width\":20,\"frameWidth\":20,\"height\":22,\"name\":\"拳套1\",\"x\":487},{\"y\":186,\"frameX\":0,\"frameHeight\":91,\"frameY\":-2,\"width\":91,\"frameWidth\":91,\"height\":87,\"name\":\"jinengzt\",\"x\":1},{\"width\":26,\"y\":219,\"height\":27,\"name\":\"jiankang\",\"x\":218},{\"width\":25,\"y\":1,\"height\":60,\"name\":\"披风皮肤2\",\"x\":479},{\"width\":26,\"y\":313,\"height\":50,\"name\":\"右肩 皮肤2\",\"x\":29},{\"width\":15,\"y\":186,\"height\":70,\"name\":\"身体皮肤2\",\"x\":458},{\"width\":15,\"y\":444,\"height\":60,\"name\":\"右脚\",\"x\":469},{\"width\":15,\"y\":362,\"height\":60,\"name\":\"左脚\",\"x\":470},{\"width\":15,\"y\":248,\"height\":45,\"name\":\"左手\",\"x\":250},{\"width\":28,\"y\":239,\"height\":50,\"name\":\"左肩皮肤2\",\"x\":140},{\"width\":80,\"y\":186,\"height\":51,\"name\":\"头2皮肤2\",\"x\":94},{\"width\":16,\"y\":336,\"height\":45,\"name\":\"右手皮肤3\",\"x\":182},{\"width\":15,\"y\":258,\"height\":50,\"name\":\"右肩\",\"x\":216},{\"width\":15,\"y\":115,\"height\":70,\"name\":\"身体\",\"x\":496},{\"width\":16,\"y\":329,\"height\":45,\"name\":\"左手皮肤3\",\"x\":164},{\"width\":15,\"y\":186,\"height\":50,\"name\":\"左肩\",\"x\":475},{\"width\":60,\"y\":127,\"height\":57,\"name\":\"头2 皮肤3\",\"x\":434},{\"width\":16,\"y\":238,\"height\":60,\"name\":\"右脚皮肤4\",\"x\":475},{\"width\":15,\"y\":321,\"height\":60,\"name\":\"左大腿皮肤4\",\"x\":487},{\"width\":55,\"y\":294,\"height\":40,\"name\":\"头2 皮肤4\",\"x\":65},{\"width\":15,\"y\":365,\"height\":45,\"name\":\"右手皮肤5\",\"x\":1},{\"width\":22,\"y\":186,\"height\":50,\"name\":\"右肩 皮肤5\",\"x\":434},{\"width\":15,\"y\":187,\"height\":70,\"name\":\"身体皮肤5\",\"x\":496},{\"width\":16,\"y\":259,\"height\":60,\"name\":\"右大腿皮肤5\",\"x\":493},{\"width\":15,\"y\":424,\"height\":60,\"name\":\"右脚皮肤5\",\"x\":486},{\"width\":16,\"y\":382,\"height\":60,\"name\":\"左大腿皮肤5\",\"x\":452},{\"width\":16,\"y\":258,\"height\":60,\"name\":\"左脚 皮肤5\",\"x\":452},{\"width\":15,\"y\":248,\"height\":45,\"name\":\"左手皮肤5\",\"x\":233},{\"width\":26,\"y\":313,\"height\":50,\"name\":\"左肩皮肤5\",\"x\":1},{\"width\":44,\"y\":239,\"height\":53,\"name\":\"头2 皮肤5\",\"x\":94}],\"width\":512,\"imagePath\":\"hero_pifu_tex.png\",\"height\":512,\"name\":\"hero_pifu\"}","_texture":{"__uuid__":"c6w+EO6dZJHYUz6aZcc3mZ"},"texture":{"__uuid__":"c6w+EO6dZJHYUz6aZcc3mZ"}}