[{"__type__":"cc.Prefab","_name":"yan1","data":{"__id__":1}},{"__type__":"cc.Node","_name":"yan1","_children":[{"__id__":2}],"_prefab":{"__type__":"cc.PrefabInfo","root":{"__id__":1},"fileId":"fasK8slklB+oaZesCnqbMR"},"_trs":{"__type__":"TypedArray","ctor":"Float64Array","array":[0,0,0,0,0,0,1,1,1,1]}},{"__type__":"cc.Node","_name":"dh","_parent":{"__id__":1},"_components":[{"__type__":"e97baXNkTtEN5txJxjMsMQL","node":{"__id__":2},"_materials":[{"__uuid__":"ecpdLyjvZBwrvm+cedCcQy"}],"_spriteFrame":{"__uuid__":"b4ZNiFc8RPsIcCAGdobkbQ"}},{"__type__":"cc.Animation","node":{"__id__":2},"_defaultClip":{"__uuid__":"a0yBwClfRDMZ1q4kUPOFbz"},"_clips":[{"__uuid__":"a0yBwClfRDMZ1q4kUPOFbz"}],"playOnLoad":true}],"_prefab":{"__type__":"cc.PrefabInfo","root":{"__id__":1},"fileId":"c3trroHWpJWKz4VDm/4bi5"},"_contentSize":{"__type__":"cc.Size","width":77,"height":27},"_trs":{"__type__":"TypedArray","ctor":"Float64Array","array":[1,12.003,0,0,0,0,1,1.5,1.5,1]}}]