[{"id":1,"name":"单人睡袋","prefab":"Stage_1","cost":1,"capacity":1,"sleepTime":7,"coin":2},{"id":2,"name":"双人帐篷","prefab":"Stage_2","cost":2,"capacity":2,"sleepTime":10,"coin":4},{"id":3,"name":"三人小屋","prefab":"Stage_3","cost":3,"capacity":3,"sleepTime":13,"coin":6},{"id":4,"name":"四人木屋","prefab":"Stage_4","cost":4,"capacity":4,"sleepTime":16,"coin":8},{"id":5,"name":"树屋","prefab":"Stage_5","cost":4,"capacity":4,"sleepTime":16,"coin":8},{"id":6,"name":"蘑菇屋","prefab":"Stage_6","cost":4,"capacity":4,"sleepTime":16,"coin":8}]